t_s,v_odo,w_odo,landmark,range_m,bearing_rad,truth_x,truth_y,truth_th
0.1,0.4051,0.1214,1,7.3518,1.2606,3.0000,0.0500,1.5875
0.2,0.4652,0.0972,2,6.1514,2.5775,2.9992,0.1000,1.6041
0.3,0.4978,0.1937,0,4.0450,-0.3044,2.9975,0.1500,1.6208
0.4,0.4748,0.1950,1,7.2604,1.2258,2.9950,0.1999,1.6375
0.5,0.4370,0.0834,2,6.0824,2.5219,2.9917,0.2498,1.6541
0.6,0.4728,0.1072,0,3.8023,-0.3395,2.9875,0.2996,1.6708
0.7,0.4940,0.2627,1,7.1437,1.3002,2.9825,0.3494,1.6875
0.8,0.5597,0.2079,2,6.0424,2.5215,2.9767,0.3990,1.7041
0.9,0.5280,0.1223,0,3.7346,-0.4333,2.9700,0.4486,1.7208
1.0,0.5241,0.1451,1,7.1508,1.2045,2.9626,0.4980,1.7375
1.1,0.5050,0.2303,2,6.1619,2.4159,2.9543,0.5473,1.7541
1.2,0.5397,0.2415,0,3.4080,-0.4717,2.9452,0.5965,1.7708
1.3,0.5052,0.0371,1,7.0180,1.1755,2.9352,0.6455,1.7875
1.4,0.5831,0.1941,2,6.4618,2.4732,2.9245,0.6943,1.8041
1.5,0.5086,0.1599,0,3.3460,-0.5917,2.9129,0.7430,1.8208
1.6,0.4742,0.0895,1,7.0597,1.1209,2.9006,0.7914,1.8375
1.7,0.5151,0.1822,2,6.4008,2.3770,2.8874,0.8397,1.8541
1.8,0.5124,0.1152,0,3.2648,-0.6590,2.8734,0.8877,1.8708
1.9,0.5228,0.1797,1,6.9659,1.1732,2.8586,0.9354,1.8875
2.0,0.5478,0.2381,2,6.5718,2.3622,2.8431,0.9829,1.9041
2.1,0.4851,0.2608,0,3.0981,-0.7083,2.8267,1.0302,1.9208
2.2,0.3911,0.1677,1,6.7974,1.1260,2.8095,1.0772,1.9375
2.3,0.4945,0.1865,2,6.7102,2.3283,2.7916,1.1238,1.9541
2.4,0.4086,0.1355,0,3.0193,-0.8098,2.7729,1.1702,1.9708
2.5,0.5404,0.0905,1,6.8788,1.0182,2.7535,1.2163,1.9875
2.6,0.5674,0.1441,2,6.8069,2.3053,2.7332,1.2620,2.0041
2.7,0.4971,0.1489,0,2.9222,-0.9489,2.7122,1.3074,2.0208
2.8,0.5177,0.1620,1,6.7806,0.9810,2.6905,1.3524,2.0375
2.9,0.4847,0.0921,2,6.9612,2.2169,2.6680,1.3970,2.0541
3.0,0.4651,0.1459,0,2.9500,-0.9439,2.6447,1.4413,2.0708
3.1,0.5157,0.1136,1,6.7174,0.9663,2.6208,1.4852,2.0875
3.2,0.4013,0.0559,2,7.2914,2.2794,2.5961,1.5287,2.1041
3.3,0.5711,0.2413,0,2.9823,-1.1117,2.5707,1.5717,2.1208
3.4,0.5331,0.0726,1,6.2225,0.9952,2.5445,1.6143,2.1375
3.5,0.5859,0.1639,2,7.0974,2.1720,2.5177,1.6565,2.1541
3.6,0.4917,0.1164,0,2.7571,-1.2122,2.4901,1.6983,2.1708
3.7,0.5975,0.1703,1,6.5385,0.8942,2.4619,1.7395,2.1875
3.8,0.5043,0.2097,2,7.1437,2.1274,2.4330,1.7803,2.2041
3.9,0.4562,0.1317,0,2.7391,-1.2790,2.4034,1.8206,2.2208
4.0,0.5300,0.2174,1,6.3086,0.8786,2.3731,1.8604,2.2375
4.1,0.5005,0.1205,2,7.5321,2.0886,2.3422,1.8997,2.2541
4.2,0.4039,0.1557,0,2.9841,-1.4594,2.3106,1.9385,2.2708
4.3,0.4973,0.2099,1,6.2741,0.9232,2.2784,1.9767,2.2875
4.4,0.5135,0.1801,2,7.2661,2.1589,2.2456,2.0144,2.3041
4.5,0.4296,0.2137,0,2.6594,-1.4626,2.2121,2.0516,2.3208
4.6,0.4936,0.2174,1,6.2052,0.7846,2.1780,2.0882,2.3375
4.7,0.5302,0.2207,2,7.4871,2.0150,2.1434,2.1242,2.3541
4.8,0.6027,0.1405,0,2.7127,-1.6386,2.1081,2.1596,2.3708
4.9,0.5154,0.1974,1,5.9392,0.7846,2.0722,2.1944,2.3875
5.0,0.4564,0.2273,2,7.5214,2.0541,2.0358,2.2287,2.4041
5.1,0.4945,0.1948,0,2.5540,-1.6925,1.9988,2.2623,2.4208
5.2,0.4780,0.2333,1,5.9620,0.7519,1.9612,2.2953,2.4375
5.3,0.5289,0.0728,2,7.4691,1.9910,1.9231,2.3277,2.4541
5.4,0.4913,0.1559,0,2.6331,-1.7458,1.8844,2.3594,2.4708
5.5,0.6267,0.2071,1,5.9458,0.7192,1.8453,2.3905,2.4875
5.6,0.3474,0.2063,2,7.5427,1.9697,1.8056,2.4209,2.5041
5.7,0.5422,0.1870,0,2.7890,-1.9231,1.7654,2.4506,2.5208
5.8,0.5225,0.1381,1,5.6474,0.6964,1.7247,2.4797,2.5375
5.9,0.4768,0.2362,2,7.6456,1.9058,1.6836,2.5081,2.5541
6.0,0.5050,0.1167,0,2.8156,-1.9966,1.6420,2.5358,2.5708
6.1,0.5246,0.1449,1,5.6435,0.6573,1.5999,2.5629,2.5875
6.2,0.5512,0.2176,2,7.8327,1.9375,1.5574,2.5892,2.6041
6.3,0.4884,0.2702,0,2.7683,-2.1321,1.5144,2.6148,2.6208
6.4,0.5224,0.1554,1,5.4750,0.6145,1.4711,2.6396,2.6375
6.5,0.5508,0.2174,2,7.8203,1.8675,1.4273,2.6638,2.6541
6.6,0.5241,0.1173,0,2.9871,-2.2453,1.3831,2.6872,2.6708
6.7,0.4200,0.2322,1,5.2662,0.5709,1.3385,2.7099,2.6875
6.8,0.5654,0.1379,2,7.8303,1.9055,1.2936,2.7318,2.7041
6.9,0.4700,0.0961,0,3.0086,-2.2572,1.2483,2.7530,2.7208
7.0,0.5564,0.1357,1,5.3078,0.5560,1.2027,2.7734,2.7375
7.1,0.5098,0.2085,2,7.8356,1.7706,1.1567,2.7931,2.7541
7.2,0.5329,0.2728,0,3.2047,-2.3971,1.1104,2.8120,2.7708
7.3,0.6207,0.1785,1,5.0985,0.4892,1.0638,2.8301,2.7875
7.4,0.4397,0.1566,2,7.9054,1.8237,1.0169,2.8475,2.8041
7.5,0.5035,0.1099,0,3.2511,-2.4029,0.9697,2.8640,2.8208
7.6,0.5760,0.1942,1,4.9069,0.5086,0.9223,2.8798,2.8375
7.7,0.4865,0.1575,2,7.9351,1.7307,0.8746,2.8947,2.8541
7.8,0.5443,0.1895,0,3.2235,-2.5346,0.8266,2.9089,2.8708
7.9,0.4970,0.1894,1,4.7831,0.4730,0.7785,2.9223,2.8875
8.0,0.5499,0.2646,2,7.9674,1.7695,0.7301,2.9349,2.9041
8.1,0.4808,0.2103,0,3.4032,-2.6181,0.6815,2.9466,2.9208
8.2,0.5049,0.1299,1,4.8648,0.3540,0.6327,2.9576,2.9375
8.3,0.4959,0.2095,2,8.0276,1.6716,0.5837,2.9677,2.9541
8.4,0.4799,0.1857,0,3.5328,-2.7487,0.5346,2.9770,2.9708
8.5,0.5092,0.1276,1,4.8523,0.3313,0.4853,2.9855,2.9875
8.6,0.5499,0.2272,2,7.6005,1.6944,0.4359,2.9932,3.0041
8.7,0.4734,0.1709,0,3.6122,-2.7622,0.3864,3.0001,3.0208
8.8,0.5093,0.1170,1,4.5799,0.3978,0.3368,3.0061,3.0375
8.9,0.5219,0.1240,2,8.0817,1.5697,0.2870,3.0113,3.0541
9.0,0.5500,0.1617,0,3.9859,-2.8400,0.2372,3.0156,3.0708
9.1,0.4516,0.1968,1,4.3998,0.2691,0.1873,3.0192,3.0875
9.2,0.4651,0.2048,2,8.2657,1.5773,0.1374,3.0219,3.1041
9.3,0.4001,0.2342,0,4.0641,-2.8330,0.0874,3.0238,3.1208
9.4,0.4981,0.1391,1,4.1613,0.2884,0.0375,3.0248,3.1375
9.5,0.5670,0.1680,2,8.0899,1.5582,-0.0125,3.0250,-3.1291
9.6,0.6129,0.1870,0,4.1133,-2.9402,-0.0625,3.0244,-3.1124
9.7,0.4569,0.2128,1,3.8821,0.1639,-0.1125,3.0229,-3.0957
9.8,0.4188,0.2177,2,7.9942,1.5583,-0.1625,3.0206,-3.0791
9.9,0.5765,0.1602,0,4.3172,-3.0004,-0.2124,3.0175,-3.0624
10.0,0.4330,0.1546,1,3.9402,0.1410,-0.2622,3.0135,-3.0457
10.1,0.4557,0.1863,2,8.1652,1.5231,-0.3120,3.0088,-3.0291
10.2,0.5193,0.1752,0,4.3372,-3.0238,-0.3617,3.0031,-3.0124
10.3,0.5299,0.2732,1,3.7104,0.1336,-0.4112,2.9967,-2.9957
10.4,0.3463,0.1728,2,8.0495,1.5076,-0.4607,2.9894,-2.9791
10.5,0.4494,0.2180,0,4.6559,-3.1361,-0.5101,2.9813,-2.9624
10.6,0.4538,0.1509,1,3.3538,0.0644,-0.5593,2.9724,-2.9457
10.7,0.4905,0.2892,2,8.0798,1.4703,-0.6083,2.9627,-2.9291
10.8,0.5704,0.2196,0,4.7889,-3.1185,-0.6572,2.9522,-2.9124
10.9,0.5103,0.1697,1,3.1550,0.0444,-0.7059,2.9408,-2.8957
11.0,0.5092,0.1376,2,7.9642,1.4027,-0.7544,2.9286,-2.8791
11.1,0.4297,0.1083,0,5.0033,3.0808,-0.8027,2.9156,-2.8624
11.2,0.4946,0.1597,1,3.2185,-0.0056,-0.8507,2.9019,-2.8457
11.3,0.5211,0.2000,2,7.9668,1.3287,-0.8985,2.8873,-2.8291
11.4,0.4935,0.2195,0,5.0531,2.9803,-0.9461,2.8719,-2.8124
11.5,0.4303,0.1199,1,3.0465,-0.0688,-0.9934,2.8558,-2.7957
11.6,0.5112,0.0965,2,7.8387,1.3173,-1.0405,2.8388,-2.7791
11.7,0.4830,0.0777,0,5.2875,2.9850,-1.0872,2.8211,-2.7624
11.8,0.5446,0.2071,1,2.9766,-0.0966,-1.1337,2.8026,-2.7457
11.9,0.5803,0.1949,2,7.9764,1.2803,-1.1798,2.7833,-2.7291
12.0,0.4398,0.1369,0,5.2717,2.9091,-1.2256,2.7632,-2.7124
12.1,0.5262,0.0872,1,2.6810,-0.1520,-1.2711,2.7424,-2.6957
12.2,0.5718,0.1329,2,7.9795,1.3283,-1.3162,2.7209,-2.6791
12.3,0.5905,0.2689,0,5.4503,2.9260,-1.3609,2.6986,-2.6624
12.4,0.4211,0.1819,1,2.8059,-0.1808,-1.4053,2.6755,-2.6457
12.5,0.5732,0.0974,2,7.7048,1.2010,-1.4493,2.6517,-2.6291
12.6,0.5169,0.1697,0,5.5434,2.8143,-1.4929,2.6272,-2.6124
12.7,0.4729,0.1499,1,2.3996,-0.2966,-1.5360,2.6019,-2.5957
12.8,0.4566,0.2368,2,7.8321,1.1626,-1.5787,2.5760,-2.5791
12.9,0.5410,0.1712,0,5.7719,2.8496,-1.6210,2.5493,-2.5624
13.0,0.5826,0.1683,1,2.5855,-0.4175,-1.6629,2.5220,-2.5457
13.1,0.5123,0.2308,2,7.6818,1.1385,-1.7043,2.4939,-2.5291
13.2,0.5597,0.1860,0,6.0214,2.7720,-1.7452,2.4651,-2.5124
13.3,0.5503,0.1410,1,2.0817,-0.4621,-1.7856,2.4357,-2.4957
13.4,0.4346,0.2124,2,7.5369,1.1594,-1.8255,2.4056,-2.4791
13.5,0.5748,0.1742,0,6.2489,2.7502,-1.8650,2.3749,-2.4624
13.6,0.4935,0.0877,1,2.0345,-0.4582,-1.9039,2.3435,-2.4457
13.7,0.4906,0.1140,2,7.6555,1.1364,-1.9422,2.3114,-2.4291
13.8,0.5203,0.1914,0,6.3694,2.7172,-1.9801,2.2787,-2.4124
13.9,0.5231,0.2106,1,2.0227,-0.6466,-2.0174,2.2454,-2.3957
14.0,0.4266,0.0782,2,7.5115,1.0996,-2.0541,2.2115,-2.3791
14.1,0.4625,0.1267,0,6.2995,2.6853,-2.0902,2.1769,-2.3624
14.2,0.4607,0.0539,1,1.9741,-0.7012,-2.1258,2.1418,-2.3457
14.3,0.5617,0.1533,2,7.6539,1.0419,-2.1608,2.1061,-2.3291
14.4,0.4756,0.1841,0,6.5899,2.5491,-2.1952,2.0698,-2.3124
14.5,0.5077,0.1389,1,1.7355,-0.8258,-2.2289,2.0329,-2.2957
14.6,0.5498,0.1565,2,7.2888,1.0929,-2.2621,1.9955,-2.2791
14.7,0.4526,0.1766,0,6.5230,2.5618,-2.2946,1.9575,-2.2624
14.8,0.4878,0.1525,1,1.5967,-0.9463,-2.3265,1.9190,-2.2457
14.9,0.5299,0.1800,2,7.1729,0.9591,-2.3578,1.8800,-2.2291
15.0,0.3871,0.0979,0,6.6594,2.5567,-2.3883,1.8404,-2.2124
15.1,0.5388,0.1141,1,1.7171,-1.0865,-2.4183,1.8003,-2.1957
15.2,0.5748,0.1881,2,7.2965,0.9753,-2.4475,1.7598,-2.1791
15.3,0.6045,0.1125,0,6.9433,2.5434,-2.4761,1.7188,-2.1624
15.4,0.5401,0.0910,1,1.6564,-1.2174,-2.5040,1.6773,-2.1457
15.5,0.5145,0.2328,2,7.0390,0.8857,-2.5312,1.6353,-2.1291
15.6,0.4789,0.1429,0,6.9254,2.4313,-2.5576,1.5929,-2.1124
15.7,0.4637,0.1791,1,1.6363,-1.3794,-2.5834,1.5500,-2.0957
15.8,0.4859,0.1303,2,6.9445,0.9245,-2.6085,1.5068,-2.0791
15.9,0.4126,0.2910,0,7.2392,2.4286,-2.6328,1.4631,-2.0624
16.0,0.5351,0.1330,1,1.2590,-1.4963,-2.6564,1.4190,-2.0457
16.1,0.5336,0.1562,2,6.8847,0.8602,-2.6793,1.3746,-2.0291
16.2,0.5968,0.1971,0,7.3634,2.4238,-2.7014,1.3297,-2.0124
16.3,0.5228,0.1274,1,1.4080,-1.7133,-2.7228,1.2845,-1.9957
16.4,0.4816,0.0864,2,6.6839,0.8424,-2.7434,1.2390,-1.9791
16.5,0.4976,0.2247,0,7.4387,2.3131,-2.7632,1.1931,-1.9624
16.6,0.5219,0.2283,1,1.5145,-1.8244,-2.7823,1.1468,-1.9457
16.7,0.4374,0.2487,2,6.8208,0.7404,-2.8006,1.1003,-1.9291
16.8,0.5518,0.1302,0,7.3153,2.3594,-2.8182,1.0535,-1.9124
16.9,0.4888,0.2153,1,1.4882,-2.0248,-2.8349,1.0064,-1.8957
17.0,0.5605,0.1900,2,6.6953,0.7410,-2.8509,0.9590,-1.8791
17.1,0.5299,0.1100,0,7.4030,2.2488,-2.8660,0.9114,-1.8624
17.2,0.5360,0.1262,1,1.6012,-2.0663,-2.8804,0.8635,-1.8457
17.3,0.4987,0.2591,2,6.5076,0.7328,-2.8940,0.8153,-1.8291
17.4,0.5403,0.2332,0,7.5515,2.2587,-2.9068,0.7670,-1.8124
17.5,0.5387,0.2382,1,1.5725,-2.2575,-2.9187,0.7185,-1.7957
17.6,0.4434,0.1489,2,6.4145,0.6934,-2.9299,0.6697,-1.7791
17.7,0.5027,0.1300,0,7.7923,2.1807,-2.9402,0.6208,-1.7624
17.8,0.5979,0.1852,1,1.8313,-2.3206,-2.9497,0.5717,-1.7457
17.9,0.4541,0.1074,2,6.3154,0.6289,-2.9584,0.5225,-1.7291
18.0,0.5452,0.0803,0,7.7548,2.1827,-2.9663,0.4731,-1.7124
18.1,0.4419,0.1384,1,1.8479,-2.3774,-2.9734,0.4236,-1.6957
18.2,0.4511,0.1793,2,6.0862,0.5562,-2.9796,0.3740,-1.6791
18.3,0.5268,0.1750,0,7.7647,2.1007,-2.9850,0.3243,-1.6624
18.4,0.5733,0.2266,1,2.0800,-2.5036,-2.9896,0.2745,-1.6457
18.5,0.4931,0.1774,2,6.0749,0.5939,-2.9933,0.2246,-1.6291
18.6,0.4798,0.1537,0,8.0423,2.1093,-2.9962,0.1747,-1.6124
18.7,0.5471,0.1270,1,1.9352,-2.6444,-2.9983,0.1248,-1.5957
18.8,0.5662,0.1879,2,5.6486,0.5509,-2.9996,0.0748,-1.5791
18.9,0.4522,0.1573,0,8.0984,2.0238,-3.0000,0.0248,-1.5624
19.0,0.5413,0.1009,1,2.3382,-2.7175,-2.9995,-0.0252,-1.5457
19.1,0.4717,0.0791,2,5.7020,0.4606,-2.9983,-0.0752,-1.5291
19.2,0.5211,0.1436,0,8.3636,2.0969,-2.9962,-0.1252,-1.5124
19.3,0.4416,0.2345,1,2.5474,-2.8168,-2.9933,-0.1751,-1.4957
19.4,0.5328,0.2492,2,5.5808,0.4925,-2.9895,-0.2249,-1.4791
19.5,0.4669,0.0973,0,8.2598,1.9991,-2.9850,-0.2747,-1.4624
19.6,0.4897,0.2037,1,2.6866,-2.8523,-2.9795,-0.3244,-1.4457
19.7,0.5409,0.2079,2,5.5402,0.5005,-2.9733,-0.3740,-1.4291
19.8,0.6074,0.1431,0,8.3269,1.9530,-2.9662,-0.4235,-1.4124
19.9,0.4640,0.1534,1,2.6038,-2.8805,-2.9584,-0.4729,-1.3957
20.0,0.4127,0.2244,2,5.4617,0.3695,-2.9496,-0.5221,-1.3791
20.1,0.3980,0.2675,0,8.1555,1.9904,-2.9401,-0.5712,-1.3624
20.2,0.5326,0.1893,1,2.8378,-2.9351,-2.9298,-0.6202,-1.3457
20.3,0.4480,0.2472,2,5.1209,0.4350,-2.9186,-0.6689,-1.3291
20.4,0.5461,0.2555,0,8.5307,1.9091,-2.9066,-0.7174,-1.3124
20.5,0.4734,0.2527,1,3.1748,-3.0463,-2.8939,-0.7658,-1.2957
20.6,0.5133,0.1658,2,5.0255,0.3169,-2.8803,-0.8139,-1.2791
20.7,0.4655,0.1251,0,8.3571,1.8004,-2.8659,-0.8618,-1.2624
20.8,0.4882,0.1821,1,3.1146,-3.0608,-2.8507,-0.9094,-1.2457
20.9,0.5380,0.1181,2,5.1956,0.3112,-2.8348,-0.9568,-1.2291
21.0,0.3774,0.2109,0,8.5876,1.7988,-2.8180,-1.0039,-1.2124
21.1,0.4475,0.2002,1,3.3169,3.0967,-2.8005,-1.0507,-1.1957
21.2,0.4667,0.2090,2,4.8280,0.1724,-2.7821,-1.0973,-1.1791
21.3,0.5280,0.2082,0,8.3716,1.8083,-2.7631,-1.1435,-1.1624
21.4,0.5473,0.2173,1,3.3953,3.0257,-2.7432,-1.1894,-1.1457
21.5,0.4304,0.2127,2,4.6723,0.2009,-2.7226,-1.2349,-1.1291
21.6,0.4854,0.1829,0,8.4648,1.7718,-2.7012,-1.2801,-1.1124
21.7,0.4088,0.1927,1,3.4908,3.0830,-2.6791,-1.3249,-1.0957
21.8,0.5984,0.2035,2,4.6252,0.1806,-2.6562,-1.3694,-1.0791
21.9,0.5662,0.1014,0,8.6349,1.7286,-2.6326,-1.4135,-1.0624
22.0,0.5314,0.1649,1,3.7096,3.0221,-2.6083,-1.4572,-1.0457
22.1,0.5729,0.2209,2,4.5242,0.0505,-2.5832,-1.5004,-1.0291
22.2,0.5531,0.1928,0,8.6741,1.7420,-2.5574,-1.5433,-1.0124
22.3,0.4625,0.1870,1,3.7410,2.9487,-2.5309,-1.5857,-0.9957
22.4,0.4871,0.1379,2,4.3543,0.0547,-2.5037,-1.6276,-0.9791
22.5,0.5083,0.1893,0,8.5718,1.6579,-2.4758,-1.6691,-0.9624
22.6,0.5074,0.1030,1,3.9341,2.9561,-2.4473,-1.7102,-0.9457
22.7,0.5279,0.1358,2,3.9342,-0.0299,-2.4180,-1.7507,-0.9291
22.8,0.5607,0.1719,0,8.5248,1.6354,-2.3881,-1.7908,-0.9124
22.9,0.5748,0.1283,1,4.2259,2.8544,-2.3575,-1.8303,-0.8957
23.0,0.5257,0.2309,2,3.9752,-0.0201,-2.3262,-1.8693,-0.8791
23.1,0.4748,0.1610,0,8.5968,1.5772,-2.2943,-1.9078,-0.8624
23.2,0.4896,0.1696,1,4.1506,2.8769,-2.2618,-1.9458,-0.8457
23.3,0.5356,0.2111,2,3.7429,-0.0630,-2.2286,-1.9832,-0.8291
23.4,0.5560,0.1779,0,8.6308,1.5956,-2.1949,-2.0201,-0.8124
23.5,0.5283,0.2048,1,4.3264,2.7814,-2.1605,-2.0564,-0.7957
23.6,0.4475,0.0957,2,3.3790,-0.1110,-2.1255,-2.0921,-0.7791
23.7,0.5168,0.1090,0,8.6938,1.6147,-2.0899,-2.1272,-0.7624
23.8,0.4606,0.0946,1,4.5153,2.7440,-2.0538,-2.1618,-0.7457
23.9,0.3811,0.2151,2,3.4551,-0.2281,-2.0170,-2.1957,-0.7291
24.0,0.5746,0.1191,0,8.3717,1.5371,-1.9797,-2.2290,-0.7124
24.1,0.5147,0.1902,1,4.7606,2.7242,-1.9419,-2.2617,-0.6957
24.2,0.4572,0.1597,2,3.3798,-0.2923,-1.9035,-2.2937,-0.6791
24.3,0.4165,0.1975,0,8.5532,1.4100,-1.8646,-2.3251,-0.6624
24.4,0.4990,0.2331,1,4.6151,2.6621,-1.8252,-2.3559,-0.6457
24.5,0.4734,0.1530,2,2.9586,-0.3162,-1.7852,-2.3860,-0.6291
24.6,0.4632,0.1115,0,8.5073,1.4502,-1.7448,-2.4154,-0.6124
24.7,0.4533,0.1434,1,5.0738,2.6413,-1.7039,-2.4441,-0.5957
24.8,0.5116,0.0715,2,3.0906,-0.3822,-1.6625,-2.4722,-0.5791
24.9,0.4736,0.1638,0,8.7566,1.3774,-1.6207,-2.4996,-0.5624
25.0,0.4239,0.1734,1,5.2388,2.6224,-1.5784,-2.5262,-0.5457
25.1,0.4543,0.1957,2,2.8921,-0.4554,-1.5356,-2.5522,-0.5291
25.2,0.5503,0.2215,0,8.5950,1.3322,-1.4925,-2.5774,-0.5124
25.3,0.4813,0.2015,1,5.2849,2.5859,-1.4489,-2.6019,-0.4957
25.4,0.5166,0.1344,2,2.8023,-0.5652,-1.4049,-2.6257,-0.4791
25.5,0.3965,0.2178,0,8.6492,1.3965,-1.3605,-2.6488,-0.4624
25.6,0.4617,0.1314,1,5.2577,2.4931,-1.3158,-2.6711,-0.4457
25.7,0.5091,0.2314,2,2.6146,-0.5965,-1.2707,-2.6926,-0.4291
25.8,0.5153,0.1560,0,8.4233,1.3927,-1.2252,-2.7134,-0.4124
25.9,0.4532,0.1871,1,5.6937,2.4892,-1.1794,-2.7335,-0.3957
26.0,0.4840,0.1848,2,2.3101,-0.6789,-1.1333,-2.7527,-0.3791
26.1,0.5188,0.1353,0,8.6873,1.3084,-1.0868,-2.7712,-0.3624
26.2,0.4309,0.1416,1,5.8565,2.5523,-1.0401,-2.7890,-0.3457
26.3,0.5360,0.1408,2,2.4051,-0.8316,-0.9930,-2.8059,-0.3291
26.4,0.5986,0.1393,0,8.3717,1.3005,-0.9457,-2.8221,-0.3124
26.5,0.5353,0.2408,1,5.6867,2.4692,-0.8981,-2.8374,-0.2957
26.6,0.5695,0.2273,2,2.3545,-0.9013,-0.8503,-2.8520,-0.2791
26.7,0.5368,0.2025,0,8.5389,1.1693,-0.8022,-2.8658,-0.2624
26.8,0.4775,0.1512,1,5.8211,2.3790,-0.7539,-2.8787,-0.2457
26.9,0.4856,0.1890,2,2.2585,-1.0676,-0.7054,-2.8909,-0.2291
27.0,0.5345,0.1381,0,8.2761,1.2022,-0.6567,-2.9023,-0.2124
27.1,0.5075,0.1965,1,5.8544,2.4311,-0.6079,-2.9128,-0.1957
27.2,0.4644,0.2051,2,1.9206,-1.1668,-0.5588,-2.9225,-0.1791
27.3,0.4921,0.1365,0,8.1449,1.1440,-0.5096,-2.9314,-0.1624
27.4,0.5028,0.1032,1,6.0829,2.3470,-0.4603,-2.9395,-0.1457
27.5,0.5880,0.1322,2,2.0199,-1.2201,-0.4108,-2.9468,-0.1291
27.6,0.4243,0.1194,0,8.2155,1.1169,-0.3612,-2.9532,-0.1124
27.7,0.6248,0.2062,1,6.2532,2.2555,-0.3115,-2.9588,-0.0957
27.8,0.3792,0.2117,2,1.9115,-1.3660,-0.2618,-2.9636,-0.0791
27.9,0.5259,0.1837,0,8.1124,1.1638,-0.2119,-2.9675,-0.0624
28.0,0.4687,0.1201,1,6.4045,2.2894,-0.1620,-2.9707,-0.0457
28.1,0.5252,0.0573,2,2.1909,-1.5631,-0.1121,-2.9729,-0.0291
28.2,0.5175,0.2264,0,8.0616,1.0447,-0.0621,-2.9744,-0.0124
28.3,0.5194,0.1920,1,6.5209,2.2779,-0.0121,-2.9750,0.0043
28.4,0.5249,0.1662,2,2.0304,-1.6283,0.0379,-2.9748,0.0209
28.5,0.4727,0.1156,0,7.9462,0.9298,0.0879,-2.9737,0.0376
28.6,0.5397,0.2876,1,6.4510,2.3058,0.1379,-2.9719,0.0543
28.7,0.4915,0.1989,2,1.9878,-1.7490,0.1878,-2.9692,0.0709
28.8,0.5432,0.1500,0,7.8823,0.9890,0.2377,-2.9656,0.0876
28.9,0.5627,0.1612,1,6.5955,2.2110,0.2875,-2.9612,0.1043
29.0,0.4058,0.1272,2,2.1376,-1.8795,0.3372,-2.9560,0.1209
29.1,0.4990,0.1328,0,7.9900,0.8647,0.3868,-2.9500,0.1376
29.2,0.4119,0.1826,1,6.7670,2.1673,0.4364,-2.9431,0.1543
29.3,0.4932,0.2042,2,2.0163,-1.9232,0.4858,-2.9355,0.1709
29.4,0.5958,0.2619,0,7.7037,0.9310,0.5350,-2.9270,0.1876
29.5,0.4679,0.1079,1,6.7177,2.0431,0.5842,-2.9176,0.2043
29.6,0.4550,0.2662,2,2.2925,-2.0428,0.6331,-2.9075,0.2209
29.7,0.5380,0.1205,0,7.7098,0.9044,0.6819,-2.8965,0.2376
29.8,0.4832,0.2038,1,6.7516,2.0743,0.7305,-2.8848,0.2543
29.9,0.5214,0.1946,2,2.2274,-2.1582,0.7789,-2.8722,0.2709
30.0,0.5904,0.1463,0,7.5084,0.9071,0.8271,-2.8588,0.2876
30.1,0.5138,0.2041,1,6.7676,2.0081,0.8750,-2.8446,0.3043
30.2,0.4728,0.1499,2,2.4048,-2.3562,0.9227,-2.8296,0.3209
30.3,0.5314,0.1940,0,7.4227,0.8600,0.9702,-2.8139,0.3376
30.4,0.5983,0.1709,1,6.9375,2.0122,1.0173,-2.7973,0.3543
30.5,0.4440,0.0619,2,2.4993,-2.3453,1.0642,-2.7800,0.3709
30.6,0.4926,0.2552,0,7.2275,0.8100,1.1108,-2.7618,0.3876
30.7,0.4578,0.1717,1,7.0333,1.9567,1.1571,-2.7429,0.4043
30.8,0.4038,0.1286,2,2.4529,-2.4622,1.2031,-2.7233,0.4209
30.9,0.5729,0.2046,0,7.1737,0.8375,1.2487,-2.7028,0.4376
31.0,0.5079,0.1120,1,6.9683,1.9202,1.2940,-2.6816,0.4543
31.1,0.4892,0.2653,2,2.7946,-2.5626,1.3389,-2.6597,0.4709
31.2,0.4370,0.1904,0,7.0682,0.6954,1.3835,-2.6370,0.4876
31.3,0.4810,0.1455,1,7.2268,1.9590,1.4277,-2.6136,0.5043
31.4,0.5596,0.1941,2,2.9802,-2.6566,1.4714,-2.5894,0.5209
31.5,0.5376,0.1962,0,7.0672,0.6528,1.5148,-2.5645,0.5376
31.6,0.4687,0.1701,1,7.4237,1.9319,1.5578,-2.5389,0.5543
31.7,0.5281,0.2183,2,3.1065,-2.7535,1.6003,-2.5126,0.5709
31.8,0.5419,0.0686,0,6.7766,0.5602,1.6423,-2.4856,0.5876
31.9,0.5127,0.2144,1,7.2868,1.8323,1.6840,-2.4579,0.6043
32.0,0.5975,0.1908,2,3.1006,-2.7326,1.7251,-2.4295,0.6209
32.1,0.5114,0.1798,0,6.8787,0.6009,1.7658,-2.4004,0.6376
32.2,0.4313,0.1634,1,7.3516,1.8660,1.8059,-2.3706,0.6543
32.3,0.4003,0.1948,2,3.1909,-2.7845,1.8456,-2.3402,0.6709
32.4,0.4421,0.1314,0,6.7450,0.5929,1.8848,-2.3091,0.6876
32.5,0.5469,0.1469,1,7.3811,1.8990,1.9234,-2.2774,0.7043
32.6,0.5688,0.1605,2,3.4749,-2.9325,1.9615,-2.2450,0.7209
32.7,0.4735,0.1470,0,6.6132,0.5184,1.9991,-2.2120,0.7376
32.8,0.5222,0.1136,1,7.2311,1.7259,2.0361,-2.1784,0.7543
32.9,0.4314,0.1613,2,3.5615,-2.9653,2.0725,-2.1441,0.7709
33.0,0.4845,0.0962,0,6.3203,0.5188,2.1084,-2.1093,0.7876
33.1,0.5161,0.1076,1,7.2993,1.7652,2.1437,-2.0739,0.8043
33.2,0.5846,0.2939,2,3.6668,-3.0653,2.1783,-2.0378,0.8209
33.3,0.5112,0.0986,0,6.2212,0.4478,2.2124,-2.0012,0.8376
33.4,0.4819,0.1010,1,7.2632,1.7572,2.2459,-1.9641,0.8543
33.5,0.4952,0.1099,2,3.7938,-3.0945,2.2787,-1.9264,0.8709
33.6,0.5106,0.2094,0,6.1299,0.3979,2.3109,-1.8881,0.8876
33.7,0.5258,0.0111,1,7.4869,1.7134,2.3425,-1.8494,0.9043
33.8,0.4799,0.1717,2,4.0232,3.1409,2.3734,-1.8101,0.9209
33.9,0.4453,0.1846,0,6.0107,0.3931,2.4037,-1.7703,0.9376
34.0,0.4791,0.1839,1,7.3667,1.6893,2.4332,-1.7300,0.9543
34.1,0.5854,0.1332,2,4.1258,3.0758,2.4622,-1.6892,0.9709
34.2,0.5020,0.1921,0,5.8985,0.3022,2.4904,-1.6479,0.9876
34.3,0.5404,0.1773,1,7.6200,1.6012,2.5179,-1.6062,1.0043
34.4,0.4553,0.1192,2,4.4130,3.1369,2.5448,-1.5640,1.0209
34.5,0.5109,0.1271,0,5.9547,0.3329,2.5709,-1.5213,1.0376
34.6,0.5505,0.1571,1,7.4279,1.5754,2.5963,-1.4783,1.0543
34.7,0.4929,0.3351,2,4.4315,3.0149,2.6210,-1.4348,1.0709
34.8,0.5359,0.1346,0,5.6247,0.2004,2.6450,-1.3909,1.0876
34.9,0.4860,0.1398,1,7.3867,1.6005,2.6682,-1.3466,1.1043
35.0,0.4770,0.1628,2,4.8219,2.9644,2.6907,-1.3020,1.1209
35.1,0.5434,0.1501,0,5.4902,0.1774,2.7124,-1.2570,1.1376
35.2,0.5384,0.1736,1,7.5636,1.5086,2.7334,-1.2116,1.1543
35.3,0.6086,0.1098,2,4.6503,2.8464,2.7536,-1.1658,1.1709
35.4,0.4789,0.1585,0,5.1808,0.2429,2.7731,-1.1198,1.1876
35.5,0.5307,0.1439,1,7.3631,1.5355,2.7918,-1.0734,1.2043
35.6,0.4644,0.2222,2,4.8619,2.9045,2.8097,-1.0267,1.2209
35.7,0.5706,0.0806,0,5.1075,0.0765,2.8268,-0.9798,1.2376
35.8,0.5525,0.2235,1,7.4913,1.4887,2.8432,-0.9325,1.2543
35.9,0.4229,0.1361,2,5.1052,2.8838,2.8588,-0.8850,1.2709
36.0,0.4255,0.2451,0,5.0257,0.0191,2.8735,-0.8372,1.2876
36.1,0.4735,0.1406,1,7.2613,1.4535,2.8875,-0.7892,1.3043
36.2,0.5398,0.1947,2,5.2045,2.8245,2.9007,-0.7410,1.3209
36.3,0.4534,0.0729,0,4.7199,-0.0012,2.9130,-0.6925,1.3376
36.4,0.4662,0.0811,1,7.5181,1.4400,2.9246,-0.6439,1.3543
36.5,0.5181,0.2390,2,5.3054,2.7958,2.9353,-0.5951,1.3709
36.6,0.5185,0.2529,0,4.7798,-0.0996,2.9453,-0.5461,1.3876
36.7,0.5546,0.2015,1,7.2051,1.3817,2.9544,-0.4969,1.4043
36.8,0.5621,0.1174,2,5.4095,2.7463,2.9626,-0.4476,1.4209
36.9,0.4687,0.1650,0,4.5836,-0.0675,2.9701,-0.3981,1.4376
37.0,0.5217,0.1494,1,7.2620,1.3254,2.9768,-0.3486,1.4543
37.1,0.4911,0.2532,2,5.5442,2.6937,2.9826,-0.2989,1.4709
37.2,0.5102,0.2565,0,4.3301,-0.1845,2.9875,-0.2492,1.4876
37.3,0.4782,0.1639,1,7.3572,1.2914,2.9917,-0.1993,1.5043
37.4,0.4320,0.1407,2,5.7321,2.6490,2.9950,-0.1495,1.5209
37.5,0.4835,0.1311,0,4.1636,-0.2170,2.9975,-0.0995,1.5376
37.6,0.3890,0.1865,1,7.3658,1.2977,2.9992,-0.0495,1.5543
37.7,0.4501,0.1636,2,5.8611,2.5608,3.0000,0.0004,1.5709
37.8,0.5364,0.1578,0,3.9858,-0.2312,3.0000,0.0504,1.5876
37.9,0.4593,0.1702,1,7.1345,1.2985,2.9992,0.1004,1.6043
38.0,0.4757,0.1064,2,6.0493,2.5825,2.9975,0.1504,1.6209
38.1,0.3709,0.2599,0,4.0439,-0.2717,2.9950,0.2003,1.6376
38.2,0.5251,0.1768,1,7.0449,1.2874,2.9916,0.2502,1.6543
38.3,0.5023,0.1356,2,6.1162,2.5495,2.9875,0.3001,1.6709
38.4,0.4625,0.1743,0,3.8813,-0.3438,2.9825,0.3498,1.6876
38.5,0.5249,0.2430,1,7.1387,1.2608,2.9766,0.3995,1.7043
38.6,0.5875,0.2371,2,6.1612,2.4708,2.9700,0.4490,1.7209
38.7,0.4637,0.0659,0,3.6615,-0.3902,2.9625,0.4985,1.7376
38.8,0.5009,0.1503,1,7.1227,1.1843,2.9542,0.5478,1.7543
38.9,0.5154,0.1531,2,6.4566,2.4618,2.9451,0.5969,1.7709
39.0,0.5271,0.1952,0,3.5185,-0.5210,2.9351,0.6459,1.7876
39.1,0.4337,0.0710,1,7.1141,1.1825,2.9244,0.6948,1.8043
39.2,0.5988,0.1107,2,6.5523,2.4577,2.9128,0.7434,1.8209
39.3,0.4997,0.2477,0,3.4296,-0.5973,2.9004,0.7918,1.8376
39.4,0.5353,0.1669,1,6.9979,1.1173,2.8873,0.8401,1.8543
39.5,0.5025,0.1075,2,6.6163,2.4025,2.8733,0.8881,1.8709
39.6,0.5016,0.1919,0,3.1935,-0.6576,2.8585,0.9358,1.8876
39.7,0.4895,0.1820,1,6.8976,1.1026,2.8429,0.9834,1.9043
39.8,0.4701,0.1379,2,6.6068,2.3579,2.8265,1.0306,1.9209
39.9,0.5884,0.2663,0,2.9980,-0.7577,2.8094,1.0776,1.9376
40.0,0.4365,0.1421,1,6.9216,1.0632,2.7915,1.1242,1.9543
40.1,0.5111,0.1610,2,6.7531,2.3637,2.7728,1.1706,1.9709
40.2,0.5151,0.1412,0,2.8621,-0.8350,2.7533,1.2167,1.9876
40.3,0.4911,0.1688,1,6.8498,1.0150,2.7330,1.2624,2.0043
40.4,0.4434,0.1443,2,6.8845,2.2922,2.7120,1.3078,2.0209
40.5,0.5485,0.1773,0,3.0300,-0.8941,2.6903,1.3528,2.0376
40.6,0.5528,0.1360,1,6.9379,1.0275,2.6678,1.3974,2.0543
40.7,0.4123,0.2376,2,7.0929,2.1717,2.6445,1.4417,2.0709
40.8,0.5224,0.1831,0,2.8773,-1.0455,2.6206,1.4856,2.0876
40.9,0.5191,0.2838,1,6.6869,0.9251,2.5958,1.5290,2.1043
41.0,0.4939,0.1279,2,7.0842,2.2469,2.5704,1.5721,2.1209
41.1,0.4610,0.1842,0,2.7189,-1.1560,2.5443,1.6147,2.1376
41.2,0.3941,0.1430,1,6.4420,0.9281,2.5174,1.6569,2.1543
41.3,0.5073,0.1938,2,7.1751,2.1326,2.4899,1.6986,2.1709
41.4,0.5272,0.2473,0,2.8453,-1.2334,2.4616,1.7399,2.1876
41.5,0.5127,0.2064,1,6.5124,0.9135,2.4327,1.7807,2.2043
41.6,0.5834,0.2202,2,7.2547,2.1576,2.4031,1.8210,2.2209
41.7,0.5435,0.1635,0,2.5173,-1.2783,2.3729,1.8608,2.2376
41.8,0.4726,0.1596,1,6.5169,0.8213,2.3419,1.9001,2.2543
41.9,0.4554,0.2020,2,7.3194,2.0531,2.3104,1.9388,2.2709
42.0,0.5267,0.0792,0,2.6205,-1.4067,2.2781,1.9771,2.2876
42.1,0.5559,0.1904,1,6.3029,0.8493,2.2453,2.0148,2.3043
42.2,0.5440,0.2369,2,7.3955,2.0399,2.2118,2.0519,2.3209
42.3,0.4796,0.1394,0,2.6216,-1.5225,2.1777,2.0885,2.3376
42.4,0.5303,0.1661,1,6.1080,0.8453,2.1430,2.1245,2.3543
42.5,0.4645,0.1536,2,7.6358,2.1025,2.1078,2.1599,2.3709
42.6,0.5007,0.1183,0,2.7743,-1.5464,2.0719,2.1947,2.3876
42.7,0.5167,0.1171,1,5.9869,0.7818,2.0354,2.2290,2.4043
42.8,0.5549,0.2085,2,7.3327,1.9917,1.9984,2.2626,2.4209
42.9,0.5620,0.1253,0,2.6763,-1.8035,1.9609,2.2956,2.4376
43.0,0.5646,0.0414,1,6.0098,0.7197,1.9227,2.3279,2.4543
43.1,0.4903,0.1812,2,7.5187,1.9346,1.8841,2.3597,2.4709
43.2,0.5451,0.1222,0,2.7348,-1.8254,1.8449,2.3907,2.4876
43.3,0.4179,0.2316,1,5.6531,0.7483,1.8052,2.4212,2.5043
43.4,0.5015,0.1012,2,7.5980,1.9486,1.7651,2.4509,2.5209
43.5,0.4649,0.2203,0,2.5784,-1.9357,1.7244,2.4800,2.5376
43.6,0.4296,0.1853,1,5.7452,0.7015,1.6832,2.5084,2.5543
43.7,0.4792,0.1926,2,7.6652,1.9550,1.6416,2.5361,2.5709
43.8,0.4147,0.1374,0,2.7436,-2.0519,1.5995,2.5631,2.5876
43.9,0.4215,0.0993,1,5.5964,0.6584,1.5570,2.5894,2.6043
44.0,0.5342,0.2027,2,7.7508,1.9393,1.5141,2.6150,2.6209
44.1,0.4534,0.0894,0,2.9903,-2.1353,1.4707,2.6399,2.6376
44.2,0.4422,0.0450,1,5.4617,0.5550,1.4269,2.6640,2.6543
44.3,0.5049,0.1754,2,7.8517,1.8818,1.3827,2.6874,2.6709
44.4,0.4580,0.1915,0,2.9037,-2.1951,1.3381,2.7101,2.6876
44.5,0.4654,0.2281,1,5.4317,0.6091,1.2932,2.7320,2.7043
44.6,0.4579,0.1165,2,7.9149,1.8122,1.2479,2.7532,2.7209
44.7,0.4917,0.1343,0,3.0591,-2.3152,1.2023,2.7736,2.7376
44.8,0.5068,0.2046,1,5.3080,0.5792,1.1563,2.7933,2.7543
44.9,0.5630,0.2151,2,7.9195,1.8084,1.1100,2.8122,2.7709
45.0,0.4236,0.2377,0,3.2797,-2.3526,1.0634,2.8303,2.7876
45.1,0.5728,0.0948,1,5.2383,0.4697,1.0165,2.8476,2.8043
45.2,0.5628,0.1349,2,7.9870,1.7417,0.9693,2.8641,2.8209
45.3,0.4996,0.1715,0,3.1430,-2.5011,0.9219,2.8799,2.8376
45.4,0.5180,0.1686,1,4.9841,0.4967,0.8742,2.8949,2.8543
45.5,0.4549,0.1484,2,8.0003,1.7367,0.8262,2.9090,2.8709
45.6,0.4747,0.1888,0,3.3986,-2.5898,0.7780,2.9224,2.8876
45.7,0.4999,0.1204,1,4.9427,0.4327,0.7296,2.9350,2.9043
45.8,0.5909,0.2609,2,8.0592,1.7156,0.6810,2.9467,2.9209
45.9,0.5160,0.2073,0,3.3558,-2.6051,0.6322,2.9577,2.9376
46.0,0.4841,0.1818,1,4.6782,0.3618,0.5833,2.9678,2.9543
46.1,0.5529,0.2563,2,8.0904,1.6826,0.5342,2.9771,2.9709
46.2,0.4446,0.0973,0,3.6494,-2.7421,0.4849,2.9856,2.9876
46.3,0.5808,0.2140,1,4.5343,0.3928,0.4355,2.9933,3.0043
46.4,0.4479,0.1761,2,8.1056,1.6200,0.3859,3.0001,3.0209
46.5,0.4994,0.1199,0,3.9434,-2.7900,0.3363,3.0061,3.0376
46.6,0.5388,0.1723,1,4.2499,0.3085,0.2866,3.0113,3.0543
46.7,0.4541,0.1976,2,8.0386,1.6203,0.2368,3.0157,3.0709
46.8,0.5507,0.1965,0,4.0715,-2.9012,0.1869,3.0192,3.0876
46.9,0.5157,0.0626,1,4.4239,0.2485,0.1370,3.0219,3.1043
47.0,0.4581,0.0746,2,7.9559,1.5862,0.0870,3.0238,3.1209
47.1,0.4582,0.1820,0,4.1836,-2.8614,0.0370,3.0248,3.1376
47.2,0.5258,0.1925,1,4.0019,0.2764,-0.0130,3.0250,-3.1289
47.3,0.4871,0.1572,2,8.2146,1.5978,-0.0630,3.0244,-3.1122
47.4,0.4735,0.1694,0,4.0817,-2.9451,-0.1130,3.0229,-3.0956
47.5,0.6300,0.2179,1,3.9755,0.2435,-0.1629,3.0206,-3.0789
47.6,0.4320,0.1590,2,7.9078,1.5400,-0.2128,3.0175,-3.0622
47.7,0.4913,0.1661,0,4.4047,-3.0146,-0.2627,3.0135,-3.0456
47.8,0.3985,0.2472,1,3.7729,0.1956,-0.3124,3.0087,-3.0289
47.9,0.4803,0.1708,2,7.9550,1.4391,-0.3621,3.0031,-3.0122
48.0,0.4059,0.1470,0,4.5427,-3.0753,-0.4117,2.9966,-2.9956
48.1,0.3969,0.1287,1,3.6972,0.1409,-0.4612,2.9894,-2.9789
48.2,0.5516,0.1903,2,7.9842,1.4683,-0.5105,2.9813,-2.9622
48.3,0.5209,0.1190,0,4.5033,-3.0983,-0.5597,2.9724,-2.9456
48.4,0.5528,0.1281,1,3.6298,0.0349,-0.6087,2.9626,-2.9289
48.5,0.5503,0.1424,2,7.9281,1.4769,-0.6576,2.9521,-2.9122
48.6,0.5096,0.1488,0,4.9528,3.1124,-0.7063,2.9407,-2.8956
48.7,0.4758,0.2039,1,3.4407,-0.0120,-0.7548,2.9285,-2.8789
48.8,0.5085,0.1715,2,7.9406,1.3176,-0.8031,2.9155,-2.8622
48.9,0.4951,0.2218,0,5.0655,2.9967,-0.8511,2.9017,-2.8456
49.0,0.4936,0.2139,1,3.1367,-0.0918,-0.8990,2.8872,-2.8289
49.1,0.5157,0.1866,2,8.0660,1.4222,-0.9465,2.8718,-2.8122
49.2,0.5410,0.2108,0,5.1264,3.0617,-0.9939,2.8556,-2.7956
49.3,0.5030,0.1397,1,3.0370,-0.1590,-1.0409,2.8386,-2.7789
49.4,0.4185,0.1172,2,7.9871,1.3063,-1.0876,2.8209,-2.7622
49.5,0.5484,0.1577,0,5.2410,2.9538,-1.1341,2.8024,-2.7456
49.6,0.5036,0.1892,1,2.9036,-0.1737,-1.1802,2.7831,-2.7289
49.7,0.4841,0.1584,2,7.9369,1.3097,-1.2260,2.7631,-2.7122
49.8,0.4224,0.1396,0,5.4430,2.9143,-1.2715,2.7422,-2.6956
49.9,0.5073,0.1262,1,2.6165,-0.1767,-1.3166,2.7207,-2.6789
50.0,0.5272,0.0954,2,7.7448,1.2873,-1.3613,2.6984,-2.6622
50.1,0.5131,0.2165,0,5.5117,2.8831,-1.4057,2.6753,-2.6456
50.2,0.5671,0.2126,1,2.6555,-0.2355,-1.4497,2.6515,-2.6289
50.3,0.4840,0.1217,2,7.7647,1.2386,-1.4932,2.6270,-2.6122
50.4,0.5143,0.1216,0,5.8628,2.7966,-1.5364,2.6017,-2.5956
50.5,0.4718,0.2162,1,2.3401,-0.3477,-1.5791,2.5758,-2.5789
50.6,0.4999,0.1364,2,7.6449,1.2090,-1.6214,2.5491,-2.5622
50.7,0.5028,0.2565,0,6.1458,2.8200,-1.6633,2.5217,-2.5456
50.8,0.5807,0.1466,1,2.5178,-0.4437,-1.7046,2.4936,-2.5289
50.9,0.4694,0.2133,2,7.6194,1.1806,-1.7455,2.4649,-2.5122
51.0,0.4979,0.2186,0,6.1340,2.7560,-1.7860,2.4355,-2.4956
51.1,0.5533,0.1877,1,2.0190,-0.4537,-1.8259,2.4054,-2.4789
51.2,0.5045,0.2440,2,7.7057,1.1889,-1.8653,2.3746,-2.4622
51.3,0.4554,0.0815,0,5.8268,2.7072,-1.9042,2.3432,-2.4456
51.4,0.4676,0.1755,1,2.1191,-0.5718,-1.9426,2.3111,-2.4289
51.5,0.5130,0.1978,2,7.5252,1.0610,-1.9804,2.2784,-2.4122
51.6,0.4465,0.2031,0,6.2513,2.6811,-2.0177,2.2451,-2.3956
51.7,0.5064,0.1915,1,1.9261,-0.6663,-2.0544,2.2112,-2.3789
51.8,0.4893,0.2280,2,7.5771,1.0800,-2.0906,2.1766,-2.3622
51.9,0.4473,0.1593,0,6.3329,2.7065,-2.1261,2.1415,-2.3456
52.0,0.5801,0.2118,1,1.7327,-0.7604,-2.1611,2.1058,-2.3289
52.1,0.5136,0.1041,2,7.4283,1.0151,-2.1955,2.0695,-2.3122
52.2,0.4856,0.1767,0,6.3343,2.6198,-2.2292,2.0326,-2.2956
52.3,0.5577,0.1560,1,1.8380,-0.8304,-2.2624,1.9951,-2.2789
52.4,0.5525,0.0983,2,7.4185,1.0608,-2.2949,1.9572,-2.2622
52.5,0.4324,0.1498,0,6.7543,2.5865,-2.3268,1.9186,-2.2456
52.6,0.5509,0.1339,1,1.5859,-1.0186,-2.3580,1.8796,-2.2289
52.7,0.4567,0.1750,2,7.2496,0.9504,-2.3886,1.8400,-2.2122
52.8,0.4974,0.1184,0,6.6605,2.5802,-2.4185,1.8000,-2.1956
52.9,0.5115,0.1664,1,1.6689,-1.0740,-2.4478,1.7594,-2.1789
53.0,0.5789,0.1844,2,7.0634,0.9986,-2.4763,1.7184,-2.1622
53.1,0.5242,0.1030,0,6.9179,2.4729,-2.5042,1.6769,-2.1456
53.2,0.4926,0.1650,1,1.3241,-1.1968,-2.5314,1.6349,-2.1289
53.3,0.5039,0.1610,2,7.1618,0.9929,-2.5579,1.5925,-2.1122
53.4,0.5068,0.0900,0,7.0439,2.3932,-2.5837,1.5497,-2.0956
53.5,0.4987,0.1837,1,1.5101,-1.4136,-2.6087,1.5064,-2.0789
53.6,0.4082,0.1294,2,7.1761,0.8291,-2.6330,1.4627,-2.0622
53.7,0.4692,0.1338,0,7.1464,2.4533,-2.6566,1.4186,-2.0456
53.8,0.4572,0.2343,1,1.5077,-1.5753,-2.6795,1.3742,-2.0289
53.9,0.5627,0.1202,2,7.0132,0.8813,-2.7016,1.3293,-2.0122
54.0,0.4850,0.1279,0,7.0609,2.3701,-2.7230,1.2841,-1.9956
54.1,0.4397,0.1499,1,1.5476,-1.6615,-2.7436,1.2385,-1.9789
54.2,0.4686,0.1796,2,6.8197,0.7986,-2.7634,1.1927,-1.9622
54.3,0.5357,0.2051,0,7.3544,2.3015,-2.7825,1.1464,-1.9456
54.4,0.5141,0.2550,1,1.6216,-1.8500,-2.8008,1.0999,-1.9289
54.5,0.4232,0.1689,2,6.4205,0.7617,-2.8183,1.0531,-1.9122
54.6,0.4657,0.1709,0,7.3087,2.3384,-2.8351,1.0060,-1.8956
54.7,0.4470,0.1072,1,1.4853,-1.9640,-2.8510,0.9586,-1.8789
54.8,0.4968,0.2178,2,6.5938,0.7433,-2.8662,0.9109,-1.8622
54.9,0.5272,0.2439,0,7.4771,2.2318,-2.8805,0.8630,-1.8456
55.0,0.5036,0.1803,1,1.7526,-2.1203,-2.8941,0.8149,-1.8289
55.1,0.4869,0.1467,2,6.3537,0.7608,-2.9069,0.7666,-1.8122
55.2,0.4710,0.1573,0,7.7263,2.2710,-2.9188,0.7180,-1.7956
55.3,0.5256,0.2130,1,1.7022,-2.2705,-2.9300,0.6693,-1.7789
55.4,0.4784,0.0930,2,6.5232,0.6089,-2.9403,0.6204,-1.7622
55.5,0.4121,0.0942,0,7.7819,2.2199,-2.9498,0.5713,-1.7456
55.6,0.5082,0.1890,1,1.9066,-2.3540,-2.9585,0.5220,-1.7289
55.7,0.5068,0.1084,2,6.2430,0.6384,-2.9664,0.4727,-1.7122
55.8,0.5377,0.1683,0,7.7739,2.1370,-2.9734,0.4232,-1.6956
55.9,0.4597,0.1840,1,1.9634,-2.4932,-2.9796,0.3735,-1.6789
56.0,0.4338,0.0881,2,6.1869,0.5974,-2.9850,0.3238,-1.6622
56.1,0.4546,0.1136,0,7.9202,2.1276,-2.9896,0.2740,-1.6456
56.2,0.4390,0.1479,1,1.9640,-2.5834,-2.9933,0.2242,-1.6289
56.3,0.4701,0.0783,2,6.1032,0.5450,-2.9962,0.1743,-1.6122
56.4,0.4647,0.2337,0,8.0659,2.0679,-2.9983,0.1243,-1.5956
56.5,0.4806,0.2016,1,2.1937,-2.6772,-2.9996,0.0743,-1.5789
56.6,0.5670,0.1876,2,5.9506,0.5505,-3.0000,0.0243,-1.5622
56.7,0.4304,0.0939,0,8.2450,2.0731,-2.9995,-0.0257,-1.5456
56.8,0.5371,0.1689,1,2.4461,-2.7612,-2.9983,-0.0756,-1.5289
56.9,0.4744,0.0468,2,5.6921,0.4699,-2.9962,-0.1256,-1.5122
57.0,0.4354,0.1476,0,8.1022,1.9973,-2.9933,-0.1755,-1.4956
57.1,0.4636,0.1492,1,2.4296,-2.7892,-2.9895,-0.2254,-1.4789
57.2,0.4683,0.1909,2,5.5199,0.4449,-2.9849,-0.2752,-1.4622
57.3,0.5306,0.1009,0,8.2836,1.9838,-2.9795,-0.3249,-1.4456
57.4,0.5927,0.1880,1,2.7341,-2.8948,-2.9732,-0.3745,-1.4289
57.5,0.5716,0.1500,2,5.5115,0.3631,-2.9662,-0.4240,-1.4122
57.6,0.5388,0.2177,0,8.3972,2.0030,-2.9583,-0.4734,-1.3956
57.7,0.5785,0.1267,1,2.6494,-2.9036,-2.9496,-0.5226,-1.3789
57.8,0.5976,0.1802,2,5.1783,0.3198,-2.9400,-0.5717,-1.3622
57.9,0.5919,0.0811,0,8.2407,1.9579,-2.9297,-0.6206,-1.3456
58.0,0.4209,0.2368,1,2.8569,-2.9876,-2.9185,-0.6693,-1.3289
58.1,0.4789,0.1704,2,5.1225,0.3284,-2.9065,-0.7179,-1.3122
58.2,0.4794,0.2610,0,8.3210,1.8810,-2.8938,-0.7662,-1.2956
58.3,0.5030,0.1487,1,3.0029,-3.0095,-2.8802,-0.8143,-1.2789
58.4,0.4844,0.2057,2,4.9103,0.3164,-2.8658,-0.8622,-1.2622
58.5,0.4553,0.2092,0,8.4273,1.9058,-2.8506,-0.9098,-1.2456
58.6,0.5249,0.1526,1,3.2365,-3.0620,-2.8346,-0.9572,-1.2289
58.7,0.5031,0.2227,2,4.9313,0.2921,-2.8179,-1.0043,-1.2122
58.8,0.5457,0.1539,0,8.4434,1.8707,-2.8003,-1.0512,-1.1956
58.9,0.4306,0.2158,1,3.2653,-3.1378,-2.7820,-1.0977,-1.1789
59.0,0.5191,0.1218,2,4.8124,0.2238,-2.7629,-1.1439,-1.1622
59.1,0.4753,0.2241,0,8.6144,1.8215,-2.7430,-1.1898,-1.1456
59.2,0.4950,0.1825,1,3.4652,3.0296,-2.7224,-1.2353,-1.1289
59.3,0.4721,0.2510,2,4.5936,0.1429,-2.7010,-1.2805,-1.1122
59.4,0.4374,0.2216,0,8.5130,1.7500,-2.6789,-1.3253,-1.0956
59.5,0.5319,0.1632,1,3.3840,3.0432,-2.6560,-1.3698,-1.0789
59.6,0.5581,0.1761,2,4.4866,0.1306,-2.6324,-1.4139,-1.0622
59.7,0.4489,0.1974,0,8.5900,1.7255,-2.6080,-1.4576,-1.0456
59.8,0.4391,0.1946,1,3.7884,2.9514,-2.5830,-1.5008,-1.0289
59.9,0.5023,0.2272,2,4.3312,0.1586,-2.5572,-1.5436,-1.0122
60.0,0.4427,0.2168,0,8.6929,1.6927,-2.5307,-1.5860,-0.9956
