t_s,v_odo,w_odo,gyro_z,truth_x,truth_y,truth_th,slip
0.1,0.39317,-0.02376,0.00531,0.04000,0.00000,0.00000,0
0.2,0.39789,0.03153,0.00160,0.08000,0.00000,0.00000,0
0.3,0.39677,-0.01529,0.00627,0.12000,0.00000,0.00000,0
0.4,0.40130,0.01759,0.00680,0.16000,0.00000,0.00000,0
0.5,0.41396,0.00838,0.00461,0.20000,0.00000,0.00000,0
0.6,0.41834,-0.00225,0.00550,0.24000,0.00000,0.00000,0
0.7,0.39613,-0.00840,0.00192,0.28000,0.00000,0.00000,0
0.8,0.40120,0.01352,0.00307,0.32000,0.00000,0.00000,0
0.9,0.40282,-0.02636,0.00495,0.36000,0.00000,0.00000,0
1.0,0.39093,0.01028,0.00150,0.40000,0.00000,0.00000,0
1.1,0.38996,0.00313,0.00604,0.44000,0.00000,0.00000,0
1.2,0.41342,0.03212,0.00583,0.48000,0.00000,0.00000,0
1.3,0.40943,-0.00386,0.00597,0.52000,0.00000,0.00000,0
1.4,0.40929,0.02918,0.00644,0.56000,0.00000,0.00000,0
1.5,0.40261,0.03034,0.00755,0.60000,0.00000,0.00000,0
1.6,0.40939,-0.00877,0.00449,0.64000,0.00000,0.00000,0
1.7,0.40154,-0.02776,0.00576,0.68000,0.00000,0.00000,0
1.8,0.39869,-0.00652,0.00489,0.72000,0.00000,0.00000,0
1.9,0.39133,-0.01811,0.00290,0.76000,0.00000,0.00000,0
2.0,0.39109,0.02477,0.00422,0.80000,0.00000,0.00000,0
2.1,0.38928,-0.02273,0.00610,0.84000,0.00000,0.00000,0
2.2,0.41613,0.00621,0.00497,0.88000,0.00000,0.00000,0
2.3,0.39884,-0.03157,0.00389,0.92000,0.00000,0.00000,0
2.4,0.40796,-0.01079,0.00807,0.96000,0.00000,0.00000,0
2.5,0.39912,-0.01194,0.00613,1.00000,0.00000,0.00000,0
2.6,0.41034,0.02543,0.00376,1.04000,0.00000,0.00000,0
2.7,0.39194,0.02448,0.00546,1.08000,0.00000,0.00000,0
2.8,0.39956,0.02517,0.00510,1.12000,0.00000,0.00000,0
2.9,0.39045,0.00206,0.00450,1.16000,0.00000,0.00000,0
3.0,0.39535,-0.02726,0.00718,1.20000,0.00000,0.00000,0
3.1,0.39316,0.00926,0.00585,1.24000,0.00000,0.00000,0
3.2,0.39590,0.01830,0.00901,1.28000,0.00000,0.00000,0
3.3,0.40063,0.00085,0.00312,1.32000,0.00000,0.00000,0
3.4,0.41362,-0.00869,0.00347,1.36000,0.00000,0.00000,0
3.5,0.38936,0.01936,0.00744,1.40000,0.00000,0.00000,0
3.6,0.39799,-0.00643,0.00489,1.44000,0.00000,0.00000,0
3.7,0.39930,0.01979,0.00268,1.48000,0.00000,0.00000,0
3.8,0.41117,0.00946,0.00338,1.52000,0.00000,0.00000,0
3.9,0.42564,-0.00759,0.00330,1.56000,0.00000,0.00000,0
4.0,0.40983,0.01561,0.00616,1.60000,0.00000,0.00000,0
4.1,0.39091,0.00259,0.00584,1.64000,0.00000,0.00000,0
4.2,0.40685,0.01474,0.00317,1.68000,0.00000,0.00000,0
4.3,0.39862,-0.00818,0.00396,1.72000,0.00000,0.00000,0
4.4,0.40473,-0.03578,0.00463,1.76000,0.00000,0.00000,0
4.5,0.40942,-0.01379,0.00478,1.80000,0.00000,0.00000,0
4.6,0.39101,-0.00438,0.00760,1.84000,0.00000,0.00000,0
4.7,0.38717,-0.01210,0.00210,1.88000,0.00000,0.00000,0
4.8,0.41274,-0.01016,0.00585,1.92000,0.00000,0.00000,0
4.9,0.40418,0.00115,0.00334,1.96000,0.00000,0.00000,0
5.0,0.38298,0.03096,0.00415,2.00000,0.00000,0.00000,0
5.1,0.40567,0.01523,0.00501,2.04000,0.00000,0.00000,0
5.2,0.38696,-0.00684,0.00410,2.08000,0.00000,0.00000,0
5.3,0.39237,0.02706,0.00563,2.12000,0.00000,0.00000,0
5.4,0.40815,-0.02430,0.00692,2.16000,0.00000,0.00000,0
5.5,0.39492,0.00101,0.00412,2.20000,0.00000,0.00000,0
5.6,0.39747,0.00546,0.00509,2.24000,0.00000,0.00000,0
5.7,0.40593,-0.01509,0.00319,2.28000,0.00000,0.00000,0
5.8,0.41018,0.00644,0.00477,2.32000,0.00000,0.00000,0
5.9,0.41527,0.00633,0.00563,2.36000,0.00000,0.00000,0
6.0,0.40209,0.00054,0.00351,2.40000,0.00000,0.00000,0
6.1,0.40405,0.01835,0.00781,2.44000,0.00000,0.00000,0
6.2,0.41187,-0.01208,0.00500,2.48000,0.00000,0.00000,0
6.3,0.40014,0.02266,0.00206,2.52000,0.00000,0.00000,0
6.4,0.39297,0.02627,0.00746,2.56000,0.00000,0.00000,0
6.5,0.40751,-0.00485,0.00375,2.60000,0.00000,0.00000,0
6.6,0.41185,-0.01015,0.00703,2.64000,0.00000,0.00000,0
6.7,0.39598,-0.01432,0.00682,2.68000,0.00000,0.00000,0
6.8,0.39981,0.01168,0.00996,2.72000,0.00000,0.00000,0
6.9,0.39520,-0.00619,0.00278,2.76000,0.00000,0.00000,0
7.0,0.40562,0.02150,0.00557,2.80000,0.00000,0.00000,0
7.1,0.38840,-0.01830,0.00327,2.84000,0.00000,0.00000,0
7.2,0.40110,0.01369,0.00522,2.88000,0.00000,0.00000,0
7.3,0.39689,0.00699,0.00566,2.92000,0.00000,0.00000,0
7.4,0.39773,-0.00529,0.00382,2.96000,0.00000,0.00000,0
7.5,0.39004,-0.02208,0.00650,3.00000,0.00000,0.00000,0
7.6,0.39874,0.01220,0.00406,3.04000,0.00000,0.00000,0
7.7,0.39728,0.00665,0.00199,3.08000,0.00000,0.00000,0
7.8,0.40563,0.01538,0.00684,3.12000,0.00000,0.00000,0
7.9,0.40702,-0.02008,0.00369,3.16000,0.00000,0.00000,0
8.0,0.39995,0.27945,0.30814,3.20000,0.00000,0.03000,0
8.1,0.39190,0.30662,0.30311,3.23998,0.00120,0.06000,0
8.2,0.40373,0.31062,0.30619,3.27991,0.00360,0.09000,0
8.3,0.39772,0.34190,0.30593,3.31975,0.00719,0.12000,0
8.4,0.41969,0.31545,0.30783,3.35946,0.01198,0.15000,0
8.5,0.39549,0.29156,0.30005,3.39901,0.01796,0.18000,0
8.6,0.40593,0.31419,0.30635,3.43837,0.02512,0.21000,0
8.7,0.39769,0.26759,0.30651,3.47749,0.03346,0.24000,0
8.8,0.39616,0.28560,0.30449,3.51634,0.04297,0.27000,0
8.9,0.40187,0.27088,0.30453,3.55489,0.05364,0.30000,0
9.0,0.39100,0.30582,0.30629,3.59310,0.06546,0.33000,0
9.1,0.40475,0.31559,0.30454,3.63095,0.07842,0.36000,0
9.2,0.39600,0.29075,0.30382,3.66838,0.09251,0.39000,0
9.3,0.39022,0.28733,0.30699,3.70538,0.10772,0.42000,0
9.4,0.39722,0.28651,0.30765,3.74190,0.12403,0.45000,0
9.5,0.39793,0.25993,0.30412,3.77792,0.14143,0.48000,0
9.6,0.41339,0.28366,0.30438,3.81340,0.15990,0.51000,0
9.7,0.40896,0.30216,0.31014,3.84831,0.17942,0.54000,0
9.8,0.40628,0.30598,0.30403,3.88262,0.19999,0.57000,0
9.9,0.39516,0.31082,0.30401,3.91629,0.22158,0.60000,0
10.0,0.40028,0.31186,0.30498,3.94931,0.24416,0.63000,0
10.1,0.41150,0.29516,0.30638,3.98163,0.26773,0.66000,0
10.2,0.40601,0.29677,0.30724,4.01323,0.29225,0.69000,0
10.3,0.42681,0.26209,0.30442,4.04408,0.31771,0.72000,0
10.4,0.41745,0.30691,0.30772,4.07415,0.34409,0.75000,0
10.5,0.39450,0.30066,0.30579,4.10342,0.37135,0.78000,0
10.6,0.39092,0.30593,0.30351,4.13185,0.39949,0.81000,0
10.7,0.39604,0.29573,0.30795,4.15943,0.42846,0.84000,0
10.8,0.40715,0.28303,0.30704,4.18613,0.45824,0.87000,0
10.9,0.42208,0.31464,0.30416,4.21193,0.48882,0.90000,0
11.0,0.39024,0.28621,0.30624,4.23679,0.52015,0.93000,0
11.1,0.41556,0.32376,0.30546,4.26070,0.55221,0.96000,0
11.2,0.38994,0.28508,0.30229,4.28364,0.58498,0.99000,0
11.3,0.41640,0.31012,0.30770,4.30559,0.61842,1.02000,0
11.4,0.39088,0.29711,0.30449,4.32653,0.65251,1.05000,0
11.5,0.39943,0.31560,0.30232,4.34643,0.68720,1.08000,0
11.6,0.39823,0.33341,0.30271,4.36528,0.72248,1.11000,0
11.7,0.40016,0.31582,0.30331,4.38307,0.75831,1.14000,0
11.8,0.40147,0.30848,0.30229,4.39977,0.79466,1.17000,0
11.9,0.40474,0.31676,0.30397,4.41538,0.83149,1.20000,0
12.0,0.40162,0.29349,0.30561,4.42987,0.86877,1.23000,0
12.1,0.40011,0.29464,0.30765,4.44324,0.90647,1.26000,0
12.2,0.40763,0.31643,0.30704,4.45547,0.94455,1.29000,0
12.3,0.38940,0.26549,0.30810,4.46656,0.98298,1.32000,0
12.4,0.39730,0.28696,0.30556,4.47649,1.02173,1.35000,0
12.5,0.40359,0.29231,0.30638,4.48525,1.06076,1.38000,0
12.6,0.42466,0.29238,0.30662,4.49283,1.10003,1.41000,0
12.7,0.40511,0.32203,0.30409,4.49924,1.13952,1.44000,0
12.8,0.39279,0.31033,0.30496,4.50445,1.17918,1.47000,0
12.9,0.41146,0.31453,0.30662,4.50848,1.21897,1.50000,0
13.0,0.40221,0.28812,0.30321,4.51131,1.25887,1.53000,0
13.1,0.40996,0.31462,0.30400,4.51294,1.29884,1.56000,0
13.2,0.38420,0.30849,0.30396,4.51337,1.33884,1.59000,0
13.3,0.38484,0.26065,0.30305,4.51260,1.37883,1.62000,0
13.4,0.40560,0.25086,0.30488,4.51064,1.41878,1.65000,0
13.5,0.40312,0.32235,0.30850,4.50747,1.45866,1.68000,0
13.6,0.38746,0.29554,0.30437,4.50311,1.49842,1.71000,0
13.7,0.38523,0.27141,0.30412,4.49756,1.53803,1.74000,0
13.8,0.39418,0.31392,0.30295,4.49083,1.57746,1.77000,0
13.9,0.39816,0.29063,0.30481,4.48291,1.61667,1.80000,0
14.0,0.39850,-0.00262,0.00346,4.47382,1.65562,1.80000,0
14.1,0.40273,-0.01412,0.00320,4.46473,1.69458,1.80000,0
14.2,0.39195,0.00090,0.00639,4.45565,1.73353,1.80000,0
14.3,0.39679,-0.05009,0.00624,4.44656,1.77249,1.80000,0
14.4,0.41043,0.00421,0.00396,4.43747,1.81144,1.80000,0
14.5,0.40609,-0.01061,0.00620,4.42838,1.85039,1.80000,0
14.6,0.39724,-0.02285,0.00525,4.41929,1.88935,1.80000,0
14.7,0.41017,0.02285,0.00736,4.41021,1.92830,1.80000,0
14.8,0.37384,-0.00021,0.00500,4.40112,1.96725,1.80000,0
14.9,0.38549,0.02976,0.00802,4.39203,2.00621,1.80000,0
15.0,0.38164,-0.03416,0.00346,4.38294,2.04516,1.80000,0
15.1,0.40680,-0.04160,0.00700,4.37385,2.08412,1.80000,0
15.2,0.38974,0.00210,0.00438,4.36477,2.12307,1.80000,0
15.3,0.40629,0.00052,0.00480,4.35568,2.16202,1.80000,0
15.4,0.39476,0.00539,0.00620,4.34659,2.20098,1.80000,0
15.5,0.38494,-0.00343,0.00341,4.33750,2.23993,1.80000,0
15.6,0.39992,-0.01732,0.00532,4.32841,2.27889,1.80000,0
15.7,0.38946,-0.00112,0.00704,4.31932,2.31784,1.80000,0
15.8,0.40176,0.00472,0.00499,4.31024,2.35679,1.80000,0
15.9,0.41623,-0.01024,0.00479,4.30115,2.39575,1.80000,0
16.0,0.40458,0.05387,0.00359,4.29206,2.43470,1.80000,0
16.1,0.40074,0.02247,0.00432,4.28297,2.47366,1.80000,0
16.2,0.39241,-0.02739,0.00530,4.27388,2.51261,1.80000,0
16.3,0.39954,0.00623,0.00479,4.26480,2.55156,1.80000,0
16.4,0.41353,-0.01242,0.00276,4.25571,2.59052,1.80000,0
16.5,0.40592,-0.00103,0.00455,4.24662,2.62947,1.80000,0
16.6,0.40735,0.01478,0.00269,4.23753,2.66843,1.80000,0
16.7,0.40444,0.01776,0.00727,4.22844,2.70738,1.80000,0
16.8,0.39944,-0.00788,0.00416,4.21936,2.74633,1.80000,0
16.9,0.39763,0.03031,0.00494,4.21027,2.78529,1.80000,0
17.0,0.40019,0.01253,0.00256,4.20118,2.82424,1.80000,0
17.1,0.41270,-0.00958,0.00598,4.19209,2.86319,1.80000,0
17.2,0.39179,0.02199,0.00884,4.18300,2.90215,1.80000,0
17.3,0.41883,0.02282,0.00554,4.17392,2.94110,1.80000,0
17.4,0.39787,-0.01372,0.00324,4.16483,2.98006,1.80000,0
17.5,0.39992,-0.01666,0.00617,4.15574,3.01901,1.80000,0
17.6,0.40178,0.01858,0.00326,4.14665,3.05796,1.80000,0
17.7,0.39048,-0.00179,0.00321,4.13756,3.09692,1.80000,0
17.8,0.40699,0.01718,0.00635,4.12847,3.13587,1.80000,0
17.9,0.38763,0.02545,0.00523,4.11939,3.17483,1.80000,0
18.0,0.39079,-0.01749,0.00311,4.11030,3.21378,1.80000,0
18.1,0.41258,-0.00590,0.00597,4.10121,3.25273,1.80000,0
18.2,0.39102,-0.01440,0.00408,4.09212,3.29169,1.80000,0
18.3,0.40288,0.00990,0.00525,4.08303,3.33064,1.80000,0
18.4,0.38949,0.00718,0.00675,4.07395,3.36960,1.80000,0
18.5,0.39345,-0.01484,0.00669,4.06486,3.40855,1.80000,0
18.6,0.39522,0.00104,0.00573,4.05577,3.44750,1.80000,0
18.7,0.39220,-0.00376,0.00720,4.04668,3.48646,1.80000,0
18.8,0.41000,0.01176,0.00646,4.03759,3.52541,1.80000,0
18.9,0.40275,0.00087,0.00486,4.02851,3.56437,1.80000,0
19.0,0.38956,-0.00160,0.00520,4.01942,3.60332,1.80000,0
19.1,0.40478,0.00778,0.00536,4.01033,3.64227,1.80000,0
19.2,0.41703,-0.00653,0.00736,4.00124,3.68123,1.80000,0
19.3,0.38417,-0.01782,0.00367,3.99215,3.72018,1.80000,0
19.4,0.40593,-0.00225,0.00464,3.98307,3.75913,1.80000,0
19.5,0.39672,0.03006,0.00855,3.97398,3.79809,1.80000,0
19.6,0.39568,-0.01383,0.00742,3.96489,3.83704,1.80000,0
19.7,0.39924,0.03934,0.00984,3.95580,3.87600,1.80000,0
19.8,0.40863,0.01147,0.00752,3.94671,3.91495,1.80000,0
19.9,0.41581,0.00592,0.00640,3.93763,3.95390,1.80000,0
20.0,0.38712,-0.23295,-0.24445,3.92854,3.99286,1.77500,0
20.1,0.41626,-0.27539,-0.24246,3.92043,4.03203,1.75000,0
20.2,0.39093,-0.23848,-0.24435,3.91330,4.07139,1.72500,0
20.3,0.38745,-0.26893,-0.24610,3.90715,4.11091,1.70000,0
20.4,0.39911,-0.26286,-0.24458,3.90200,4.15058,1.67500,0
20.5,0.40201,-0.27132,-0.24475,3.89784,4.19036,1.65000,0
20.6,0.38860,-0.25608,-0.24119,3.89467,4.23024,1.62500,0
20.7,0.40631,-0.26096,-0.24833,3.89251,4.27018,1.60000,0
20.8,0.40406,-0.22202,-0.24476,3.89134,4.31016,1.57500,0
20.9,0.38611,-0.25474,-0.24772,3.89117,4.35016,1.55000,0
21.0,0.39026,-0.25682,-0.24385,3.89200,4.39015,1.52500,0
21.1,0.40176,-0.26548,-0.24563,3.89383,4.43011,1.50000,0
21.2,0.40816,-0.26343,-0.24403,3.89666,4.47001,1.47500,0
21.3,0.40461,-0.27021,-0.24426,3.90049,4.50983,1.45000,0
21.4,0.39573,-0.28557,-0.24533,3.90531,4.54953,1.42500,0
21.5,0.38778,-0.24452,-0.24216,3.91112,4.58911,1.40000,0
21.6,0.39626,-0.25560,-0.24631,3.91792,4.62853,1.37500,0
21.7,0.37912,-0.27310,-0.24446,3.92570,4.66776,1.35000,0
21.8,0.40254,-0.25034,-0.24614,3.93446,4.70679,1.32500,0
21.9,0.41739,-0.23370,-0.24818,3.94419,4.74559,1.30000,0
22.0,0.41437,-0.21459,-0.24246,3.95489,4.78413,1.27500,0
22.1,0.39367,-0.24317,-0.24606,3.96655,4.82240,1.25000,0
22.2,0.39744,-0.26757,-0.24859,3.97917,4.86035,1.22500,0
22.3,0.40842,-0.22617,-0.24457,3.99272,4.89799,1.20000,0
22.4,0.41000,-0.26762,-0.24635,4.00722,4.93527,1.17500,0
22.5,0.39432,-0.22206,-0.24742,4.02264,4.97218,1.15000,0
22.6,0.40265,-0.22819,-0.24731,4.03898,5.00869,1.12500,0
22.7,0.38750,-0.24302,-0.24380,4.05623,5.04478,1.10000,0
22.8,0.38291,-0.23201,-0.24331,4.07437,5.08043,1.07500,0
22.9,0.40542,-0.25213,-0.24264,4.09340,5.11561,1.05000,0
23.0,0.40628,-0.24604,-0.24298,4.11330,5.15031,1.02500,0
23.1,0.40671,-0.22870,-0.24223,4.13407,5.18449,1.00000,0
23.2,0.38616,-0.24620,-0.24155,4.15568,5.21815,0.97500,0
23.3,0.38761,-0.22159,-0.24488,4.17813,5.25126,0.95000,0
23.4,0.40725,-0.26784,-0.24474,4.20139,5.28380,0.92500,0
23.5,0.40051,-0.25355,-0.24446,4.22547,5.31574,0.90000,0
23.6,0.41007,-0.27713,-0.24598,4.25033,5.34708,0.87500,0
23.7,0.41243,-0.27474,-0.24443,4.27597,5.37778,0.85000,0
23.8,0.39506,-0.24518,-0.24359,4.30237,5.40783,0.82500,0
23.9,0.38291,-0.25073,-0.24373,4.32951,5.43721,0.80000,0
24.0,0.41259,-0.21617,-0.24230,4.35738,5.46591,0.77500,0
24.1,0.41924,-0.25751,-0.24658,4.38596,5.49389,0.75000,0
24.2,0.40909,-0.27283,-0.24437,4.41522,5.52116,0.72500,0
24.3,0.41029,-0.22253,-0.24299,4.44516,5.54768,0.70000,0
24.4,0.40381,-0.23579,-0.24440,4.47576,5.57345,0.67500,0
24.5,0.42736,-0.24931,-0.24562,4.50699,5.59845,0.65000,0
24.6,0.40394,-0.24048,-0.24561,4.53883,5.62266,0.62500,0
24.7,0.40972,-0.21591,-0.24417,4.57127,5.64606,0.60000,0
24.8,0.38710,-0.24331,-0.24528,4.60428,5.66865,0.57500,0
24.9,0.40960,-0.26008,-0.24505,4.63785,5.69040,0.55000,0
25.0,0.38038,-0.25284,-0.24690,4.67195,5.71131,0.52500,0
25.1,0.40680,-0.25248,-0.24661,4.70656,5.73136,0.50000,0
25.2,0.40387,-0.25688,-0.24561,4.74167,5.75053,0.47500,0
25.3,0.40575,-0.27236,-0.24614,4.77724,5.76883,0.45000,0
25.4,0.41121,-0.25835,-0.24257,4.81326,5.78623,0.42500,0
25.5,0.40593,-0.25320,-0.24778,4.84970,5.80272,0.40000,0
25.6,0.39123,-0.26197,-0.24448,4.88654,5.81829,0.37500,0
25.7,0.39403,-0.27974,-0.24521,4.92376,5.83295,0.35000,0
25.8,0.39955,-0.24298,-0.24586,4.96134,5.84666,0.32500,0
25.9,0.41515,-0.25393,-0.24314,4.99924,5.85943,0.30000,0
26.0,0.41859,0.01381,0.00394,5.03746,5.87125,0.30000,0
26.1,0.38897,0.00003,0.00395,5.07567,5.88308,0.30000,0
26.2,0.38573,-0.00628,0.00689,5.11388,5.89490,0.30000,0
26.3,0.40538,0.01380,0.00657,5.15210,5.90672,0.30000,0
26.4,0.40511,-0.01121,0.00543,5.19031,5.91854,0.30000,0
26.5,0.39066,-0.00476,0.00885,5.22852,5.93036,0.30000,0
26.6,0.40432,-0.00773,0.00593,5.26674,5.94218,0.30000,0
26.7,0.40127,0.02013,0.00541,5.30495,5.95400,0.30000,0
26.8,0.38752,0.02277,0.00389,5.34316,5.96582,0.30000,0
26.9,0.41394,-0.03149,0.00510,5.38138,5.97764,0.30000,0
27.0,-0.00748,0.00475,0.00375,5.38138,5.97764,0.30000,0
27.1,0.01829,-0.01903,0.00701,5.38138,5.97764,0.30000,0
27.2,-0.00181,-0.00020,0.00431,5.38138,5.97764,0.30000,0
27.3,0.01776,0.02053,0.00541,5.38138,5.97764,0.30000,0
27.4,-0.00079,-0.02970,0.00547,5.38138,5.97764,0.30000,0
27.5,-0.00126,-0.01315,0.00062,5.38138,5.97764,0.30000,0
27.6,0.00234,0.00074,0.00615,5.38138,5.97764,0.30000,0
27.7,-0.00743,-0.01328,0.00668,5.38138,5.97764,0.30000,0
27.8,-0.00702,0.02373,0.00194,5.38138,5.97764,0.30000,0
27.9,0.00129,-0.00975,0.00680,5.38138,5.97764,0.30000,0
28.0,0.00586,-0.01009,0.00695,5.38138,5.97764,0.30000,0
28.1,0.00646,0.00054,0.00484,5.38138,5.97764,0.30000,0
28.2,0.00444,0.02495,0.00533,5.38138,5.97764,0.30000,0
28.3,-0.00203,0.00536,0.00645,5.38138,5.97764,0.30000,0
28.4,0.01009,-0.00031,0.00572,5.38138,5.97764,0.30000,0
28.5,0.01262,0.03318,0.00193,5.38138,5.97764,0.30000,0
28.6,0.01114,0.00069,0.00618,5.38138,5.97764,0.30000,0
28.7,0.00903,0.03707,0.00207,5.38138,5.97764,0.30000,0
28.8,-0.00545,-0.02267,0.00351,5.38138,5.97764,0.30000,0
28.9,-0.00282,0.01750,0.00635,5.38138,5.97764,0.30000,0
29.0,0.00852,-0.03087,0.00548,5.38138,5.97764,0.30000,0
29.1,-0.00034,-0.00523,0.00657,5.38138,5.97764,0.30000,0
29.2,0.01012,-0.02526,0.00680,5.38138,5.97764,0.30000,0
29.3,0.01745,-0.00531,0.00266,5.38138,5.97764,0.30000,0
29.4,0.00427,-0.04031,0.00467,5.38138,5.97764,0.30000,0
29.5,-0.00720,0.01859,0.00462,5.38138,5.97764,0.30000,0
29.6,-0.00675,0.02763,0.00453,5.38138,5.97764,0.30000,0
29.7,-0.01740,-0.00339,0.00610,5.38138,5.97764,0.30000,0
29.8,-0.00620,0.00859,0.00281,5.38138,5.97764,0.30000,0
29.9,-0.00966,-0.02484,0.00591,5.38138,5.97764,0.30000,0
30.0,0.37703,0.00586,0.00532,5.41959,5.98946,0.30000,0
30.1,0.40494,0.00928,0.00362,5.45780,6.00128,0.30000,0
30.2,0.40173,0.00655,0.00403,5.49602,6.01310,0.30000,0
30.3,0.39778,-0.05488,0.00449,5.53423,6.02493,0.30000,0
30.4,0.38994,0.01319,0.00569,5.57244,6.03675,0.30000,0
30.5,0.40708,-0.01053,0.00944,5.61066,6.04857,0.30000,0
30.6,0.40589,-0.01482,0.00254,5.64887,6.06039,0.30000,0
30.7,0.41627,0.02232,0.00543,5.68708,6.07221,0.30000,0
30.8,0.37567,0.01370,0.00894,5.72530,6.08403,0.30000,0
30.9,0.40389,-0.00609,0.00611,5.76351,6.09585,0.30000,0
31.0,0.39333,0.02027,0.00520,5.80172,6.10767,0.30000,0
31.1,0.38355,-0.00911,0.00811,5.83994,6.11949,0.30000,0
31.2,0.41270,-0.01794,0.00602,5.87815,6.13131,0.30000,0
31.3,0.40522,0.00594,0.00381,5.91636,6.14313,0.30000,0
31.4,0.40931,0.00186,0.00327,5.95458,6.15495,0.30000,0
31.5,0.40416,-0.00547,0.00478,5.99279,6.16677,0.30000,0
31.6,0.41056,-0.00791,0.00576,6.03101,6.17860,0.30000,0
31.7,0.39304,-0.02886,0.00317,6.06922,6.19042,0.30000,0
31.8,0.40766,-0.02521,0.00502,6.10743,6.20224,0.30000,0
31.9,0.40056,0.01623,0.00549,6.14565,6.21406,0.30000,0
32.0,0.40168,0.02773,0.00173,6.18386,6.22588,0.30000,0
32.1,0.39093,0.04520,0.00526,6.22207,6.23770,0.30000,0
32.2,0.38691,0.01023,0.00586,6.26029,6.24952,0.30000,0
32.3,0.39624,-0.01138,0.00569,6.29850,6.26134,0.30000,0
32.4,0.38855,-0.01049,0.00497,6.33671,6.27316,0.30000,0
32.5,0.39601,-0.02568,0.00602,6.37493,6.28498,0.30000,0
32.6,0.42491,-0.01829,0.00671,6.41314,6.29680,0.30000,0
32.7,0.39686,-0.01340,0.00884,6.45135,6.30862,0.30000,0
32.8,0.39407,0.00895,0.00392,6.48957,6.32045,0.30000,0
32.9,0.39167,0.03465,0.00454,6.52778,6.33227,0.30000,0
33.0,0.40047,0.01310,0.00568,6.56599,6.34409,0.30000,0
33.1,0.41388,0.00305,0.00475,6.60421,6.35591,0.30000,0
33.2,0.40294,0.00698,0.00299,6.64242,6.36773,0.30000,0
33.3,0.39187,0.02988,0.00705,6.68063,6.37955,0.30000,0
33.4,0.40369,0.03802,0.00870,6.71885,6.39137,0.30000,0
33.5,0.41069,-0.00528,0.00668,6.75706,6.40319,0.30000,0
33.6,0.39499,0.02048,0.00246,6.79527,6.41501,0.30000,0
33.7,0.40557,-0.02224,0.00454,6.83349,6.42683,0.30000,0
33.8,0.40581,0.01339,0.00436,6.87170,6.43865,0.30000,0
33.9,0.40620,-0.00495,0.00844,6.90991,6.45047,0.30000,0
34.0,0.38931,0.02801,0.00486,6.94813,6.46230,0.30000,0
34.1,0.40256,0.00060,0.00586,6.98634,6.47412,0.30000,0
34.2,0.40169,0.01519,0.00471,7.02456,6.48594,0.30000,0
34.3,0.38170,-0.01008,0.00367,7.06277,6.49776,0.30000,0
34.4,0.41399,-0.03195,0.00603,7.10098,6.50958,0.30000,0
34.5,0.40470,-0.05979,0.00618,7.13920,6.52140,0.30000,0
34.6,0.40769,-0.00309,0.00451,7.17741,6.53322,0.30000,0
34.7,0.38023,-0.02433,0.00486,7.21562,6.54504,0.30000,0
34.8,0.39719,0.01093,0.00446,7.25384,6.55686,0.30000,0
34.9,0.41688,-0.00928,0.00572,7.29205,6.56868,0.30000,0
35.0,0.38551,0.00435,0.00669,7.33026,6.58050,0.30000,0
35.1,0.42189,-0.02935,0.00409,7.36848,6.59232,0.30000,0
35.2,0.39349,-0.00640,0.00487,7.40669,6.60414,0.30000,0
35.3,0.41356,-0.00377,0.01063,7.44490,6.61597,0.30000,0
35.4,0.41984,-0.03905,0.00508,7.48312,6.62779,0.30000,0
35.5,0.39598,-0.01783,0.00709,7.52133,6.63961,0.30000,0
35.6,0.40290,-0.01370,0.00091,7.55954,6.65143,0.30000,0
35.7,0.40818,-0.03096,0.00283,7.59776,6.66325,0.30000,0
35.8,0.40843,0.01724,0.00764,7.63597,6.67507,0.30000,0
35.9,0.40084,0.00190,0.00529,7.67418,6.68689,0.30000,0
36.0,0.43438,-0.00494,0.00412,7.71240,6.69871,0.30000,0
36.1,0.39762,-0.01152,0.00802,7.75061,6.71053,0.30000,0
36.2,0.40171,-0.02085,0.00364,7.78882,6.72235,0.30000,0
36.3,0.39410,0.02261,0.00260,7.82704,6.73417,0.30000,0
36.4,0.40809,-0.00447,0.00524,7.86525,6.74599,0.30000,0
36.5,0.38159,0.00095,0.00350,7.90346,6.75782,0.30000,0
36.6,0.42267,0.01721,0.00672,7.94168,6.76964,0.30000,0
36.7,0.39942,0.00257,0.00858,7.97989,6.78146,0.30000,0
36.8,0.39746,0.00884,0.00530,8.01811,6.79328,0.30000,0
36.9,0.40051,-0.02112,0.00464,8.05632,6.80510,0.30000,0
37.0,0.40649,-0.01643,0.00452,8.09453,6.81692,0.30000,0
37.1,0.39469,0.00148,0.00402,8.13275,6.82874,0.30000,0
37.2,0.39803,-0.01938,0.00628,8.17096,6.84056,0.30000,0
37.3,0.39074,0.01992,0.00343,8.20917,6.85238,0.30000,0
37.4,0.40786,-0.01142,0.00712,8.24739,6.86420,0.30000,0
37.5,0.40849,-0.01921,0.00554,8.28560,6.87602,0.30000,0
37.6,0.41579,0.00131,0.00323,8.32381,6.88784,0.30000,0
37.7,0.41370,0.02464,0.00634,8.36203,6.89966,0.30000,0
37.8,0.39456,0.00168,0.00340,8.40024,6.91149,0.30000,0
37.9,0.39956,0.00469,0.00747,8.43845,6.92331,0.30000,0
38.0,0.41425,0.30351,0.30331,8.47667,6.93513,0.33000,0
38.1,0.39767,0.31311,0.30651,8.51451,6.94809,0.36000,0
38.2,0.39123,0.30933,0.30402,8.55194,6.96218,0.39000,0
38.3,0.40922,0.31424,0.30248,8.58894,6.97739,0.42000,0
38.4,0.40834,0.28024,0.30764,8.62546,6.99370,0.45000,0
38.5,0.39531,0.29851,0.30795,8.66148,7.01110,0.48000,0
38.6,0.39093,0.27614,0.30615,8.69696,7.02957,0.51000,0
38.7,0.41107,0.28821,0.30530,8.73187,7.04909,0.54000,0
38.8,0.40109,0.31977,0.30409,8.76618,7.06966,0.57000,0
38.9,0.39620,0.28018,0.30291,8.79986,7.09125,0.60000,0
39.0,0.39745,0.29330,0.30731,8.83287,7.11383,0.63000,0
39.1,0.40391,0.31398,0.30494,8.86519,7.13740,0.66000,0
39.2,0.38661,0.32208,0.30398,8.89679,7.16192,0.69000,0
39.3,0.40249,0.30200,0.30480,8.92764,7.18738,0.72000,0
39.4,0.39926,0.27393,0.30640,8.95771,7.21376,0.75000,0
39.5,0.40184,0.29742,0.30649,8.98698,7.24102,0.78000,0
39.6,0.41282,0.27453,0.30654,9.01542,7.26916,0.81000,0
39.7,0.38710,0.31524,0.30752,9.04300,7.29813,0.84000,0
39.8,0.38984,0.28986,0.30551,9.06969,7.32791,0.87000,0
39.9,0.39903,0.34463,0.30297,9.09549,7.35849,0.90000,0
40.0,0.39832,0.34297,0.30568,9.12035,7.38982,0.93000,0
40.1,0.54736,0.92382,0.30672,9.14427,7.42188,0.96000,1
40.2,0.55868,0.92115,0.30484,9.16721,7.45465,0.99000,1
40.3,0.55686,0.92767,0.30752,9.18915,7.48809,1.02000,1
40.4,0.55032,0.90907,0.30609,9.21009,7.52218,1.05000,1
40.5,0.55862,0.92161,0.30768,9.22999,7.55687,1.08000,1
40.6,0.53592,0.88533,0.30662,9.24884,7.59215,1.11000,1
40.7,0.56108,0.88264,0.30482,9.26663,7.62798,1.14000,1
40.8,0.54984,0.87114,0.30277,9.28333,7.66433,1.17000,1
40.9,0.56904,0.89462,0.30585,9.29894,7.70116,1.20000,1
41.0,0.54291,0.89974,0.30040,9.31344,7.73844,1.23000,1
41.1,0.55449,0.93400,0.30590,9.32680,7.77614,1.26000,1
41.2,0.55497,0.88844,0.30308,9.33904,7.81422,1.29000,1
41.3,0.55893,0.87312,0.30799,9.35012,7.85265,1.32000,1
41.4,0.54900,0.87460,0.30636,9.36005,7.89140,1.35000,1
41.5,0.53675,0.91661,0.30845,9.36881,7.93043,1.38000,1
41.6,0.41267,0.30022,0.30606,9.37640,7.96971,1.41000,0
41.7,0.37257,0.29983,0.30634,9.38280,8.00919,1.44000,0
41.8,0.39232,0.29400,0.30434,9.38802,8.04885,1.47000,0
41.9,0.39828,0.31681,0.30549,9.39204,8.08864,1.50000,0
42.0,0.39397,0.32695,0.30362,9.39487,8.12854,1.53000,0
42.1,0.39781,0.29723,0.30482,9.39650,8.16851,1.56000,0
42.2,0.38280,0.27025,0.30644,9.39693,8.20851,1.59000,0
42.3,0.40072,0.29536,0.30695,9.39617,8.24850,1.62000,0
42.4,0.40245,0.28135,0.30318,9.39420,8.28845,1.65000,0
42.5,0.40345,0.30452,0.30388,9.39103,8.32833,1.68000,0
42.6,0.42319,0.28885,0.30665,9.38667,8.36809,1.71000,0
42.7,0.40902,0.28996,0.30403,9.38112,8.40770,1.74000,0
42.8,0.39306,0.27058,0.30660,9.37439,8.44713,1.77000,0
42.9,0.39928,0.32276,0.30528,9.36647,8.48634,1.80000,0
43.0,0.39784,0.31253,0.30702,9.35738,8.52529,1.83000,0
43.1,0.39509,0.32678,0.30737,9.34713,8.56396,1.86000,0
43.2,0.40296,0.31125,0.30593,9.33572,8.60230,1.89000,0
43.3,0.38972,0.32255,0.30785,9.32317,8.64028,1.92000,0
43.4,0.39603,0.28403,0.30410,9.30949,8.67786,1.95000,0
43.5,0.39351,0.30383,0.30371,9.29468,8.71502,1.98000,0
43.6,0.40421,0.28862,0.30568,9.27876,8.75172,2.01000,0
43.7,0.39819,0.26402,0.30564,9.26175,8.78792,2.04000,0
43.8,0.38764,0.29318,0.30758,9.24367,8.82360,2.07000,0
43.9,0.39809,0.30140,0.30639,9.22452,8.85872,2.10000,0
44.0,0.37447,0.01782,0.00489,9.20432,8.89325,2.10000,0
44.1,0.40659,-0.03050,0.00494,9.18413,8.92777,2.10000,0
44.2,0.39417,0.01176,0.00338,9.16394,8.96230,2.10000,0
44.3,0.39480,-0.03295,0.00663,9.14374,8.99683,2.10000,0
44.4,0.40235,0.01876,0.00346,9.12355,9.03136,2.10000,0
44.5,0.41796,0.01735,0.00555,9.10336,9.06589,2.10000,0
44.6,0.39762,-0.00024,0.00429,9.08316,9.10042,2.10000,0
44.7,0.39678,0.01964,0.00317,9.06297,9.13494,2.10000,0
44.8,0.39849,0.04110,0.00760,9.04277,9.16947,2.10000,0
44.9,0.39253,0.01795,0.00713,9.02258,9.20400,2.10000,0
45.0,0.40854,-0.00794,0.00528,9.00239,9.23853,2.10000,0
45.1,0.40565,0.02372,0.00527,8.98219,9.27306,2.10000,0
45.2,0.38465,-0.00310,0.00552,8.96200,9.30759,2.10000,0
45.3,0.40795,-0.03715,0.00866,8.94181,9.34211,2.10000,0
45.4,0.40411,-0.03085,0.00631,8.92161,9.37664,2.10000,0
45.5,0.39796,0.03607,0.00336,8.90142,9.41117,2.10000,0
45.6,0.40793,0.01831,0.00625,8.88122,9.44570,2.10000,0
45.7,0.40510,-0.00413,0.00620,8.86103,9.48023,2.10000,0
45.8,0.40607,-0.02688,0.00472,8.84084,9.51476,2.10000,0
45.9,0.41481,0.00585,0.00552,8.82064,9.54928,2.10000,0
46.0,0.38646,-0.00010,0.00438,8.80045,9.58381,2.10000,0
46.1,0.38786,0.00286,0.00682,8.78025,9.61834,2.10000,0
46.2,0.41564,-0.03381,0.00728,8.76006,9.65287,2.10000,0
46.3,0.40035,-0.02550,0.00952,8.73987,9.68740,2.10000,0
46.4,0.40412,-0.01372,0.00659,8.71967,9.72193,2.10000,0
46.5,0.39577,-0.00936,0.00491,8.69948,9.75645,2.10000,0
46.6,0.40197,0.02124,0.00505,8.67929,9.79098,2.10000,0
46.7,0.39622,0.00252,0.00663,8.65909,9.82551,2.10000,0
46.8,0.39742,-0.01038,0.00542,8.63890,9.86004,2.10000,0
46.9,0.38865,0.00581,0.00517,8.61870,9.89457,2.10000,0
47.0,0.41617,0.01192,0.00554,8.59851,9.92910,2.10000,0
47.1,0.39569,-0.00353,0.00546,8.57832,9.96362,2.10000,0
47.2,0.40143,-0.00008,0.00519,8.55812,9.99815,2.10000,0
47.3,0.39682,-0.00424,0.00282,8.53793,10.03268,2.10000,0
47.4,0.39719,0.00381,0.00639,8.51773,10.06721,2.10000,0
47.5,0.38259,-0.00686,0.00226,8.49754,10.10174,2.10000,0
47.6,0.40970,0.01460,0.00672,8.47735,10.13627,2.10000,0
47.7,0.39831,0.00926,0.00496,8.45715,10.17080,2.10000,0
47.8,0.39355,0.01924,0.00304,8.43696,10.20532,2.10000,0
47.9,0.38271,-0.03205,0.00610,8.41677,10.23985,2.10000,0
48.0,0.40341,0.01612,0.00539,8.39657,10.27438,2.10000,0
48.1,0.41447,0.01136,0.00345,8.37638,10.30891,2.10000,0
48.2,0.40750,0.03213,0.00429,8.35618,10.34344,2.10000,0
48.3,0.40744,-0.00529,0.00437,8.33599,10.37797,2.10000,0
48.4,0.39248,-0.00328,0.00575,8.31580,10.41249,2.10000,0
48.5,0.41084,0.02172,0.00479,8.29560,10.44702,2.10000,0
48.6,0.41210,-0.00864,0.00383,8.27541,10.48155,2.10000,0
48.7,0.39729,0.01358,0.00285,8.25521,10.51608,2.10000,0
48.8,0.40278,-0.00748,0.00293,8.23502,10.55061,2.10000,0
48.9,0.37968,-0.00477,0.00655,8.21483,10.58514,2.10000,0
49.0,0.39509,-0.02035,0.00362,8.19463,10.61966,2.10000,0
49.1,0.40473,0.00208,0.00796,8.17444,10.65419,2.10000,0
49.2,0.40960,-0.00255,0.00562,8.15425,10.68872,2.10000,0
49.3,0.42061,-0.03173,0.00683,8.13405,10.72325,2.10000,0
49.4,0.38455,0.01617,0.00370,8.11386,10.75778,2.10000,0
49.5,0.39648,0.02348,0.00132,8.09366,10.79231,2.10000,0
49.6,0.42293,-0.02288,0.00365,8.07347,10.82683,2.10000,0
49.7,0.39473,-0.01244,0.00375,8.05328,10.86136,2.10000,0
49.8,0.41127,-0.01532,0.00737,8.03308,10.89589,2.10000,0
49.9,0.40201,0.00839,0.00375,8.01289,10.93042,2.10000,0
50.0,0.40126,-0.27140,-0.24405,7.99269,10.96495,2.07500,0
50.1,0.39329,-0.24961,-0.25143,7.97337,10.99997,2.05000,0
50.2,0.39572,-0.22648,-0.24415,7.95493,11.03546,2.02500,0
50.3,0.39573,-0.25361,-0.24785,7.93738,11.07141,2.00000,0
50.4,0.40158,-0.27207,-0.24673,7.92073,11.10778,1.97500,0
50.5,0.40329,-0.24957,-0.24410,7.90500,11.14456,1.95000,0
50.6,0.40859,-0.23212,-0.24692,7.89019,11.18172,1.92500,0
50.7,0.39186,-0.26860,-0.24524,7.87632,11.21923,1.90000,0
50.8,0.39778,-0.22930,-0.24628,7.86339,11.25708,1.87500,0
50.9,0.39678,-0.27204,-0.24087,7.85141,11.29525,1.85000,0
51.0,0.40071,-0.27491,-0.24428,7.84038,11.33370,1.82500,0
51.1,0.40491,-0.26123,-0.24599,7.83032,11.37241,1.80000,0
51.2,0.38659,-0.24792,-0.24340,7.82124,11.41137,1.77500,0
51.3,0.39818,-0.25320,-0.24614,7.81312,11.45054,1.75000,0
51.4,0.39784,-0.22490,-0.24297,7.80599,11.48990,1.72500,0
51.5,0.39220,-0.24836,-0.24540,7.79985,11.52942,1.70000,0
51.6,0.39666,-0.24301,-0.24677,7.79470,11.56909,1.67500,0
51.7,0.38055,-0.24408,-0.24409,7.79054,11.60887,1.65000,0
51.8,0.39063,-0.19971,-0.24652,7.78737,11.64875,1.62500,0
51.9,0.41134,-0.23452,-0.24749,7.78520,11.68869,1.60000,0
52.0,0.38743,-0.26177,-0.24592,7.78404,11.72867,1.57500,0
52.1,0.39772,-0.25983,-0.24595,7.78387,11.76867,1.55000,0
52.2,0.41107,-0.28263,-0.24214,7.78470,11.80866,1.52500,0
52.3,0.39827,-0.27745,-0.24446,7.78653,11.84862,1.50000,0
52.4,0.41173,-0.22785,-0.24494,7.78936,11.88852,1.47500,0
52.5,0.40753,-0.25193,-0.24423,7.79319,11.92834,1.45000,0
52.6,0.40002,-0.26081,-0.24540,7.79801,11.96804,1.42500,0
52.7,0.40878,-0.26969,-0.24426,7.80382,12.00762,1.40000,0
52.8,0.39877,-0.24898,-0.24328,7.81062,12.04704,1.37500,0
52.9,0.40389,-0.24905,-0.24547,7.81840,12.08627,1.35000,0
53.0,0.40926,-0.24145,-0.24660,7.82716,12.12530,1.32500,0
53.1,0.41337,-0.24814,-0.24698,7.83689,12.16410,1.30000,0
53.2,0.41228,-0.24523,-0.24407,7.84759,12.20264,1.27500,0
53.3,0.40593,-0.28147,-0.24671,7.85925,12.24091,1.25000,0
53.4,0.39900,-0.23881,-0.24323,7.87186,12.27886,1.22500,0
53.5,0.39417,-0.26823,-0.24163,7.88542,12.31650,1.20000,0
53.6,0.38498,-0.22290,-0.24456,7.89992,12.35378,1.17500,0
53.7,0.38150,-0.25024,-0.24483,7.91534,12.39069,1.15000,0
53.8,0.39996,-0.27111,-0.24754,7.93168,12.42720,1.12500,0
53.9,0.41539,-0.25962,-0.24379,7.94892,12.46329,1.10000,0
54.0,0.39472,-0.26369,-0.24446,7.96707,12.49894,1.07500,0
54.1,0.40225,-0.22114,-0.24271,7.98610,12.53412,1.05000,0
54.2,0.39748,-0.24365,-0.24410,8.00600,12.56882,1.02500,0
54.3,0.40383,-0.23484,-0.24465,8.02676,12.60300,1.00000,0
54.4,0.39585,-0.26132,-0.24534,8.04838,12.63666,0.97500,0
54.5,0.39529,-0.27089,-0.24706,8.07082,12.66977,0.95000,0
54.6,0.41115,-0.27145,-0.24510,8.09409,12.70231,0.92500,0
54.7,0.39966,-0.26077,-0.24156,8.11816,12.73425,0.90000,0
54.8,0.41121,-0.23062,-0.24502,8.14303,12.76559,0.87500,0
54.9,0.40446,-0.24822,-0.24624,8.16867,12.79629,0.85000,0
55.0,0.39519,-0.25575,-0.24480,8.19507,12.82634,0.82500,0
55.1,0.39739,-0.24312,-0.24620,8.22221,12.85572,0.80000,0
55.2,0.39280,-0.25164,-0.24335,8.25008,12.88442,0.77500,0
55.3,0.39626,-0.26993,-0.24755,8.27866,12.91240,0.75000,0
55.4,0.39205,-0.27002,-0.24567,8.30792,12.93967,0.72500,0
55.5,0.39169,-0.24108,-0.24698,8.33786,12.96619,0.70000,0
55.6,0.40705,-0.27106,-0.24280,8.36846,12.99196,0.67500,0
55.7,0.41270,-0.24822,-0.24575,8.39968,13.01696,0.65000,0
55.8,0.39829,-0.23272,-0.24446,8.43153,13.04117,0.62500,0
55.9,0.40081,-0.25429,-0.24271,8.46397,13.06457,0.60000,0
56.0,0.40397,-0.00615,0.00893,8.49698,13.08716,0.60000,0
56.1,0.39918,0.00775,0.00630,8.52999,13.10974,0.60000,0
56.2,0.40036,-0.03470,0.00364,8.56301,13.13233,0.60000,0
56.3,0.39361,0.01674,0.00586,8.59602,13.15491,0.60000,0
56.4,0.40543,-0.01860,0.00570,8.62903,13.17750,0.60000,0
56.5,0.39985,0.02365,0.00821,8.66205,13.20008,0.60000,0
56.6,0.40007,-0.00388,0.00123,8.69506,13.22267,0.60000,0
56.7,0.38233,0.01604,0.00392,8.72807,13.24526,0.60000,0
56.8,0.41641,0.02116,0.00549,8.76109,13.26784,0.60000,0
56.9,0.41153,-0.01550,0.00309,8.79410,13.29043,0.60000,0
57.0,-0.00298,-0.01215,0.00661,8.79410,13.29043,0.60000,0
57.1,-0.00069,0.00775,0.00678,8.79410,13.29043,0.60000,0
57.2,-0.01340,-0.02406,0.00277,8.79410,13.29043,0.60000,0
57.3,-0.01028,0.02059,0.00578,8.79410,13.29043,0.60000,0
57.4,-0.00712,0.03680,0.00487,8.79410,13.29043,0.60000,0
57.5,0.03054,0.00231,0.00632,8.79410,13.29043,0.60000,0
57.6,0.00212,0.01696,0.00491,8.79410,13.29043,0.60000,0
57.7,-0.01453,-0.02232,0.00642,8.79410,13.29043,0.60000,0
57.8,0.00134,0.00564,0.00587,8.79410,13.29043,0.60000,0
57.9,-0.00213,0.02604,0.00533,8.79410,13.29043,0.60000,0
58.0,0.00189,-0.01931,0.00103,8.79410,13.29043,0.60000,0
58.1,-0.00646,-0.00235,0.00899,8.79410,13.29043,0.60000,0
58.2,0.00057,0.01340,0.00404,8.79410,13.29043,0.60000,0
58.3,0.02680,0.00254,0.00341,8.79410,13.29043,0.60000,0
58.4,-0.00354,0.00848,0.00543,8.79410,13.29043,0.60000,0
58.5,0.01523,0.05757,0.00540,8.79410,13.29043,0.60000,0
58.6,0.00406,0.00397,0.00627,8.79410,13.29043,0.60000,0
58.7,-0.00369,0.00498,0.00360,8.79410,13.29043,0.60000,0
58.8,-0.00557,-0.01851,0.00532,8.79410,13.29043,0.60000,0
58.9,-0.01512,0.02501,0.00533,8.79410,13.29043,0.60000,0
59.0,0.01711,0.01010,0.00570,8.79410,13.29043,0.60000,0
59.1,0.00039,0.00253,0.00327,8.79410,13.29043,0.60000,0
59.2,0.00746,-0.01350,0.00404,8.79410,13.29043,0.60000,0
59.3,-0.01482,-0.02354,0.00418,8.79410,13.29043,0.60000,0
59.4,0.01088,-0.01364,0.00623,8.79410,13.29043,0.60000,0
59.5,0.00869,-0.02738,0.00527,8.79410,13.29043,0.60000,0
59.6,0.01507,-0.04437,0.00472,8.79410,13.29043,0.60000,0
59.7,-0.01255,-0.03968,0.00283,8.79410,13.29043,0.60000,0
59.8,-0.00652,0.00888,0.00695,8.79410,13.29043,0.60000,0
59.9,-0.00411,-0.00241,0.00574,8.79410,13.29043,0.60000,0
60.0,0.39067,0.02370,0.00640,8.82711,13.31301,0.60000,0
60.1,0.39318,-0.02621,0.00464,8.86013,13.33560,0.60000,0
60.2,0.40418,0.03955,0.00330,8.89314,13.35818,0.60000,0
60.3,0.41092,-0.01440,0.00826,8.92615,13.38077,0.60000,0
60.4,0.40229,0.00961,0.00704,8.95917,13.40336,0.60000,0
60.5,0.38842,0.00442,0.00426,8.99218,13.42594,0.60000,0
60.6,0.39926,0.03336,0.00606,9.02519,13.44853,0.60000,0
60.7,0.39329,0.02315,0.00795,9.05821,13.47111,0.60000,0
60.8,0.40512,-0.00126,0.00584,9.09122,13.49370,0.60000,0
60.9,0.38814,-0.00192,0.00336,9.12424,13.51628,0.60000,0
61.0,0.42796,-0.00870,0.00371,9.15725,13.53887,0.60000,0
61.1,0.38313,-0.00081,0.00416,9.19026,13.56146,0.60000,0
61.2,0.39801,0.02249,0.00636,9.22328,13.58404,0.60000,0
61.3,0.37205,0.01748,0.00704,9.25629,13.60663,0.60000,0
61.4,0.39638,-0.00819,0.00182,9.28930,13.62921,0.60000,0
61.5,0.39776,-0.01594,0.00679,9.32232,13.65180,0.60000,0
61.6,0.40161,0.02971,0.00516,9.35533,13.67438,0.60000,0
61.7,0.39831,0.03632,0.00626,9.38834,13.69697,0.60000,0
61.8,0.42101,0.00131,0.00556,9.42136,13.71956,0.60000,0
61.9,0.40370,0.00308,0.00441,9.45437,13.74214,0.60000,0
62.0,0.40392,0.02107,0.00579,9.48738,13.76473,0.60000,0
62.1,0.37839,-0.01892,0.00604,9.52040,13.78731,0.60000,0
62.2,0.40745,-0.02285,0.00578,9.55341,13.80990,0.60000,0
62.3,0.41329,-0.00454,0.00273,9.58642,13.83248,0.60000,0
62.4,0.39962,0.00390,0.00389,9.61944,13.85507,0.60000,0
62.5,0.39471,0.02254,0.00302,9.65245,13.87766,0.60000,0
62.6,0.40292,-0.01670,0.00706,9.68546,13.90024,0.60000,0
62.7,0.39557,-0.01896,0.00530,9.71848,13.92283,0.60000,0
62.8,0.38700,0.02465,0.00827,9.75149,13.94541,0.60000,0
62.9,0.39819,-0.00746,0.00723,9.78450,13.96800,0.60000,0
63.0,0.39148,-0.00450,0.00421,9.81752,13.99058,0.60000,0
63.1,0.40249,0.02646,0.00409,9.85053,14.01317,0.60000,0
63.2,0.40823,-0.01211,0.00358,9.88354,14.03576,0.60000,0
63.3,0.38461,0.01035,0.00487,9.91656,14.05834,0.60000,0
63.4,0.40225,0.01915,0.00727,9.94957,14.08093,0.60000,0
63.5,0.39737,-0.00887,0.00558,9.98258,14.10351,0.60000,0
63.6,0.40160,0.02346,0.00200,10.01560,14.12610,0.60000,0
63.7,0.40432,-0.01486,0.00927,10.04861,14.14868,0.60000,0
63.8,0.37455,-0.03460,0.00576,10.08162,14.17127,0.60000,0
63.9,0.38567,0.00113,0.00485,10.11464,14.19386,0.60000,0
64.0,0.39211,0.00113,0.00709,10.14765,14.21644,0.60000,0
64.1,0.40573,0.02003,0.00536,10.18066,14.23903,0.60000,0
64.2,0.38949,-0.01992,0.00535,10.21368,14.26161,0.60000,0
64.3,0.39610,0.00656,0.00610,10.24669,14.28420,0.60000,0
64.4,0.39795,-0.00591,0.00460,10.27971,14.30678,0.60000,0
64.5,0.39344,0.01195,0.00288,10.31272,14.32937,0.60000,0
64.6,0.38343,-0.02998,0.00513,10.34573,14.35196,0.60000,0
64.7,0.38762,-0.02545,0.00414,10.37875,14.37454,0.60000,0
64.8,0.39952,-0.00228,0.00070,10.41176,14.39713,0.60000,0
64.9,0.39047,-0.02713,0.00620,10.44477,14.41971,0.60000,0
65.0,0.38865,-0.01588,0.00720,10.47779,14.44230,0.60000,0
65.1,0.40940,-0.02954,0.00367,10.51080,14.46488,0.60000,0
65.2,0.39871,0.00536,0.00419,10.54381,14.48747,0.60000,0
65.3,0.39113,0.00381,0.00887,10.57683,14.51006,0.60000,0
65.4,0.38696,0.00607,0.00501,10.60984,14.53264,0.60000,0
65.5,0.40916,0.00468,0.00248,10.64285,14.55523,0.60000,0
65.6,0.41178,0.00255,0.00601,10.67587,14.57781,0.60000,0
65.7,0.40977,0.02071,0.00628,10.70888,14.60040,0.60000,0
65.8,0.40036,-0.00755,0.00361,10.74189,14.62298,0.60000,0
65.9,0.40282,-0.00483,0.00337,10.77491,14.64557,0.60000,0
66.0,0.39818,0.02079,0.00266,10.80792,14.66816,0.60000,0
66.1,0.38917,-0.00324,0.00487,10.84093,14.69074,0.60000,0
66.2,0.39060,0.00386,0.00461,10.87395,14.71333,0.60000,0
66.3,0.40373,-0.01150,0.00635,10.90696,14.73591,0.60000,0
66.4,0.39799,-0.03654,0.00055,10.93997,14.75850,0.60000,0
66.5,0.41014,-0.03151,0.00215,10.97299,14.78108,0.60000,0
66.6,0.40976,0.00852,0.00723,11.00600,14.80367,0.60000,0
66.7,0.40847,0.00955,0.00538,11.03901,14.82626,0.60000,0
66.8,0.40669,0.03271,0.00315,11.07203,14.84884,0.60000,0
66.9,0.38691,-0.02580,0.00433,11.10504,14.87143,0.60000,0
67.0,0.40547,-0.05585,0.00075,11.13805,14.89401,0.60000,0
67.1,0.40101,-0.02141,0.00574,11.17107,14.91660,0.60000,0
67.2,0.42305,0.03935,0.00378,11.20408,14.93918,0.60000,0
67.3,0.41599,0.01426,0.00205,11.23709,14.96177,0.60000,0
67.4,0.39326,0.02383,0.00746,11.27011,14.98436,0.60000,0
67.5,0.40779,-0.01227,0.00233,11.30312,15.00694,0.60000,0
67.6,0.39322,0.04096,0.00559,11.33613,15.02953,0.60000,0
67.7,0.39412,0.01866,0.00462,11.36915,15.05211,0.60000,0
67.8,0.39081,-0.02917,0.00600,11.40216,15.07470,0.60000,0
67.9,0.39700,-0.01583,0.00712,11.43517,15.09728,0.60000,0
68.0,0.40031,0.28587,0.30366,11.46819,15.11987,0.63000,0
68.1,0.41465,0.30942,0.30581,11.50051,15.14344,0.66000,0
68.2,0.38684,0.31399,0.30841,11.53211,15.16796,0.69000,0
68.3,0.39675,0.26483,0.30341,11.56296,15.19342,0.72000,0
68.4,0.38591,0.31370,0.30742,11.59303,15.21980,0.75000,0
68.5,0.40029,0.30506,0.30430,11.62230,15.24706,0.78000,0
68.6,0.39563,0.28655,0.30349,11.65074,15.27519,0.81000,0
68.7,0.38965,0.27508,0.30275,11.67832,15.30416,0.84000,0
68.8,0.40348,0.32014,0.30510,11.70501,15.33395,0.87000,0
68.9,0.40471,0.34308,0.30440,11.73081,15.36452,0.90000,0
69.0,0.39219,0.31603,0.30406,11.75567,15.39586,0.93000,0
69.1,0.40145,0.30058,0.30835,11.77958,15.42792,0.96000,0
69.2,0.39092,0.29465,0.30825,11.80253,15.46069,0.99000,0
69.3,0.41105,0.30722,0.30568,11.82447,15.49413,1.02000,0
69.4,0.41240,0.29190,0.30334,11.84541,15.52821,1.05000,0
69.5,0.40313,0.27383,0.30447,11.86531,15.56291,1.08000,0
69.6,0.40629,0.32098,0.30729,11.88416,15.59819,1.11000,0
69.7,0.38673,0.29568,0.30345,11.90195,15.63402,1.14000,0
69.8,0.39948,0.31582,0.30722,11.91865,15.67036,1.17000,0
69.9,0.40699,0.32182,0.30578,11.93426,15.70719,1.20000,0
70.0,0.39755,0.29062,0.30392,11.94875,15.74447,1.23000,0
70.1,0.40398,0.31020,0.30901,11.96212,15.78217,1.26000,0
70.2,0.38986,0.31546,0.30334,11.97436,15.82026,1.29000,0
70.3,0.41495,0.29831,0.30473,11.98544,15.85869,1.32000,0
70.4,0.40909,0.28758,0.30543,11.99537,15.89744,1.35000,0
70.5,0.39699,0.32144,0.30567,12.00413,15.93647,1.38000,0
70.6,0.40443,0.31608,0.30658,12.01171,15.97574,1.41000,0
70.7,0.39812,0.25353,0.30491,12.01812,16.01523,1.44000,0
70.8,0.39592,0.32586,0.30363,12.02334,16.05489,1.47000,0
70.9,0.38666,0.31677,0.30310,12.02736,16.09468,1.50000,0
71.0,0.40840,0.29562,0.30528,12.03019,16.13458,1.53000,0
71.1,0.38947,0.31951,0.30420,12.03182,16.17455,1.56000,0
71.2,0.40814,0.28765,0.30635,12.03225,16.21455,1.59000,0
71.3,0.39196,0.30248,0.30580,12.03148,16.25454,1.62000,0
71.4,0.40337,0.28565,0.30265,12.02952,16.29449,1.65000,0
71.5,0.40776,0.28872,0.30567,12.02635,16.33437,1.68000,0
71.6,0.40068,0.33305,0.30644,12.02199,16.37413,1.71000,0
71.7,0.39563,0.31023,0.30515,12.01644,16.41374,1.74000,0
71.8,0.40451,0.31590,0.30688,12.00971,16.45317,1.77000,0
71.9,0.41008,0.29496,0.30577,12.00179,16.49238,1.80000,0
72.0,0.39414,0.28264,0.30428,11.99270,16.53133,1.83000,0
72.1,0.39973,0.31297,0.30390,11.98245,16.57000,1.86000,0
72.2,0.40622,0.31258,0.30261,11.97104,16.60833,1.89000,0
72.3,0.40636,0.28054,0.30355,11.95849,16.64631,1.92000,0
72.4,0.38964,0.34542,0.30537,11.94481,16.68390,1.95000,0
72.5,0.40798,0.29192,0.30300,11.93000,16.72106,1.98000,0
72.6,0.39830,0.29538,0.30566,11.91408,16.75776,2.01000,0
72.7,0.39628,0.30884,0.30507,11.89707,16.79396,2.04000,0
72.8,0.41097,0.29112,0.30656,11.87899,16.82964,2.07000,0
72.9,0.38987,0.32457,0.30336,11.85984,16.86475,2.10000,0
73.0,0.41990,0.30232,0.30448,11.83964,16.89928,2.13000,0
73.1,0.40630,0.27504,0.30649,11.81842,16.93319,2.16000,0
73.2,0.40014,0.28669,0.30390,11.79620,16.96645,2.19000,0
73.3,0.38642,0.30496,0.30619,11.77298,16.99902,2.22000,0
73.4,0.39817,0.28499,0.30413,11.74880,17.03088,2.25000,0
73.5,0.38573,0.27271,0.30610,11.72367,17.06200,2.28000,0
73.6,0.39044,0.31386,0.30067,11.69762,17.09236,2.31000,0
73.7,0.41413,0.31568,0.30551,11.67067,17.12192,2.34000,0
73.8,0.38611,0.35488,0.30655,11.64285,17.15066,2.37000,0
73.9,0.40688,0.33753,0.30454,11.61418,17.17855,2.40000,0
74.0,0.39814,0.03706,0.00205,11.58468,17.20557,2.40000,0
74.1,0.40874,0.00156,0.00621,11.55519,17.23259,2.40000,0
74.2,0.40098,-0.00274,0.00665,11.52569,17.25961,2.40000,0
74.3,0.40795,0.02072,0.00407,11.49620,17.28662,2.40000,0
74.4,0.40425,0.00253,0.00588,11.46670,17.31364,2.40000,0
74.5,0.41672,0.02567,0.00710,11.43720,17.34066,2.40000,0
74.6,0.40208,-0.00827,0.00658,11.40771,17.36768,2.40000,0
74.7,0.40410,0.01021,0.00439,11.37821,17.39470,2.40000,0
74.8,0.39762,0.00415,0.00738,11.34872,17.42172,2.40000,0
74.9,0.38825,0.00618,0.00531,11.31922,17.44874,2.40000,0
75.0,0.42107,-0.00739,0.00480,11.28973,17.47575,2.40000,0
75.1,0.39821,-0.01563,0.00478,11.26023,17.50277,2.40000,0
75.2,0.39877,-0.00717,0.00595,11.23073,17.52979,2.40000,0
75.3,0.40928,-0.00172,0.00520,11.20124,17.55681,2.40000,0
75.4,0.39993,0.02259,0.00424,11.17174,17.58383,2.40000,0
75.5,0.37909,0.00374,0.00682,11.14225,17.61085,2.40000,0
75.6,0.41013,-0.00700,0.00680,11.11275,17.63786,2.40000,0
75.7,0.39170,-0.01775,0.00240,11.08326,17.66488,2.40000,0
75.8,0.39645,0.00156,0.00508,11.05376,17.69190,2.40000,0
75.9,0.40781,-0.00077,0.00539,11.02426,17.71892,2.40000,0
76.0,0.39828,0.00245,0.00465,10.99477,17.74594,2.40000,0
76.1,0.39036,-0.01962,0.00456,10.96527,17.77296,2.40000,0
76.2,0.40557,-0.00367,0.00428,10.93578,17.79998,2.40000,0
76.3,0.39027,-0.02219,0.00364,10.90628,17.82699,2.40000,0
76.4,0.39418,-0.00595,0.00391,10.87679,17.85401,2.40000,0
76.5,0.39963,-0.00449,0.00503,10.84729,17.88103,2.40000,0
76.6,0.42301,-0.00052,0.00547,10.81779,17.90805,2.40000,0
76.7,0.39866,-0.01448,0.00781,10.78830,17.93507,2.40000,0
76.8,0.38800,-0.00920,0.00494,10.75880,17.96209,2.40000,0
76.9,0.39879,0.00302,0.00342,10.72931,17.98911,2.40000,0
77.0,0.38475,0.01357,0.00308,10.69981,18.01612,2.40000,0
77.1,0.40848,0.01193,0.00153,10.67032,18.04314,2.40000,0
77.2,0.41546,-0.03314,0.00545,10.64082,18.07016,2.40000,0
77.3,0.39314,0.00419,0.00691,10.61132,18.09718,2.40000,0
77.4,0.38802,-0.02904,0.00409,10.58183,18.12420,2.40000,0
77.5,0.40782,0.00357,0.00666,10.55233,18.15122,2.40000,0
77.6,0.41239,-0.01943,0.00584,10.52284,18.17824,2.40000,0
77.7,0.41025,0.00016,0.00282,10.49334,18.20525,2.40000,0
77.8,0.40715,0.01420,0.00308,10.46385,18.23227,2.40000,0
77.9,0.42126,-0.01390,0.00397,10.43435,18.25929,2.40000,0
78.0,0.38393,0.04067,0.00157,10.40485,18.28631,2.40000,0
78.1,0.42115,0.00071,0.01040,10.37536,18.31333,2.40000,0
78.2,0.41286,0.03028,0.00532,10.34586,18.34035,2.40000,0
78.3,0.39992,0.00138,0.00619,10.31637,18.36737,2.40000,0
78.4,0.38472,-0.02087,0.00602,10.28687,18.39438,2.40000,0
78.5,0.39188,0.01387,0.00658,10.25737,18.42140,2.40000,0
78.6,0.39407,0.01115,0.00419,10.22788,18.44842,2.40000,0
78.7,0.41718,-0.01581,0.00749,10.19838,18.47544,2.40000,0
78.8,0.39817,-0.02433,0.00698,10.16889,18.50246,2.40000,0
78.9,0.40701,-0.00176,0.00726,10.13939,18.52948,2.40000,0
79.0,0.39910,0.01454,0.00425,10.10990,18.55649,2.40000,0
79.1,0.41373,-0.02466,0.00693,10.08040,18.58351,2.40000,0
79.2,0.39711,0.02022,0.00510,10.05090,18.61053,2.40000,0
79.3,0.38948,-0.00566,0.00618,10.02141,18.63755,2.40000,0
79.4,0.39723,-0.00954,0.00389,9.99191,18.66457,2.40000,0
79.5,0.40609,-0.06421,0.00627,9.96242,18.69159,2.40000,0
79.6,0.40886,-0.00160,0.00701,9.93292,18.71861,2.40000,0
79.7,0.39895,-0.00153,0.00397,9.90343,18.74562,2.40000,0
79.8,0.39759,-0.02649,0.00250,9.87393,18.77264,2.40000,0
79.9,0.40968,-0.00884,0.00648,9.84443,18.79966,2.40000,0
80.0,0.41432,-0.23247,-0.24819,9.81494,18.82668,2.37500,0
80.1,0.40978,-0.20182,-0.24247,9.78613,18.85443,2.35000,0
80.2,0.40473,-0.26454,-0.24765,9.75802,18.88289,2.32500,0
80.3,0.40948,-0.21152,-0.24435,9.73063,18.91204,2.30000,0
80.4,0.41111,-0.24517,-0.24268,9.70398,18.94187,2.27500,0
80.5,0.39526,-0.24141,-0.24551,9.67808,18.97235,2.25000,0
80.6,0.39244,-0.25206,-0.24543,9.65296,19.00348,2.22500,0
80.7,0.37816,-0.27017,-0.24480,9.62861,19.03522,2.20000,0
80.8,0.39409,-0.27893,-0.24348,9.60507,19.06756,2.17500,0
80.9,0.39682,-0.27497,-0.24510,9.58235,19.10047,2.15000,0
81.0,0.39457,-0.24040,-0.24451,9.56046,19.13395,2.12500,0
81.1,0.39885,-0.24173,-0.24681,9.53941,19.16796,2.10000,0
81.2,0.41375,-0.25431,-0.24702,9.51921,19.20249,2.07500,0
81.3,0.39293,-0.22078,-0.24175,9.49989,19.23751,2.05000,0
81.4,0.40231,-0.24500,-0.24194,9.48144,19.27301,2.02500,0
81.5,0.39426,-0.26167,-0.24242,9.46389,19.30895,2.00000,0
81.6,0.40522,-0.27751,-0.24405,9.44725,19.34533,1.97500,0
81.7,0.40723,-0.25065,-0.24634,9.43152,19.38210,1.95000,0
81.8,0.40935,-0.26210,-0.24433,9.41671,19.41926,1.92500,0
81.9,0.38443,-0.25464,-0.24167,9.40284,19.45678,1.90000,0
82.0,0.37781,-0.26122,-0.24364,9.38990,19.49463,1.87500,0
82.1,0.40468,-0.22552,-0.24322,9.37792,19.53279,1.85000,0
82.2,0.40509,-0.21989,-0.24528,9.36690,19.57124,1.82500,0
82.3,0.40889,-0.18875,-0.24723,9.35684,19.60996,1.80000,0
82.4,0.40261,-0.27356,-0.24134,9.34775,19.64891,1.77500,0
82.5,0.41244,-0.24905,-0.24610,9.33964,19.68808,1.75000,0
82.6,0.40482,-0.24794,-0.24258,9.33251,19.72744,1.72500,0
82.7,0.38492,-0.23496,-0.24767,9.32637,19.76697,1.70000,0
82.8,0.39931,-0.24868,-0.24179,9.32121,19.80663,1.67500,0
82.9,0.40541,-0.25211,-0.24400,9.31705,19.84642,1.65000,0
83.0,0.40166,-0.24670,-0.24442,9.31389,19.88629,1.62500,0
83.1,0.38751,-0.27756,-0.24611,9.31172,19.92623,1.60000,0
83.2,0.38862,-0.25250,-0.24627,9.31055,19.96621,1.57500,0
83.3,0.39685,-0.22781,-0.24456,9.31038,20.00621,1.55000,0
83.4,0.42866,-0.22843,-0.24617,9.31122,20.04621,1.52500,0
83.5,0.40386,-0.23274,-0.24495,9.31305,20.08616,1.50000,0
83.6,0.39353,-0.26460,-0.24693,9.31588,20.12606,1.47500,0
83.7,0.38150,-0.26530,-0.24884,9.31970,20.16588,1.45000,0
83.8,0.40713,-0.25025,-0.24674,9.32452,20.20559,1.42500,0
83.9,0.40162,-0.24984,-0.24706,9.33033,20.24516,1.40000,0
84.0,0.39018,-0.28303,-0.24351,9.33713,20.28458,1.37500,0
84.1,0.39577,-0.24052,-0.24622,9.34492,20.32382,1.35000,0
84.2,0.37831,-0.26313,-0.24437,9.35368,20.36285,1.32500,0
84.3,0.39695,-0.25552,-0.24460,9.36341,20.40164,1.30000,0
84.4,0.39479,-0.26445,-0.24450,9.37411,20.44019,1.27500,0
84.5,0.40409,-0.26532,-0.24722,9.38577,20.47845,1.25000,0
84.6,0.41414,-0.26004,-0.24537,9.39838,20.51641,1.22500,0
84.7,0.39379,-0.28258,-0.24432,9.41194,20.55404,1.20000,0
84.8,0.40925,-0.25887,-0.24551,9.42643,20.59132,1.17500,0
84.9,0.38915,-0.23376,-0.24579,9.44186,20.62823,1.15000,0
85.0,0.41213,-0.24970,-0.24537,9.45819,20.66474,1.12500,0
85.1,0.55209,0.40701,-0.24602,9.47544,20.70083,1.10000,1
85.2,0.54724,0.33577,-0.24778,9.49359,20.73648,1.07500,1
85.3,0.55364,0.28912,-0.24747,9.51262,20.77166,1.05000,1
85.4,0.53830,0.32373,-0.24428,9.53252,20.80636,1.02500,1
85.5,0.53444,0.35774,-0.24727,9.55328,20.84055,1.00000,1
85.6,0.54702,0.36838,-0.24499,9.57489,20.87421,0.97500,1
85.7,0.56256,0.30327,-0.24577,9.59734,20.90732,0.95000,1
85.8,0.55567,0.35533,-0.24587,9.62061,20.93985,0.92500,1
85.9,0.56569,0.32856,-0.24417,9.64468,20.97180,0.90000,1
86.0,0.51391,0.56330,0.00669,9.66955,21.00313,0.90000,1
86.1,0.39469,-0.01694,0.00413,9.69441,21.03446,0.90000,0
86.2,0.38973,0.02299,0.00605,9.71927,21.06580,0.90000,0
86.3,0.42939,-0.01530,0.00637,9.74414,21.09713,0.90000,0
86.4,0.39343,0.05014,0.00632,9.76900,21.12846,0.90000,0
86.5,0.40539,-0.00780,0.00700,9.79387,21.15980,0.90000,0
86.6,0.41824,-0.03990,0.00316,9.81873,21.19113,0.90000,0
86.7,0.39759,-0.02573,0.00593,9.84360,21.22246,0.90000,0
86.8,0.39331,0.00108,0.00451,9.86846,21.25379,0.90000,0
86.9,0.38475,-0.00654,0.00359,9.89333,21.28513,0.90000,0
87.0,-0.01880,-0.02263,0.00472,9.89333,21.28513,0.90000,0
87.1,-0.00386,-0.00850,0.00391,9.89333,21.28513,0.90000,0
87.2,-0.00465,-0.01790,0.00554,9.89333,21.28513,0.90000,0
87.3,-0.01518,0.00448,0.00769,9.89333,21.28513,0.90000,0
87.4,0.00975,-0.02610,0.00339,9.89333,21.28513,0.90000,0
87.5,-0.00130,-0.01116,0.00275,9.89333,21.28513,0.90000,0
87.6,-0.01842,-0.01113,0.00434,9.89333,21.28513,0.90000,0
87.7,-0.00878,0.01514,0.00755,9.89333,21.28513,0.90000,0
87.8,-0.01186,-0.00774,0.00636,9.89333,21.28513,0.90000,0
87.9,0.00064,0.00696,0.00445,9.89333,21.28513,0.90000,0
88.0,0.00254,0.01518,0.00763,9.89333,21.28513,0.90000,0
88.1,-0.00878,-0.02041,0.00668,9.89333,21.28513,0.90000,0
88.2,0.00250,0.00648,0.00992,9.89333,21.28513,0.90000,0
88.3,0.01199,0.03320,0.00543,9.89333,21.28513,0.90000,0
88.4,0.00414,0.03054,0.00558,9.89333,21.28513,0.90000,0
88.5,-0.00904,-0.01204,0.00567,9.89333,21.28513,0.90000,0
88.6,0.01352,0.01939,0.00597,9.89333,21.28513,0.90000,0
88.7,0.01108,-0.03042,0.00530,9.89333,21.28513,0.90000,0
88.8,-0.00480,-0.01070,0.00732,9.89333,21.28513,0.90000,0
88.9,0.00161,-0.00348,0.00763,9.89333,21.28513,0.90000,0
89.0,0.00273,0.00851,0.00598,9.89333,21.28513,0.90000,0
89.1,-0.01747,0.02700,0.00631,9.89333,21.28513,0.90000,0
89.2,-0.00538,0.03584,0.00810,9.89333,21.28513,0.90000,0
89.3,0.00324,-0.00807,0.00624,9.89333,21.28513,0.90000,0
89.4,0.00970,-0.01397,0.00650,9.89333,21.28513,0.90000,0
89.5,0.01791,-0.02443,0.00442,9.89333,21.28513,0.90000,0
89.6,0.00911,0.01895,0.00557,9.89333,21.28513,0.90000,0
89.7,-0.00150,0.01447,0.00501,9.89333,21.28513,0.90000,0
89.8,0.00197,0.00815,0.00513,9.89333,21.28513,0.90000,0
89.9,0.00229,-0.01940,0.00317,9.89333,21.28513,0.90000,0
90.0,0.41392,0.00813,0.00399,9.91819,21.31646,0.90000,0
90.1,0.41312,0.00061,0.00609,9.94305,21.34779,0.90000,0
90.2,0.40125,0.03932,0.00425,9.96792,21.37913,0.90000,0
90.3,0.41734,-0.00509,0.00367,9.99278,21.41046,0.90000,0
90.4,0.38889,0.02673,0.00224,10.01765,21.44179,0.90000,0
90.5,0.38917,0.00727,0.00557,10.04251,21.47313,0.90000,0
90.6,0.40483,0.01342,0.00907,10.06738,21.50446,0.90000,0
90.7,0.39519,-0.01244,0.00540,10.09224,21.53579,0.90000,0
90.8,0.40713,-0.00922,0.00733,10.11710,21.56713,0.90000,0
90.9,0.39263,0.00192,0.00469,10.14197,21.59846,0.90000,0
91.0,0.39801,0.00510,0.00402,10.16683,21.62979,0.90000,0
91.1,0.40166,0.00108,0.00513,10.19170,21.66112,0.90000,0
91.2,0.40745,0.01656,0.00629,10.21656,21.69246,0.90000,0
91.3,0.40193,0.01785,0.00384,10.24143,21.72379,0.90000,0
91.4,0.39437,0.01021,0.00522,10.26629,21.75512,0.90000,0
91.5,0.38879,0.00921,0.00906,10.29116,21.78646,0.90000,0
91.6,0.41967,-0.01014,0.00605,10.31602,21.81779,0.90000,0
91.7,0.38733,0.04803,0.00762,10.34088,21.84912,0.90000,0
91.8,0.39509,-0.00762,0.00846,10.36575,21.88046,0.90000,0
91.9,0.41093,0.01571,0.00791,10.39061,21.91179,0.90000,0
92.0,0.39404,-0.01366,0.00668,10.41548,21.94312,0.90000,0
92.1,0.38714,-0.02317,0.00362,10.44034,21.97446,0.90000,0
92.2,0.41468,0.02877,0.00701,10.46521,22.00579,0.90000,0
92.3,0.41687,0.01641,0.00459,10.49007,22.03712,0.90000,0
92.4,0.40935,-0.01072,0.00173,10.51494,22.06845,0.90000,0
92.5,0.39376,0.01574,0.00637,10.53980,22.09979,0.90000,0
92.6,0.39786,0.02765,0.00720,10.56466,22.13112,0.90000,0
92.7,0.40510,-0.03771,0.00559,10.58953,22.16245,0.90000,0
92.8,0.39815,-0.00681,0.00254,10.61439,22.19379,0.90000,0
92.9,0.38848,-0.00539,0.00477,10.63926,22.22512,0.90000,0
93.0,0.42328,-0.01649,0.00720,10.66412,22.25645,0.90000,0
93.1,0.39927,-0.02511,0.00392,10.68899,22.28779,0.90000,0
93.2,0.40177,-0.00688,0.00571,10.71385,22.31912,0.90000,0
93.3,0.41740,0.00037,0.00534,10.73871,22.35045,0.90000,0
93.4,0.40922,0.01349,0.00698,10.76358,22.38179,0.90000,0
93.5,0.39602,-0.00851,0.00283,10.78844,22.41312,0.90000,0
93.6,0.40514,-0.03051,0.00459,10.81331,22.44445,0.90000,0
93.7,0.38675,-0.03357,0.00366,10.83817,22.47578,0.90000,0
93.8,0.40369,0.01234,0.00662,10.86304,22.50712,0.90000,0
93.9,0.39568,0.00506,0.00052,10.88790,22.53845,0.90000,0
94.0,0.39824,-0.00402,0.00674,10.91277,22.56978,0.90000,0
94.1,0.39552,-0.00336,0.00439,10.93763,22.60112,0.90000,0
94.2,0.40606,-0.02090,0.00495,10.96249,22.63245,0.90000,0
94.3,0.39450,0.02934,0.00445,10.98736,22.66378,0.90000,0
94.4,0.39638,-0.03062,0.00621,11.01222,22.69512,0.90000,0
94.5,0.40290,-0.02147,0.00585,11.03709,22.72645,0.90000,0
94.6,0.38653,0.01772,0.00364,11.06195,22.75778,0.90000,0
94.7,0.37829,0.01229,0.00548,11.08682,22.78912,0.90000,0
94.8,0.40594,-0.00730,0.00509,11.11168,22.82045,0.90000,0
94.9,0.42531,-0.05528,0.00559,11.13655,22.85178,0.90000,0
95.0,0.39656,-0.01759,0.00395,11.16141,22.88311,0.90000,0
95.1,0.40193,-0.02934,0.00351,11.18627,22.91445,0.90000,0
95.2,0.41684,-0.01406,0.00738,11.21114,22.94578,0.90000,0
95.3,0.40981,-0.03539,0.00690,11.23600,22.97711,0.90000,0
95.4,0.38835,-0.00387,0.00689,11.26087,23.00845,0.90000,0
95.5,0.40768,0.01785,0.00494,11.28573,23.03978,0.90000,0
95.6,0.40221,-0.01098,0.00764,11.31060,23.07111,0.90000,0
95.7,0.40129,0.02826,0.00455,11.33546,23.10245,0.90000,0
95.8,0.39339,-0.01019,0.00603,11.36032,23.13378,0.90000,0
95.9,0.39260,0.02516,0.00376,11.38519,23.16511,0.90000,0
96.0,0.39745,-0.01008,0.00408,11.41005,23.19645,0.90000,0
96.1,0.41137,0.01951,0.00649,11.43492,23.22778,0.90000,0
96.2,0.40918,0.00669,0.00120,11.45978,23.25911,0.90000,0
96.3,0.39875,0.01457,0.00273,11.48465,23.29044,0.90000,0
96.4,0.38765,0.00668,0.00720,11.50951,23.32178,0.90000,0
96.5,0.40075,-0.04272,0.00847,11.53438,23.35311,0.90000,0
96.6,0.38190,-0.00360,0.00530,11.55924,23.38444,0.90000,0
96.7,0.39981,0.00527,0.00620,11.58410,23.41578,0.90000,0
96.8,0.39286,0.03367,0.00330,11.60897,23.44711,0.90000,0
96.9,0.39478,-0.04036,0.00795,11.63383,23.47844,0.90000,0
97.0,0.39443,-0.05549,0.00672,11.65870,23.50978,0.90000,0
97.1,0.40262,0.00561,0.00407,11.68356,23.54111,0.90000,0
97.2,0.40818,-0.00662,0.00535,11.70843,23.57244,0.90000,0
97.3,0.39637,0.02378,0.00291,11.73329,23.60378,0.90000,0
97.4,0.41168,0.01702,0.00495,11.75816,23.63511,0.90000,0
97.5,0.39350,-0.01293,0.00631,11.78302,23.66644,0.90000,0
97.6,0.38971,0.02893,0.00403,11.80788,23.69777,0.90000,0
97.7,0.39655,0.01613,0.00370,11.83275,23.72911,0.90000,0
97.8,0.40787,0.00778,0.00366,11.85761,23.76044,0.90000,0
97.9,0.40609,0.02168,0.00712,11.88248,23.79177,0.90000,0
98.0,0.42047,0.26202,0.30552,11.90734,23.82311,0.93000,0
98.1,0.40021,0.31011,0.30333,11.93126,23.85517,0.96000,0
98.2,0.39512,0.32771,0.30617,11.95420,23.88794,0.99000,0
98.3,0.42131,0.31900,0.30189,11.97614,23.92138,1.02000,0
98.4,0.39005,0.27650,0.30372,11.99708,23.95546,1.05000,0
98.5,0.39335,0.32814,0.30522,12.01698,23.99016,1.08000,0
98.6,0.40340,0.33127,0.30589,12.03583,24.02544,1.11000,0
98.7,0.41748,0.29317,0.30456,12.05362,24.06127,1.14000,0
98.8,0.41062,0.26057,0.30514,12.07032,24.09761,1.17000,0
98.9,0.40124,0.30205,0.30645,12.08593,24.13444,1.20000,0
99.0,0.39473,0.31272,0.30711,12.10042,24.17172,1.23000,0
99.1,0.40195,0.34869,0.30818,12.11379,24.20942,1.26000,0
99.2,0.39835,0.31220,0.30038,12.12603,24.24751,1.29000,0
99.3,0.38037,0.31491,0.30708,12.13711,24.28594,1.32000,0
99.4,0.41711,0.28006,0.30836,12.14704,24.32469,1.35000,0
99.5,0.39439,0.29744,0.30374,12.15580,24.36372,1.38000,0
99.6,0.39822,0.32536,0.30259,12.16338,24.40299,1.41000,0
99.7,0.39977,0.27280,0.30671,12.16979,24.44248,1.44000,0
99.8,0.39481,0.32894,0.30279,12.17501,24.48214,1.47000,0
99.9,0.41287,0.32308,0.30643,12.17903,24.52193,1.50000,0
100.0,0.40439,0.28172,0.30763,12.18186,24.56183,1.53000,0
100.1,0.39687,0.29961,0.30525,12.18349,24.60180,1.56000,0
100.2,0.39760,0.29492,0.30926,12.18392,24.64180,1.59000,0
100.3,0.39168,0.29381,0.30559,12.18316,24.68179,1.62000,0
100.4,0.40532,0.32077,0.30436,12.18119,24.72174,1.65000,0
100.5,0.40582,0.26586,0.30575,12.17802,24.76162,1.68000,0
100.6,0.38580,0.30125,0.30662,12.17366,24.80138,1.71000,0
100.7,0.41049,0.26791,0.30494,12.16811,24.84099,1.74000,0
100.8,0.37826,0.28338,0.30526,12.16138,24.88042,1.77000,0
100.9,0.38975,0.33083,0.30672,12.15346,24.91963,1.80000,0
101.0,0.39734,0.29398,0.30854,12.14437,24.95858,1.83000,0
101.1,0.40241,0.29541,0.30656,12.13412,24.99725,1.86000,0
101.2,0.40072,0.30914,0.30668,12.12271,25.03558,1.89000,0
101.3,0.40645,0.25774,0.30623,12.11016,25.07356,1.92000,0
101.4,0.38594,0.29564,0.30632,12.09648,25.11115,1.95000,0
101.5,0.41094,0.30926,0.30562,12.08167,25.14831,1.98000,0
101.6,0.39636,0.29908,0.30590,12.06575,25.18501,2.01000,0
101.7,0.39357,0.32165,0.30469,12.04874,25.22121,2.04000,0
101.8,0.39861,0.29880,0.30619,12.03066,25.25689,2.07000,0
101.9,0.40143,0.30181,0.30308,12.01151,25.29200,2.10000,0
102.0,0.38899,0.30549,0.30649,11.99131,25.32653,2.13000,0
102.1,0.39028,0.28849,0.30491,11.97009,25.36044,2.16000,0
102.2,0.39841,0.28388,0.30580,11.94787,25.39370,2.19000,0
102.3,0.39248,0.24948,0.30416,11.92465,25.42627,2.22000,0
102.4,0.41405,0.29233,0.30657,11.90047,25.45813,2.25000,0
102.5,0.41249,0.31159,0.30497,11.87534,25.48925,2.28000,0
102.6,0.39409,0.33145,0.30600,11.84929,25.51961,2.31000,0
102.7,0.41168,0.27843,0.30812,11.82234,25.54917,2.34000,0
102.8,0.40587,0.31850,0.30510,11.79452,25.57791,2.37000,0
102.9,0.39404,0.32008,0.30739,11.76585,25.60580,2.40000,0
103.0,0.41685,0.31296,0.30359,11.73635,25.63282,2.43000,0
103.1,0.41333,0.28886,0.30539,11.70606,25.65894,2.46000,0
103.2,0.40548,0.30318,0.30351,11.67500,25.68414,2.49000,0
103.3,0.40601,0.28889,0.30110,11.64319,25.70840,2.52000,0
103.4,0.40609,0.30126,0.30560,11.61068,25.73169,2.55000,0
103.5,0.39397,0.30325,0.30415,11.57747,25.75400,2.58000,0
103.6,0.40051,0.30387,0.30518,11.54362,25.77530,2.61000,0
103.7,0.38308,0.31779,0.30483,11.50914,25.79558,2.64000,0
103.8,0.40113,0.28496,0.30526,11.47406,25.81481,2.67000,0
103.9,0.37897,0.30202,0.30259,11.43843,25.83298,2.70000,0
104.0,0.39318,0.00507,0.00418,11.40227,25.85008,2.70000,0
104.1,0.39112,-0.01164,0.00344,11.36610,25.86717,2.70000,0
104.2,0.41262,0.02968,0.00457,11.32994,25.88427,2.70000,0
104.3,0.40495,0.01836,0.00398,11.29378,25.90136,2.70000,0
104.4,0.40412,0.00969,0.00581,11.25762,25.91846,2.70000,0
104.5,0.41151,-0.01848,0.00505,11.22145,25.93555,2.70000,0
104.6,0.40644,-0.02923,0.00791,11.18529,25.95265,2.70000,0
104.7,0.38744,0.01971,0.00620,11.14913,25.96974,2.70000,0
104.8,0.39174,-0.03556,0.00707,11.11296,25.98684,2.70000,0
104.9,0.40136,-0.01876,0.00911,11.07680,26.00393,2.70000,0
105.0,0.39758,-0.01335,0.00555,11.04064,26.02103,2.70000,0
105.1,0.40638,0.02026,0.00550,11.00448,26.03813,2.70000,0
105.2,0.41632,0.03718,0.00371,10.96831,26.05522,2.70000,0
105.3,0.38551,-0.00590,0.00509,10.93215,26.07232,2.70000,0
105.4,0.39602,-0.02182,0.00641,10.89599,26.08941,2.70000,0
105.5,0.39437,-0.00478,0.00386,10.85982,26.10651,2.70000,0
105.6,0.39717,-0.00807,0.00543,10.82366,26.12360,2.70000,0
105.7,0.39314,0.01943,0.00213,10.78750,26.14070,2.70000,0
105.8,0.39206,0.02188,0.00835,10.75134,26.15779,2.70000,0
105.9,0.41033,-0.02867,0.00661,10.71517,26.17489,2.70000,0
106.0,0.39871,-0.03476,0.00855,10.67901,26.19198,2.70000,0
106.1,0.40270,0.03836,0.00500,10.64285,26.20908,2.70000,0
106.2,0.40332,0.00702,0.00246,10.60668,26.22617,2.70000,0
106.3,0.38184,0.01186,0.00652,10.57052,26.24327,2.70000,0
106.4,0.40763,-0.01748,0.00811,10.53436,26.26036,2.70000,0
106.5,0.40697,-0.02210,0.00235,10.49820,26.27746,2.70000,0
106.6,0.40242,-0.02788,0.00583,10.46203,26.29455,2.70000,0
106.7,0.40620,-0.01158,0.00538,10.42587,26.31165,2.70000,0
106.8,0.41257,-0.00562,0.00222,10.38971,26.32874,2.70000,0
106.9,0.39562,0.00511,0.00801,10.35354,26.34584,2.70000,0
107.0,0.37723,0.00604,0.00417,10.31738,26.36293,2.70000,0
107.1,0.39398,-0.01508,0.00646,10.28122,26.38003,2.70000,0
107.2,0.39604,0.03415,0.00774,10.24506,26.39712,2.70000,0
107.3,0.39321,0.00351,0.00601,10.20889,26.41422,2.70000,0
107.4,0.38964,-0.01306,0.00525,10.17273,26.43131,2.70000,0
107.5,0.40083,-0.01752,0.00693,10.13657,26.44841,2.70000,0
107.6,0.40566,-0.00553,0.00525,10.10040,26.46551,2.70000,0
107.7,0.40238,-0.00985,0.00599,10.06424,26.48260,2.70000,0
107.8,0.41919,0.00746,0.00684,10.02808,26.49970,2.70000,0
107.9,0.39928,0.00484,0.00446,9.99192,26.51679,2.70000,0
108.0,0.41136,-0.02929,0.00552,9.95575,26.53389,2.70000,0
108.1,0.39111,0.00497,0.00748,9.91959,26.55098,2.70000,0
108.2,0.40516,0.00098,0.00596,9.88343,26.56808,2.70000,0
108.3,0.40324,0.02910,0.00639,9.84726,26.58517,2.70000,0
108.4,0.41140,0.01283,0.00543,9.81110,26.60227,2.70000,0
108.5,0.40127,0.00124,0.00593,9.77494,26.61936,2.70000,0
108.6,0.38741,-0.02779,0.00630,9.73877,26.63646,2.70000,0
108.7,0.39938,0.00244,0.00575,9.70261,26.65355,2.70000,0
108.8,0.39899,0.00956,0.00663,9.66645,26.67065,2.70000,0
108.9,0.39775,-0.00962,0.00307,9.63029,26.68774,2.70000,0
109.0,0.39386,-0.01951,0.00435,9.59412,26.70484,2.70000,0
109.1,0.39177,-0.00509,0.00518,9.55796,26.72193,2.70000,0
109.2,0.41034,-0.02362,0.00499,9.52180,26.73903,2.70000,0
109.3,0.40110,-0.00875,0.00718,9.48563,26.75612,2.70000,0
109.4,0.40463,-0.00285,0.00360,9.44947,26.77322,2.70000,0
109.5,0.39614,0.00795,0.00476,9.41331,26.79031,2.70000,0
109.6,0.39823,0.01162,0.00322,9.37715,26.80741,2.70000,0
109.7,0.40683,-0.02317,0.00610,9.34098,26.82450,2.70000,0
109.8,0.40981,-0.01576,0.00541,9.30482,26.84160,2.70000,0
109.9,0.40340,0.02455,0.00913,9.26866,26.85869,2.70000,0
110.0,0.40539,-0.27701,-0.24508,9.23249,26.87579,2.67500,0
110.1,0.37867,-0.26227,-0.24422,9.19677,26.89378,2.65000,0
110.2,0.39460,-0.24026,-0.24328,9.16151,26.91266,2.62500,0
110.3,0.42143,-0.22938,-0.24375,9.12673,26.93242,2.60000,0
110.4,0.38213,-0.25873,-0.24647,9.09245,26.95304,2.57500,0
110.5,0.39288,-0.26259,-0.24561,9.05870,26.97451,2.55000,0
110.6,0.39801,-0.26211,-0.24591,9.02550,26.99682,2.52500,0
110.7,0.39132,-0.27422,-0.24482,8.99287,27.01995,2.50000,0
110.8,0.41436,-0.24405,-0.24493,8.96082,27.04389,2.47500,0
110.9,0.39620,-0.28012,-0.24334,8.92938,27.06862,2.45000,0
111.0,0.39420,-0.28078,-0.24381,8.89857,27.09413,2.42500,0
111.1,0.41012,-0.25337,-0.24460,8.86841,27.12040,2.40000,0
111.2,0.39523,-0.24107,-0.23834,8.83892,27.14742,2.37500,0
111.3,0.40458,-0.23374,-0.24391,8.81010,27.17517,2.35000,0
111.4,0.40216,-0.22571,-0.24754,8.78200,27.20363,2.32500,0
111.5,0.40731,-0.17609,-0.24443,8.75461,27.23278,2.30000,0
111.6,0.41156,-0.21458,-0.24663,8.72796,27.26261,2.27500,0
111.7,0.40887,-0.28680,-0.24608,8.70206,27.29310,2.25000,0
111.8,0.39079,-0.24700,-0.24344,8.67693,27.32422,2.22500,0
111.9,0.42682,-0.26393,-0.24375,8.65259,27.35596,2.20000,0
112.0,0.38630,-0.25735,-0.24629,8.62905,27.38830,2.17500,0
112.1,0.39914,-0.24541,-0.24470,8.60633,27.42122,2.15000,0
112.2,0.39306,-0.25459,-0.24436,8.58443,27.45469,2.12500,0
112.3,0.40459,-0.21525,-0.24243,8.56338,27.48871,2.10000,0
112.4,0.39865,-0.24188,-0.24217,8.54319,27.52323,2.07500,0
112.5,0.40522,-0.24713,-0.24378,8.52386,27.55826,2.05000,0
112.6,0.39961,-0.23859,-0.24735,8.50542,27.59375,2.02500,0
112.7,0.38782,-0.24270,-0.23950,8.48787,27.62970,2.00000,0
112.8,0.40609,-0.24158,-0.24458,8.47123,27.66607,1.97500,0
112.9,0.41928,-0.21083,-0.24359,8.45549,27.70284,1.95000,0
113.0,0.41004,-0.21095,-0.24265,8.44069,27.74000,1.92500,0
113.1,0.39963,-0.25527,-0.24753,8.42681,27.77752,1.90000,0
113.2,0.39805,-0.24151,-0.24286,8.41388,27.81537,1.87500,0
113.3,0.38945,-0.26932,-0.24799,8.40190,27.85354,1.85000,0
113.4,0.41511,-0.20841,-0.24621,8.39088,27.89199,1.82500,0
113.5,0.39004,-0.22434,-0.24663,8.38082,27.93070,1.80000,0
113.6,0.40864,-0.23458,-0.24881,8.37173,27.96965,1.77500,0
113.7,0.42573,-0.25272,-0.24536,8.36362,28.00882,1.75000,0
113.8,0.40712,-0.25479,-0.24581,8.35649,28.04818,1.72500,0
113.9,0.39273,-0.26228,-0.24687,8.35034,28.08771,1.70000,0
114.0,0.40382,-0.21580,-0.24451,8.34519,28.12738,1.67500,0
114.1,0.40474,-0.23574,-0.24506,8.34103,28.16716,1.65000,0
114.2,0.39146,-0.26852,-0.24438,8.33786,28.20703,1.62500,0
114.3,0.39515,-0.25541,-0.24496,8.33570,28.24697,1.60000,0
114.4,0.41545,-0.23544,-0.24509,8.33453,28.28696,1.57500,0
114.5,0.38979,-0.29565,-0.24522,8.33436,28.32696,1.55000,0
114.6,0.41738,-0.22637,-0.24457,8.33519,28.36695,1.52500,0
114.7,0.39918,-0.24835,-0.24554,8.33702,28.40691,1.50000,0
114.8,0.39370,-0.24447,-0.24513,8.33985,28.44681,1.47500,0
114.9,0.41152,-0.27161,-0.24585,8.34368,28.48662,1.45000,0
115.0,0.39915,-0.23067,-0.24488,8.34850,28.52633,1.42500,0
115.1,0.39196,-0.24336,-0.24585,8.35431,28.56591,1.40000,0
115.2,0.40340,-0.25351,-0.24513,8.36111,28.60532,1.37500,0
115.3,0.39884,-0.20686,-0.24711,8.36889,28.64456,1.35000,0
115.4,0.38303,-0.25646,-0.24589,8.37765,28.68359,1.32500,0
115.5,0.38957,-0.25561,-0.24560,8.38739,28.72239,1.30000,0
115.6,0.40873,-0.26026,-0.24358,8.39809,28.76093,1.27500,0
115.7,0.39727,-0.23461,-0.24658,8.40975,28.79919,1.25000,0
115.8,0.38130,-0.22641,-0.24576,8.42236,28.83715,1.22500,0
115.9,0.39721,-0.27167,-0.24450,8.43592,28.87478,1.20000,0
116.0,0.41747,0.01503,0.00397,8.45041,28.91207,1.20000,0
116.1,0.38728,0.00197,0.00479,8.46490,28.94935,1.20000,0
116.2,0.40374,-0.00839,0.00395,8.47940,28.98663,1.20000,0
116.3,0.40108,0.01162,0.00777,8.49389,29.02391,1.20000,0
116.4,0.40633,0.02327,0.00613,8.50839,29.06119,1.20000,0
116.5,0.41056,-0.02121,0.00642,8.52288,29.09847,1.20000,0
116.6,0.39991,0.00283,0.00606,8.53738,29.13575,1.20000,0
116.7,0.39249,-0.00724,0.00253,8.55187,29.17304,1.20000,0
116.8,0.40291,0.01729,0.00408,8.56636,29.21032,1.20000,0
116.9,0.40639,0.00826,0.00649,8.58086,29.24760,1.20000,0
117.0,-0.00134,0.00585,0.00582,8.58086,29.24760,1.20000,0
117.1,-0.00047,0.04481,0.00567,8.58086,29.24760,1.20000,0
117.2,0.00421,-0.00969,0.00093,8.58086,29.24760,1.20000,0
117.3,-0.00618,-0.01883,0.00544,8.58086,29.24760,1.20000,0
117.4,-0.02009,0.00334,0.00619,8.58086,29.24760,1.20000,0
117.5,0.00595,-0.00035,0.00543,8.58086,29.24760,1.20000,0
117.6,-0.00261,0.02470,0.00438,8.58086,29.24760,1.20000,0
117.7,-0.02231,0.01144,0.00430,8.58086,29.24760,1.20000,0
117.8,0.01644,0.00578,0.00711,8.58086,29.24760,1.20000,0
117.9,0.00134,0.03512,0.00832,8.58086,29.24760,1.20000,0
118.0,-0.00347,0.03131,0.00426,8.58086,29.24760,1.20000,0
118.1,0.00273,0.00859,0.00767,8.58086,29.24760,1.20000,0
118.2,-0.00073,0.02559,0.00595,8.58086,29.24760,1.20000,0
118.3,0.00648,-0.04540,0.00695,8.58086,29.24760,1.20000,0
118.4,-0.00455,-0.01922,0.00588,8.58086,29.24760,1.20000,0
118.5,0.01064,-0.00720,0.00317,8.58086,29.24760,1.20000,0
118.6,-0.01544,-0.00647,0.00636,8.58086,29.24760,1.20000,0
118.7,-0.02102,0.02351,0.00405,8.58086,29.24760,1.20000,0
118.8,0.00359,0.01492,0.00487,8.58086,29.24760,1.20000,0
118.9,-0.00555,-0.01151,0.00667,8.58086,29.24760,1.20000,0
119.0,-0.00844,-0.03389,0.00434,8.58086,29.24760,1.20000,0
119.1,0.00049,0.00204,0.00555,8.58086,29.24760,1.20000,0
119.2,-0.00694,-0.01400,0.00829,8.58086,29.24760,1.20000,0
119.3,-0.02620,0.02397,0.00512,8.58086,29.24760,1.20000,0
119.4,-0.01082,-0.01304,0.00631,8.58086,29.24760,1.20000,0
119.5,-0.00251,-0.00263,0.00471,8.58086,29.24760,1.20000,0
119.6,0.01361,0.00644,0.00557,8.58086,29.24760,1.20000,0
119.7,-0.00121,-0.05080,0.00491,8.58086,29.24760,1.20000,0
119.8,-0.00396,-0.00363,0.00297,8.58086,29.24760,1.20000,0
119.9,-0.01473,-0.00074,0.00391,8.58086,29.24760,1.20000,0
120.0,0.39175,-0.03436,0.00716,8.59535,29.28488,1.20000,0
