t_s,ax_g,ay_g,az_g
0.000,0.0742,6.5064,8.4763
0.001,6.1426,4.1190,-11.2102
0.002,4.9782,-2.6848,-14.2024
0.003,-1.5659,-5.1744,2.7257
0.004,-5.2741,-0.5943,16.0000
0.005,-1.6920,4.9133,10.5618
0.006,4.2450,3.5852,-9.6647
0.007,4.3260,-2.9836,-16.0000
0.008,-1.6182,-6.7384,-2.9768
0.009,-6.5909,-2.6775,16.0000
0.010,-3.8961,4.5810,16.0000
0.011,3.5249,6.3375,-1.4998
0.012,6.6135,0.9129,-15.6364
0.013,2.1245,-4.8528,-7.7169
0.014,-4.1782,-3.6664,11.6336
0.015,-4.3089,2.3252,16.0000
0.016,1.2826,5.3638,1.0612
0.017,5.3550,0.7416,-16.0000
0.018,1.8878,-5.6485,-13.0705
0.019,-4.8006,-5.6917,7.3608
0.020,-6.2708,0.8776,16.0000
0.021,-0.4466,6.5059,9.5751
0.022,5.9190,4.3975,-10.4691
0.023,5.1774,-2.4274,-14.6111
0.024,-1.1669,-5.1763,1.5645
0.025,-5.3179,-1.0173,16.0000
0.026,-1.9938,4.5847,11.4549
0.027,3.9919,3.8788,-8.6589
0.028,4.6172,-2.6917,-16.0000
0.029,-1.4284,-6.6412,-4.2612
0.030,-6.5465,-3.0006,15.8447
0.031,-4.1606,4.3063,16.0000
0.032,3.1359,6.6020,-0.3886
0.033,6.7217,1.2949,-15.4243
0.034,2.4909,-4.6175,-8.6652
0.035,-3.9038,-3.9806,10.7565
0.036,-4.5925,2.1154,16.0000
0.037,1.0764,5.3305,2.2422
0.038,5.2538,1.0874,-15.9056
0.039,2.2798,-5.4155,-13.8754
0.040,-4.5065,-5.9871,6.3627
0.041,-6.4055,0.5066,16.0000
0.042,-0.8050,6.3228,10.6428
0.043,5.6768,4.8203,-9.5439
0.044,5.5671,-2.0727,-15.1018
0.045,-0.7617,-5.3038,0.5293
0.046,-5.2773,-1.2763,16.0000
0.047,-2.3599,4.4846,12.2725
0.048,3.6900,4.1635,-7.6941
0.049,4.7720,-2.3013,-16.0000
0.050,-1.0009,-6.7606,-5.4242
0.051,-6.4349,-3.3381,15.2176
0.052,-4.4835,3.8638,16.0000
0.053,2.7264,6.5182,0.6825
0.054,6.6887,1.6503,-15.0482
0.055,2.8301,-4.3748,-9.5859
0.056,-3.7157,-4.2446,9.7495
0.057,-4.7891,1.7588,16.0000
0.058,0.5837,5.3426,3.4343
0.059,5.1692,1.4466,-15.2939
0.060,2.5340,-5.0648,-14.5013
0.061,-4.0624,-6.1030,5.0989
0.062,-6.5039,0.1133,16.0000
0.063,-1.1637,6.2008,11.5782
0.064,5.5747,4.9649,-8.6785
0.065,5.7695,-1.6945,-15.3872
0.066,-0.4786,-5.2724,-0.5503
0.067,-5.2022,-1.6133,16.0000
0.068,-2.7187,4.2546,13.0467
0.069,3.4212,4.3049,-6.5640
0.070,4.9445,-1.8344,-16.0000
0.071,-0.7002,-6.7350,-6.3737
0.072,-6.3307,-3.7811,14.3942
0.073,-4.7151,3.5832,16.0000
0.074,2.4000,6.5974,1.8856
0.075,6.7569,2.0785,-14.7452
0.076,3.1392,-4.2256,-10.3058
0.077,-3.4252,-4.3635,8.9523
0.078,-4.9580,1.4088,16.0000
0.079,0.3495,5.1867,4.4539
0.080,5.1886,1.8951,-14.5915
0.081,2.9259,-4.8380,-15.2321
0.082,-3.7707,-6.2776,3.9819
0.083,-6.6040,-0.3071,16.0000
0.084,-1.7062,5.9934,12.4010
0.085,5.3107,5.2775,-7.7652
0.086,5.9333,-1.2734,-15.5648
0.087,-0.1628,-5.3488,-1.7110
0.088,-5.0538,-2.0042,15.8313
0.089,-2.9271,4.0573,13.8591
0.090,3.1718,4.5492,-5.5395
0.091,5.1184,-1.5385,-16.0000
0.092,-0.2106,-6.5927,-7.4981
0.093,-6.0785,-4.0267,13.5149
0.094,-5.1403,3.2857,16.0000
0.095,2.0102,6.7192,2.9514
0.096,6.6718,2.3838,-14.3068
0.097,3.4940,-3.9846,-11.0696
0.098,-3.1584,-4.5648,7.9124
0.099,-5.0697,1.0438,16.0000
0.100,0.0595,5.2032,5.5433
0.101,4.8968,2.1415,-13.9147
0.102,3.2204,-4.6005,-15.7570
0.103,-3.5619,-6.4817,2.8830
0.104,-6.7063,-0.6739,16.0000
0.105,-2.0700,5.7884,13.3665
0.106,5.0470,5.5846,-6.8205
0.107,6.0882,-0.9212,-15.7957
0.108,0.2119,-5.2895,-2.7325
0.109,-5.0283,-2.1911,15.1954
0.110,-3.2088,3.7254,14.4390
0.111,2.9634,4.7438,-4.5507
0.112,5.1125,-1.1081,-16.0000
0.113,0.0976,-6.3590,-8.4332
0.114,-5.9194,-4.4850,12.6146
0.115,-5.3250,2.7992,16.0000
0.116,1.6007,6.7373,4.0267
0.117,6.6757,2.7176,-13.9576
0.118,3.9061,-3.8081,-11.8699
0.119,-2.7914,-4.7520,6.9550
0.120,-5.1332,0.7917,16.0000
0.121,-0.3809,5.3097,6.6000
0.122,4.9136,2.4913,-13.2471
0.123,3.4096,-4.2390,-16.0000
0.124,-3.2205,-6.5635,1.6603
0.125,-6.7130,-1.1241,16.0000
0.126,-2.4605,5.6465,14.2201
0.127,4.7534,5.6724,-5.7749
0.128,6.3248,-0.6311,-15.9681
0.129,0.5922,-5.2244,-3.7846
0.130,-4.8862,-2.5238,14.6156
0.131,-3.3955,3.5346,15.1226
0.132,2.6974,4.8420,-3.3876
0.133,5.1730,-0.7625,-16.0000
0.134,0.4535,-6.3005,-9.4947
0.135,-5.7325,-4.7267,11.6100
0.136,-5.5694,2.4261,16.0000
0.137,1.2828,6.5952,5.2447
0.138,6.5500,3.1652,-13.2729
0.139,4.1834,-3.6416,-12.5019
0.140,-2.5754,-4.8028,5.8414
0.141,-5.2300,0.3947,16.0000
0.142,-0.6453,5.1400,7.6828
0.143,4.7593,2.8248,-12.4056
0.144,3.7912,-3.9051,-16.0000
0.145,-2.7784,-6.5502,0.6148
0.146,-6.6880,-1.5499,16.0000
0.147,-2.7106,5.3254,14.9809
0.148,4.4360,5.9725,-4.7826
0.149,6.4535,-0.2458,-16.0000
0.150,1.0395,-5.1615,-4.7873
0.151,-4.7118,-2.8512,13.8599
0.152,-3.8426,3.2183,15.6530
0.153,2.2651,4.9355,-2.3212
0.154,5.3027,-0.3986,-16.0000
0.155,0.9138,-6.1696,-10.4915
0.156,-5.5125,-5.0215,10.6374
0.157,-5.7104,2.1065,16.0000
0.158,0.8056,6.7131,6.3497
0.159,6.4295,3.4317,-12.5675
0.160,4.4219,-3.2361,-13.2304
0.161,-2.2718,-5.0310,4.8249
0.162,-5.1943,0.0212,16.0000
0.163,-1.0300,5.0932,8.6781
0.164,4.5092,3.1865,-11.5145
0.165,3.9946,-3.6874,-16.0000
0.166,-2.4758,-6.6500,-0.6987
0.167,-6.7697,-1.8812,16.0000
0.168,-3.1367,5.1745,15.7156
0.169,4.1012,6.0608,-3.7280
0.170,6.4596,0.1385,-15.9174
0.171,1.4339,-5.1175,-5.7102
0.172,-4.6857,-3.1403,13.2201
0.173,-4.0517,3.0216,16.0000
0.174,2.0476,5.0817,-1.1641
0.175,5.3195,0.1170,-16.0000
0.176,1.2016,-6.0663,-11.4423
0.177,-5.2998,-5.2099,9.7311
0.178,-5.9362,1.7876,16.0000
0.179,0.4151,6.6421,7.5003
0.180,6.2701,3.7797,-11.9264
0.181,4.7907,-2.9359,-13.6539
0.182,-1.9362,-4.9877,3.8147
0.183,-5.3110,-0.2680,16.0000
0.184,-1.3549,4.9257,9.5457
0.185,4.4868,3.3352,-10.6918
0.186,4.1929,-3.2651,-16.0000
0.187,-2.1864,-6.7856,-1.8227
0.188,-6.7061,-2.3423,16.0000
0.189,-3.5285,4.8548,16.0000
0.190,3.8394,6.2676,-2.6346
0.191,6.6642,0.4725,-15.9081
0.192,1.7405,-4.9854,-6.7190
0.193,-4.2661,-3.3467,12.4193
0.194,-4.2695,2.7432,16.0000
0.195,1.8023,5.1591,0.0019
0.196,5.2325,0.4468,-16.0000
0.197,1.5662,-5.8173,-12.1833
0.198,-4.9885,-5.4978,8.4381
0.199,-6.0757,1.3446,16.0000
0.200,0.0436,6.4344,8.3594
0.201,6.2669,4.0972,-11.1260
0.202,5.0461,-2.6168,-14.2698
0.203,-1.6546,-5.2312,2.7140
0.204,-5.3295,-0.5739,16.0000
0.205,-1.6968,4.7019,10.5525
0.206,4.2639,3.6586,-9.6329
0.207,4.3962,-2.8675,-16.0000
0.208,-1.7540,-6.7326,-2.9936
0.209,-6.6079,-2.5727,16.0000
0.210,-3.8147,4.5095,16.0000
0.211,3.4581,6.4014,-1.5410
0.212,6.7097,0.9247,-15.6875
0.213,2.0918,-4.8060,-7.7172
0.214,-4.1222,-3.6686,11.5460
0.215,-4.5002,2.4866,16.0000
0.216,1.3157,5.3611,1.1133
0.217,5.2130,0.7817,-16.0000
0.218,1.8735,-5.6012,-13.1392
0.219,-4.6985,-5.7480,7.3922
0.220,-6.3008,0.9150,16.0000
0.221,-0.3825,6.4902,9.5345
0.222,6.0098,4.3376,-10.3550
0.223,5.3137,-2.4104,-14.5971
0.224,-1.2933,-5.1816,1.6228
0.225,-5.2245,-0.9818,16.0000
0.226,-2.0115,4.6255,11.4964
0.227,4.0464,3.8879,-8.6680
0.228,4.6368,-2.5170,-16.0000
0.229,-1.3478,-6.6832,-4.1581
0.230,-6.5383,-3.0639,15.9786
0.231,-4.2470,4.2182,16.0000
0.232,3.1338,6.5422,-0.4295
0.233,6.7545,1.2331,-15.5257
0.234,2.5973,-4.6411,-8.5884
0.235,-3.9161,-3.8742,10.7131
0.236,-4.6058,2.0858,16.0000
0.237,1.0318,5.3258,2.2187
0.238,5.3263,1.1447,-15.7765
0.239,2.2346,-5.3064,-13.7951
0.240,-4.4697,-5.8899,6.3984
0.241,-6.4402,0.4252,16.0000
0.242,-0.8468,6.3756,10.6033
0.243,5.7938,4.6426,-9.4710
0.244,5.4873,-2.0574,-15.0692
0.245,-0.9809,-5.2575,0.4711
0.246,-5.2587,-1.2961,16.0000
0.247,-2.3576,4.4443,12.2676
0.248,3.7319,4.1134,-7.6945
0.249,4.7388,-2.2059,-16.0000
0.250,-1.0107,-6.7086,-5.2989
0.251,-6.4690,-3.3249,15.1419
0.252,-4.5151,3.9353,16.0000
0.253,2.7204,6.5749,0.6800
0.254,6.7158,1.8055,-15.0715
0.255,2.8344,-4.4440,-9.5688
0.256,-3.7208,-4.1654,9.7675
0.257,-4.7092,1.7974,16.0000
0.258,0.6523,5.3087,3.4135
0.259,5.2308,1.5216,-15.2853
0.260,2.4548,-5.1549,-14.5030
0.261,-4.2209,-6.0661,5.1433
0.262,-6.5723,0.1044,16.0000
0.263,-1.2692,6.1844,11.5687
0.264,5.5656,4.9709,-8.6846
0.265,5.6793,-1.5860,-15.3525
0.266,-0.5509,-5.2868,-0.6299
0.267,-5.1880,-1.6198,16.0000
0.268,-2.5756,4.2504,13.1111
0.269,3.5386,4.3115,-6.5892
0.270,4.8676,-2.0368,-16.0000
0.271,-0.4944,-6.7003,-6.3958
0.272,-6.2534,-3.6629,14.2252
0.273,-4.7387,3.4691,16.0000
0.274,2.5067,6.6359,1.8123
0.275,6.6520,1.9929,-14.6966
0.276,2.9980,-4.2245,-10.3190
0.277,-3.5719,-4.3253,8.8538
0.278,-4.9051,1.4976,16.0000
0.279,0.3988,5.2677,4.5093
0.280,5.0807,1.8292,-14.5617
0.281,2.8349,-4.9044,-15.1298
0.282,-3.9034,-6.2073,3.9839
0.283,-6.7543,-0.3102,16.0000
0.284,-1.5865,6.0287,12.5993
0.285,5.3343,5.2602,-7.7635
0.286,6.0455,-1.2669,-15.5639
0.287,-0.1508,-5.3594,-1.5611
0.288,-5.1573,-1.8753,15.7908
0.289,-2.8217,4.0560,13.7441
0.290,3.3086,4.5178,-5.5393
0.291,5.0129,-1.5353,-16.0000
0.292,-0.2427,-6.5091,-7.4146
0.293,-6.0708,-4.0922,13.4585
0.294,-5.0711,3.2269,16.0000
0.295,1.9007,6.7237,2.9387
0.296,6.7072,2.4349,-14.2728
0.297,3.6002,-3.9893,-11.1227
0.298,-3.2187,-4.5617,7.8570
0.299,-5.0951,1.0963,16.0000
0.300,0.0475,5.2408,5.5767
0.301,5.0112,2.1930,-13.9187
0.302,3.2153,-4.5534,-15.7155
0.303,-3.5059,-6.4410,2.8238
0.304,-6.7012,-0.6340,16.0000
0.305,-1.9903,5.7211,13.4135
0.306,4.9612,5.4331,-6.7946
0.307,6.1232,-0.8895,-15.7972
0.308,0.2270,-5.2180,-2.6660
0.309,-5.0608,-2.3496,15.2474
0.310,-3.1580,3.8018,14.5640
0.311,2.8771,4.7192,-4.4340
0.312,5.1414,-1.1248,-16.0000
0.313,0.1907,-6.4280,-8.5269
0.314,-5.9112,-4.4146,12.5230
0.315,-5.2977,2.9114,16.0000
0.316,1.5932,6.7330,4.1784
0.317,6.7254,2.9195,-13.8331
0.318,3.9377,-3.8472,-11.8680
0.319,-2.8424,-4.7258,6.9134
0.320,-5.1199,0.7260,16.0000
0.321,-0.3525,5.2222,6.6345
0.322,4.8612,2.5524,-13.1582
0.323,3.4638,-4.3393,-16.0000
0.324,-3.2440,-6.5101,1.6844
0.325,-6.6792,-1.1307,16.0000
0.326,-2.2846,5.6246,14.2457
0.327,4.7938,5.6914,-5.7708
0.328,6.2430,-0.5689,-15.9310
0.329,0.5363,-5.2325,-3.8007
0.330,-4.9348,-2.5687,14.6143
0.331,-3.4310,3.5233,15.1690
0.332,2.6610,4.9091,-3.4206
0.333,5.1645,-0.8288,-16.0000
0.334,0.4709,-6.2125,-9.4729
0.335,-5.7496,-4.7664,11.6269
0.336,-5.6052,2.4738,16.0000
0.337,1.3084,6.6844,5.3114
0.338,6.6812,3.1328,-13.1464
0.339,4.1787,-3.5818,-12.5335
0.340,-2.5282,-4.8481,5.9165
0.341,-5.1436,0.4301,16.0000
0.342,-0.6594,5.1297,7.6742
0.343,4.7339,2.6792,-12.3467
0.344,3.7407,-3.9626,-16.0000
0.345,-2.8297,-6.5258,0.4553
0.346,-6.7597,-1.5545,16.0000
0.347,-2.6976,5.4711,15.1034
0.348,4.4069,5.8553,-4.7840
0.349,6.4169,-0.1986,-15.9236
0.350,1.0423,-5.1599,-4.7745
0.351,-4.8176,-2.8231,13.9330
0.352,-3.6604,3.2926,15.7005
0.353,2.3323,4.9679,-2.2142
0.354,5.2844,-0.3802,-16.0000
0.355,0.8240,-6.1409,-10.4013
0.356,-5.5192,-5.0648,10.6311
0.357,-5.7483,2.1835,16.0000
0.358,0.8450,6.6310,6.3510
0.359,6.5066,3.4276,-12.6513
0.360,4.4867,-3.1575,-13.0719
0.361,-2.2431,-5.0128,4.7483
0.362,-5.2621,0.0918,16.0000
0.363,-1.0350,5.0279,8.5626
0.364,4.5683,3.0514,-11.5259
0.365,3.9832,-3.7248,-16.0000
0.366,-2.4512,-6.6492,-0.7442
0.367,-6.6888,-1.9606,16.0000
0.368,-3.2210,5.1696,15.7429
0.369,4.1899,6.1432,-3.6548
0.370,6.5052,0.1647,-15.9303
0.371,1.3703,-5.0724,-5.7008
0.372,-4.6098,-3.1050,13.1695
0.373,-3.9965,3.0139,16.0000
0.374,2.0515,5.0505,-1.1889
0.375,5.3035,0.0344,-16.0000
0.376,1.2387,-6.0054,-11.3842
0.377,-5.2469,-5.2504,9.5719
0.378,-5.9512,1.7334,16.0000
0.379,0.4758,6.6315,7.4282
0.380,6.3026,3.7605,-11.8669
0.381,4.6950,-3.0691,-13.7405
0.382,-1.8951,-5.0394,3.7903
0.383,-5.2805,-0.2768,16.0000
0.384,-1.4005,4.9253,9.6814
0.385,4.4655,3.4116,-10.5625
0.386,4.2898,-3.3380,-16.0000
0.387,-2.1169,-6.6274,-1.8537
0.388,-6.7233,-2.3204,16.0000
0.389,-3.5253,4.8366,16.0000
0.390,3.8117,6.1965,-2.5617
0.391,6.6245,0.5139,-15.8634
0.392,1.8071,-4.9081,-6.8052
0.393,-4.3283,-3.4692,12.3195
0.394,-4.1301,2.7258,16.0000
0.395,1.7030,5.1586,0.0018
0.396,5.2999,0.4246,-16.0000
0.397,1.5224,-5.7271,-12.2793
0.398,-5.0546,-5.5552,8.5805
0.399,-6.0904,1.3555,16.0000
0.400,-0.0058,6.5489,8.4829
0.401,6.1291,4.1212,-11.1665
0.402,5.0740,-2.8069,-14.1824
0.403,-1.5756,-5.2203,2.7200
0.404,-5.2474,-0.6846,16.0000
0.405,-1.7430,4.7371,10.6673
0.406,4.2856,3.6767,-9.7115
0.407,4.3598,-2.8207,-16.0000
0.408,-1.9093,-6.7377,-3.1131
0.409,-6.5994,-2.6864,16.0000
0.410,-3.8192,4.5684,16.0000
0.411,3.4047,6.3282,-1.5984
0.412,6.6990,0.8969,-15.7062
0.413,2.1796,-4.7977,-7.7439
0.414,-4.2643,-3.6791,11.6034
0.415,-4.3574,2.4681,16.0000
0.416,1.4597,5.3550,1.1729
0.417,5.4099,0.8491,-16.0000
0.418,1.8734,-5.6072,-13.0523
0.419,-4.7838,-5.6902,7.4265
0.420,-6.2668,0.8911,16.0000
0.421,-0.3760,6.4152,9.5329
0.422,6.0125,4.3508,-10.4767
0.423,5.3327,-2.2624,-14.6488
0.424,-1.2016,-5.2778,1.5576
0.425,-5.3193,-0.9204,16.0000
0.426,-2.0086,4.7488,11.3964
0.427,4.0500,3.8543,-8.6496
0.428,4.5769,-2.5680,-16.0000
0.429,-1.3892,-6.7363,-4.1757
0.430,-6.5370,-2.9278,15.8924
0.431,-4.0604,4.2435,16.0000
0.432,3.1357,6.5245,-0.4360
0.433,6.7555,1.2819,-15.5059
0.434,2.5118,-4.6792,-8.6927
0.435,-3.9421,-3.8441,10.7519
0.436,-4.5754,2.0593,16.0000
0.437,1.0132,5.3396,2.1233
0.438,5.2798,1.1484,-15.7355
0.439,2.3426,-5.3480,-13.8498
0.440,-4.5038,-5.9486,6.2159
0.441,-6.4486,0.5230,16.0000
0.442,-0.8521,6.2732,10.6451
0.443,5.8179,4.7869,-9.5803
0.444,5.4528,-2.0427,-14.9893
0.445,-0.8389,-5.3163,0.5218
0.446,-5.3278,-1.2919,16.0000
0.447,-2.3526,4.4680,12.2585
0.448,3.7323,4.1760,-7.7224
0.449,4.7383,-2.2483,-16.0000
0.450,-1.0219,-6.7406,-5.2620
0.451,-6.4581,-3.4685,15.1681
0.452,-4.5230,3.8855,16.0000
0.453,2.7852,6.5817,0.6599
0.454,6.7378,1.6412,-15.0675
0.455,2.8588,-4.4285,-9.3338
0.456,-3.6885,-4.0464,9.8413
0.457,-4.7404,1.7083,16.0000
0.458,0.6694,5.2630,3.2549
0.459,5.1833,1.4968,-15.2399
0.460,2.4940,-5.1389,-14.5361
0.461,-4.1058,-6.1224,5.1399
0.462,-6.4789,0.1601,16.0000
0.463,-1.2897,6.1629,11.4690
0.464,5.6174,5.0068,-8.7204
0.465,5.7194,-1.6589,-15.3925
0.466,-0.5228,-5.3061,-0.5002
0.467,-5.1069,-1.5852,16.0000
0.468,-2.6945,4.2497,13.0091
0.469,3.5897,4.2387,-6.7121
0.470,4.9106,-1.8056,-16.0000
0.471,-0.5340,-6.5514,-6.4047
0.472,-6.2049,-3.7349,14.3450
0.473,-4.7433,3.5459,16.0000
0.474,2.4070,6.6304,1.8581
0.475,6.6836,1.9035,-14.7809
0.476,3.3137,-4.1663,-10.3256
0.477,-3.4309,-4.3005,8.9276
0.478,-4.9112,1.5643,16.0000
0.479,0.3503,5.3751,4.3796
0.480,5.0606,1.7519,-14.6119
0.481,2.7763,-4.9219,-15.2622
0.482,-3.8722,-6.1819,4.1142
0.483,-6.6419,-0.2783,16.0000
0.484,-1.6367,5.9762,12.4517
0.485,5.3471,5.1547,-7.7875
0.486,5.9852,-1.3004,-15.6164
0.487,-0.1261,-5.2628,-1.6790
0.488,-5.0516,-1.9535,15.7938
0.489,-2.8789,4.0507,13.7874
0.490,3.2512,4.4650,-5.5402
0.491,5.0041,-1.5769,-16.0000
0.492,-0.2142,-6.5586,-7.4035
0.493,-6.0254,-4.1178,13.4646
0.494,-4.9708,3.2685,16.0000
0.495,2.0350,6.6572,3.0171
0.496,6.7576,2.2624,-14.2852
0.497,3.4920,-4.0520,-11.0886
0.498,-3.1861,-4.5293,7.9294
0.499,-5.0082,1.1045,16.0000
0.500,0.0687,5.3089,5.5010
0.501,5.0079,2.1068,-13.9233
0.502,3.2430,-4.5488,-15.7857
0.503,-3.5580,-6.3841,2.8781
0.504,-6.6225,-0.7544,16.0000
0.505,-2.0388,5.8308,13.4524
0.506,5.2332,5.4571,-6.7528
0.507,6.1052,-0.9916,-15.8957
0.508,0.2294,-5.3082,-2.6768
0.509,-5.0232,-2.2279,15.2021
0.510,-3.2846,3.6876,14.5799
0.511,2.9150,4.6997,-4.4367
0.512,5.1697,-0.9941,-16.0000
0.513,0.0954,-6.4176,-8.4843
0.514,-5.8930,-4.3451,12.7128
0.515,-5.2330,2.9256,16.0000
0.516,1.5179,6.7623,4.1063
0.517,6.5196,2.7176,-13.8317
0.518,3.8620,-3.8705,-11.8337
0.519,-2.8862,-4.6995,6.9412
0.520,-5.0562,0.8406,16.0000
0.521,-0.3647,5.2423,6.6725
0.522,4.8662,2.4396,-13.1576
0.523,3.3465,-4.2314,-16.0000
0.524,-3.2313,-6.5522,1.6460
0.525,-6.6713,-1.0713,16.0000
0.526,-2.3937,5.6278,14.2602
0.527,4.8019,5.6192,-5.7537
0.528,6.1641,-0.6285,-15.9144
0.529,0.6617,-5.2593,-3.7383
0.530,-4.8155,-2.6174,14.6863
0.531,-3.4996,3.6033,15.0900
0.532,2.5852,4.7954,-3.3421
0.533,5.0995,-0.6625,-16.0000
0.534,0.5101,-6.3076,-9.4342
0.535,-5.7293,-4.7092,11.6825
0.536,-5.6467,2.4432,16.0000
0.537,1.2738,6.6925,5.2401
0.538,6.4598,3.0363,-13.1845
0.539,4.1986,-3.5226,-12.5600
0.540,-2.6076,-4.9292,5.8572
0.541,-5.2123,0.4335,16.0000
0.542,-0.7299,5.1864,7.6185
0.543,4.7779,2.6850,-12.4155
0.544,3.7453,-3.9512,-16.0000
0.545,-2.8539,-6.5879,0.4082
0.546,-6.7373,-1.5729,16.0000
0.547,-2.8205,5.4585,15.0848
0.548,4.4807,5.8591,-4.6917
0.549,6.3438,-0.1782,-16.0000
0.550,0.9788,-5.2034,-4.8114
0.551,-4.7705,-2.8011,13.9411
0.552,-3.7163,3.2535,15.6940
0.553,2.3917,4.9117,-2.2304
0.554,5.2747,-0.3663,-16.0000
0.555,0.8300,-6.1812,-10.3628
0.556,-5.5017,-4.9049,10.6201
0.557,-5.7070,2.0874,16.0000
0.558,0.8960,6.6376,6.3636
0.559,6.4521,3.3751,-12.5706
0.560,4.5041,-3.2614,-13.1037
0.561,-2.2556,-4.9999,4.8052
0.562,-5.2671,0.0853,16.0000
0.563,-1.0792,5.0463,8.6347
0.564,4.6318,3.0225,-11.5366
0.565,3.9535,-3.6066,-16.0000
0.566,-2.5028,-6.6915,-0.6011
0.567,-6.6721,-1.8440,16.0000
0.568,-3.1529,5.2219,15.8169
0.569,4.2006,6.0575,-3.6593
0.570,6.5957,0.0966,-15.9697
0.571,1.3833,-5.0507,-5.7684
0.572,-4.5735,-3.2082,13.1332
0.573,-4.0065,3.0291,16.0000
0.574,2.0676,5.0761,-1.1230
0.575,5.2764,0.0264,-16.0000
0.576,1.2781,-6.0665,-11.2817
0.577,-5.2734,-5.2361,9.5886
0.578,-6.0290,1.7842,16.0000
0.579,0.4811,6.6232,7.4366
0.580,6.2739,3.8395,-11.9336
0.581,4.6688,-2.9912,-13.7103
0.582,-1.9190,-5.1338,3.7472
0.583,-5.2698,-0.2026,16.0000
0.584,-1.3511,4.9221,9.6459
0.585,4.3863,3.4806,-10.5889
0.586,4.2412,-3.3707,-16.0000
0.587,-2.2076,-6.6972,-1.8775
0.588,-6.7234,-2.3625,16.0000
0.589,-3.5846,4.8299,16.0000
0.590,3.9700,6.1219,-2.5495
0.591,6.5780,0.5475,-15.7454
0.592,1.7039,-4.7686,-6.8019
0.593,-4.3794,-3.3708,12.4085
0.594,-4.2107,2.7018,16.0000
0.595,1.7190,5.2069,-0.0625
0.596,5.3153,0.3999,-16.0000
0.597,1.6110,-5.8600,-12.2231
0.598,-5.0931,-5.5371,8.5402
0.599,-6.1646,1.2315,16.0000
0.600,-0.0600,6.4980,8.4837
0.601,6.0910,4.1715,-11.2372
0.602,5.0570,-2.6076,-14.2137
0.603,-1.5600,-5.2084,2.6702
0.604,-5.1706,-0.5443,16.0000
0.605,-1.7388,4.8177,10.5698
0.606,4.1552,3.6886,-9.7578
0.607,4.4006,-2.9643,-16.0000
0.608,-1.7189,-6.6596,-2.9939
0.609,-6.6733,-2.6031,16.0000
0.610,-3.7753,4.5486,16.0000
0.611,3.5560,6.4256,-1.4093
0.612,6.6964,0.9102,-15.6553
0.613,2.1481,-4.8446,-7.7441
0.614,-4.1623,-3.6522,11.5458
0.615,-4.3687,2.5011,16.0000
0.616,1.4097,5.2483,1.1211
0.617,5.2758,0.8718,-16.0000
0.618,1.9841,-5.7368,-13.0454
0.619,-4.7787,-5.7314,7.4620
0.620,-6.3218,0.9560,16.0000
0.621,-0.3707,6.3179,9.5844
0.622,5.9099,4.4175,-10.3942
0.623,5.3535,-2.2748,-14.5843
0.624,-1.1820,-5.1813,1.6168
0.625,-5.3152,-0.9286,16.0000
0.626,-2.0250,4.6358,11.4366
0.627,4.0122,3.8958,-8.7356
0.628,4.5431,-2.6098,-16.0000
0.629,-1.3864,-6.7308,-4.1251
0.630,-6.4363,-3.0456,15.9151
0.631,-4.1255,4.2764,16.0000
0.632,3.1208,6.5031,-0.4077
0.633,6.7536,1.2966,-15.3926
0.634,2.4023,-4.6268,-8.6087
0.635,-3.9686,-3.9817,10.6828
0.636,-4.5421,2.0447,16.0000
0.637,1.0386,5.2800,2.1814
0.638,5.2882,1.1790,-15.8602
0.639,2.2000,-5.4609,-13.7863
0.640,-4.5397,-5.8830,6.2594
0.641,-6.4489,0.4564,16.0000
0.642,-0.7394,6.2570,10.5691
0.643,5.8218,4.6393,-9.6221
0.644,5.4964,-1.9663,-14.9452
0.645,-0.8871,-5.3013,0.5481
0.646,-5.3325,-1.2152,16.0000
0.647,-2.3044,4.4288,12.3221
0.648,3.8293,4.1726,-7.6361
0.649,4.6172,-2.2255,-16.0000
0.650,-1.0653,-6.6795,-5.3293
0.651,-6.3349,-3.3047,15.1661
0.652,-4.4752,3.8930,16.0000
0.653,2.7800,6.5605,0.7456
0.654,6.7679,1.6381,-15.1465
0.655,2.7671,-4.4307,-9.4443
0.656,-3.6080,-4.1529,9.8886
0.657,-4.8384,1.7587,16.0000
0.658,0.6282,5.3408,3.3458
0.659,5.1702,1.4569,-15.3082
0.660,2.5300,-5.0240,-14.5670
0.661,-4.1843,-6.0463,5.1390
0.662,-6.4408,0.2245,16.0000
0.663,-1.2078,6.0837,11.4862
0.664,5.5110,5.0347,-8.7629
0.665,5.7372,-1.7057,-15.3828
0.666,-0.5122,-5.3034,-0.4947
0.667,-5.2437,-1.5895,16.0000
0.668,-2.6683,4.3016,13.0498
0.669,3.4887,4.3614,-6.6036
0.670,4.8706,-1.8551,-16.0000
0.671,-0.5934,-6.6255,-6.3953
0.672,-6.2811,-3.6913,14.3880
0.673,-4.8267,3.5449,16.0000
0.674,2.4472,6.7016,1.9074
0.675,6.6430,2.0660,-14.6853
0.676,3.2530,-4.2509,-10.2360
0.677,-3.4109,-4.3243,8.9366
0.678,-4.8862,1.5259,16.0000
0.679,0.3530,5.2961,4.5266
0.680,5.1363,1.8501,-14.5790
0.681,2.9119,-4.7758,-15.1503
0.682,-3.7962,-6.2973,3.9636
0.683,-6.6352,-0.3109,16.0000
0.684,-1.6227,6.0691,12.4863
0.685,5.4711,5.2018,-7.7893
0.686,5.8959,-1.3133,-15.6285
0.687,-0.1616,-5.2504,-1.6369
0.688,-5.1537,-1.9848,15.7603
0.689,-2.8740,4.0534,13.7568
0.690,3.2724,4.4844,-5.5591
0.691,5.0678,-1.4976,-16.0000
0.692,-0.2325,-6.5084,-7.3778
0.693,-6.1894,-4.0743,13.5055
0.694,-5.0571,3.2319,16.0000
0.695,2.0194,6.6236,2.9896
0.696,6.6685,2.4590,-14.2907
0.697,3.4909,-4.0103,-11.1773
0.698,-3.1481,-4.5485,7.9648
0.699,-5.0722,1.0896,16.0000
0.700,0.0096,5.3983,5.5838
0.701,4.9956,2.1736,-14.0351
0.702,3.2190,-4.5531,-15.7898
0.703,-3.5398,-6.3734,2.8479
0.704,-6.6693,-0.6458,16.0000
0.705,-2.1222,5.7608,13.4492
0.706,4.9923,5.4487,-6.7737
0.707,6.0980,-0.9443,-15.7462
0.708,0.2220,-5.2820,-2.5594
0.709,-5.0227,-2.2597,15.2243
0.710,-3.2658,3.8027,14.4364
0.711,2.9449,4.7343,-4.5139
0.712,4.9732,-1.1193,-16.0000
0.713,0.1625,-6.4525,-8.4980
0.714,-6.0067,-4.2854,12.5707
0.715,-5.2975,2.8542,16.0000
0.716,1.6493,6.7787,4.0912
0.717,6.6642,2.6931,-13.8400
0.718,3.8402,-3.7444,-11.8551
0.719,-2.9391,-4.6024,6.9524
0.720,-5.0989,0.7262,16.0000
0.721,-0.3711,5.2636,6.5994
0.722,4.9585,2.4866,-13.1687
0.723,3.3616,-4.2590,-16.0000
0.724,-3.1829,-6.4918,1.7135
0.725,-6.7637,-1.1855,16.0000
0.726,-2.3277,5.6157,14.2773
0.727,4.8538,5.8483,-5.8298
0.728,6.2717,-0.6285,-15.8340
0.729,0.5862,-5.2252,-3.7403
0.730,-4.9225,-2.5092,14.5930
0.731,-3.5306,3.5291,15.1781
0.732,2.5811,4.8816,-3.3896
0.733,5.2312,-0.8064,-16.0000
0.734,0.4791,-6.3173,-9.4881
0.735,-5.7333,-4.6953,11.6567
0.736,-5.5131,2.6562,16.0000
0.737,1.1943,6.6837,5.2346
0.738,6.4450,3.1170,-13.1912
0.739,4.1157,-3.5849,-12.4182
0.740,-2.6165,-4.8193,5.9266
0.741,-5.1622,0.4875,16.0000
0.742,-0.7123,5.1717,7.6612
0.743,4.7983,2.7841,-12.3161
0.744,3.6692,-3.9196,-16.0000
0.745,-2.9197,-6.5408,0.5692
0.746,-6.7615,-1.4698,16.0000
0.747,-2.7676,5.4727,15.0232
0.748,4.4596,5.9009,-4.7417
0.749,6.3667,-0.2183,-15.8793
0.750,1.0113,-5.2329,-4.7262
0.751,-4.7626,-2.8258,14.0131
0.752,-3.7399,3.2991,15.6309
0.753,2.2445,5.0281,-2.2282
0.754,5.2767,-0.3501,-16.0000
0.755,0.8557,-6.1803,-10.3681
0.756,-5.5688,-4.9434,10.6176
0.757,-5.6941,2.1435,16.0000
0.758,0.7902,6.7065,6.3376
0.759,6.5700,3.5275,-12.5244
0.760,4.4459,-3.2567,-13.1427
0.761,-2.2675,-5.0373,4.8090
0.762,-5.2770,0.0551,16.0000
0.763,-1.0035,5.1249,8.6384
0.764,4.5982,3.0878,-11.5327
0.765,3.9797,-3.6558,-16.0000
0.766,-2.4667,-6.5934,-0.7951
0.767,-6.7064,-1.9553,16.0000
0.768,-3.1825,5.1564,15.8520
0.769,4.1684,5.9868,-3.6580
0.770,6.5538,0.1440,-15.8822
0.771,1.3266,-5.0904,-5.7903
0.772,-4.5280,-3.1082,13.1602
0.773,-3.9977,2.9998,16.0000
0.774,2.0082,5.0921,-1.0931
0.775,5.2650,0.0750,-16.0000
0.776,1.2914,-5.9773,-11.3943
0.777,-5.3484,-5.2378,9.6046
0.778,-6.0026,1.7383,16.0000
0.779,0.4008,6.6181,7.4121
0.780,6.3076,3.6376,-11.9906
0.781,4.7842,-2.9518,-13.6747
0.782,-1.9594,-5.1119,3.7975
0.783,-5.3311,-0.2851,16.0000
0.784,-1.3869,4.9742,9.6154
0.785,4.4058,3.3777,-10.6106
0.786,4.2303,-3.2643,-16.0000
0.787,-2.1726,-6.7811,-1.7942
0.788,-6.6449,-2.3266,16.0000
0.789,-3.4909,4.8706,16.0000
0.790,3.8013,6.3049,-2.5709
0.791,6.5072,0.5770,-15.8252
0.792,1.8106,-4.9956,-6.8389
0.793,-4.3484,-3.4563,12.3250
0.794,-4.2518,2.6814,16.0000
0.795,1.7706,5.1296,-0.0010
0.796,5.2080,0.4053,-16.0000
0.797,1.6226,-5.7175,-12.3239
0.798,-5.0355,-5.4831,8.4883
0.799,-6.2308,1.4447,16.0000
0.800,-0.0768,6.5965,8.4767
0.801,6.1244,4.0764,-11.2231
0.802,4.9766,-2.6803,-14.1991
0.803,-1.5949,-5.2132,2.7808
0.804,-5.2596,-0.6339,16.0000
0.805,-1.7460,4.7309,10.4542
0.806,4.2090,3.7246,-9.6798
0.807,4.4548,-3.0385,-16.0000
0.808,-1.7140,-6.6785,-3.0017
0.809,-6.6221,-2.6173,16.0000
0.810,-3.8267,4.4833,16.0000
0.811,3.5436,6.3588,-1.4832
0.812,6.6498,0.9142,-15.6065
0.813,2.1571,-4.8202,-7.7562
0.814,-4.1827,-3.7368,11.5218
0.815,-4.4058,2.3986,16.0000
0.816,1.3627,5.3252,1.1292
0.817,5.3460,0.7825,-16.0000
0.818,1.9731,-5.5691,-13.0879
0.819,-4.7474,-5.7431,7.3999
0.820,-6.3352,1.0132,16.0000
0.821,-0.3661,6.4670,9.4471
0.822,5.9483,4.3155,-10.4915
0.823,5.3059,-2.3333,-14.6188
0.824,-1.2053,-5.2495,1.6904
0.825,-5.3254,-0.9102,16.0000
0.826,-2.0547,4.5581,11.4662
0.827,4.0228,3.8213,-8.6570
0.828,4.6488,-2.5908,-16.0000
0.829,-1.3705,-6.7909,-4.2316
0.830,-6.5200,-3.0166,15.8701
0.831,-4.2003,4.2220,16.0000
0.832,3.1513,6.4693,-0.3781
0.833,6.6676,1.3282,-15.4512
0.834,2.4371,-4.6701,-8.6573
0.835,-3.9721,-4.0055,10.6863
0.836,-4.5888,2.1212,16.0000
0.837,0.9665,5.2922,2.2467
0.838,5.2502,1.1322,-15.8444
0.839,2.2451,-5.3191,-13.8454
0.840,-4.5130,-6.0127,6.3015
0.841,-6.4077,0.5128,16.0000
0.842,-0.8817,6.3742,10.5308
0.843,5.7643,4.7975,-9.4922
0.844,5.5404,-2.0241,-15.1107
0.845,-0.9414,-5.3688,0.5140
0.846,-5.2329,-1.2648,16.0000
0.847,-2.3717,4.4228,12.3203
0.848,3.7335,4.0975,-7.6962
0.849,4.7422,-2.2488,-16.0000
0.850,-1.0067,-6.6905,-5.3236
0.851,-6.3690,-3.3409,15.1836
0.852,-4.5091,3.9159,16.0000
0.853,2.8716,6.6732,0.7382
0.854,6.7229,1.6803,-15.1153
0.855,2.6776,-4.4468,-9.5368
0.856,-3.6826,-4.1172,9.8542
0.857,-4.7362,1.7849,16.0000
0.858,0.6937,5.2963,3.4124
0.859,5.3031,1.4758,-15.2555
0.860,2.5393,-5.1613,-14.4604
0.861,-4.2091,-6.1148,5.1740
0.862,-6.5601,0.1019,16.0000
0.863,-1.2594,6.2178,11.4469
0.864,5.5613,4.9194,-8.7061
0.865,5.6861,-1.7570,-15.4419
0.866,-0.4823,-5.2803,-0.5089
0.867,-5.1817,-1.5719,16.0000
0.868,-2.6227,4.1835,13.0740
0.869,3.4982,4.2806,-6.6441
0.870,4.8138,-1.8468,-16.0000
0.871,-0.5699,-6.6193,-6.3674
0.872,-6.2956,-3.7838,14.4218
0.873,-4.7262,3.5281,16.0000
0.874,2.4024,6.6622,1.8382
0.875,6.7137,2.0092,-14.7767
0.876,3.1592,-4.3459,-10.2644
0.877,-3.4859,-4.4476,8.9017
0.878,-4.9136,1.4929,16.0000
0.879,0.2320,5.2184,4.5273
0.880,5.0596,1.9017,-14.6014
0.881,2.8753,-4.8232,-15.2144
0.882,-3.8658,-6.2320,3.9358
0.883,-6.6237,-0.2144,16.0000
0.884,-1.6310,6.0565,12.4742
0.885,5.2723,5.2711,-7.7882
0.886,5.9497,-1.3915,-15.6113
0.887,-0.1701,-5.2252,-1.7326
0.888,-5.1434,-1.9246,15.8099
0.889,-2.9703,4.0681,13.8543
0.890,3.1627,4.5229,-5.5328
0.891,4.9823,-1.3911,-16.0000
0.892,-0.2046,-6.4723,-7.5036
0.893,-6.1720,-4.0890,13.4429
0.894,-5.0835,3.2627,16.0000
0.895,2.0361,6.7322,3.0300
0.896,6.6943,2.4200,-14.3345
0.897,3.5813,-3.9619,-11.0292
0.898,-3.1701,-4.5405,7.8812
0.899,-4.9360,1.1738,16.0000
0.900,-0.0263,5.3282,5.6344
0.901,5.0099,2.1257,-13.8645
0.902,3.2412,-4.5688,-15.8033
0.903,-3.6521,-6.4102,2.7760
0.904,-6.6350,-0.7114,16.0000
0.905,-1.9752,5.7949,13.4939
0.906,5.0003,5.5642,-6.8116
0.907,6.0933,-0.9501,-15.8620
0.908,0.2918,-5.3112,-2.6887
0.909,-5.0307,-2.3118,15.2342
0.910,-3.2112,3.7816,14.5785
0.911,2.8806,4.6827,-4.5046
0.912,5.1217,-1.1148,-16.0000
0.913,0.1204,-6.3805,-8.4795
0.914,-5.9726,-4.4000,12.5539
0.915,-5.2821,2.9645,16.0000
0.916,1.5521,6.7126,4.1083
0.917,6.6617,2.7297,-13.8406
0.918,3.8796,-3.8586,-11.7482
0.919,-2.8571,-4.7142,6.9197
0.920,-5.1657,0.7257,16.0000
0.921,-0.3616,5.1891,6.5925
0.922,4.9081,2.5136,-13.1623
0.923,3.5408,-4.3068,-16.0000
0.924,-3.1271,-6.5783,1.7503
0.925,-6.7884,-1.1583,16.0000
0.926,-2.3071,5.5909,14.2751
0.927,4.7080,5.6885,-5.7693
0.928,6.2920,-0.6309,-15.9006
0.929,0.5664,-5.2355,-3.7204
0.930,-4.9170,-2.5423,14.5649
0.931,-3.4700,3.6422,15.2125
0.932,2.6367,4.7360,-3.3998
0.933,5.0974,-0.7714,-16.0000
0.934,0.4062,-6.2737,-9.5004
0.935,-5.7258,-4.6679,11.6724
0.936,-5.5281,2.5220,16.0000
0.937,1.1823,6.6756,5.2876
0.938,6.6080,3.0322,-13.2808
0.939,4.1818,-3.5564,-12.4693
0.940,-2.6204,-4.8248,5.8941
0.941,-5.2056,0.5034,16.0000
0.942,-0.7233,5.1122,7.6659
0.943,4.7263,2.9197,-12.3169
0.944,3.7003,-3.9530,-16.0000
0.945,-2.7944,-6.6430,0.3596
0.946,-6.6591,-1.4528,16.0000
0.947,-2.7378,5.3559,15.0836
0.948,4.4823,5.9329,-4.7364
0.949,6.3162,-0.2506,-16.0000
0.950,0.9663,-5.1704,-4.7436
0.951,-4.7500,-2.8991,13.9813
0.952,-3.8160,3.3342,15.7105
0.953,2.2896,5.0619,-2.3842
0.954,5.2225,-0.3766,-16.0000
0.955,0.9076,-6.1249,-10.4703
0.956,-5.5344,-4.9637,10.5877
0.957,-5.7185,2.0700,16.0000
0.958,0.7341,6.7574,6.3415
0.959,6.4216,3.3672,-12.5887
0.960,4.4535,-3.2586,-13.1529
0.961,-2.1867,-5.0746,4.8713
0.962,-5.2349,0.0871,16.0000
0.963,-1.0100,5.1057,8.6705
0.964,4.6127,3.1561,-11.5285
0.965,3.9783,-3.6969,-16.0000
0.966,-2.6271,-6.6804,-0.6613
0.967,-6.7525,-1.8769,16.0000
0.968,-3.1634,5.0989,15.9650
0.969,4.1965,6.1341,-3.7133
0.970,6.4856,0.1459,-15.9754
0.971,1.3903,-5.0975,-5.7460
0.972,-4.5956,-3.1657,13.1871
0.973,-3.9829,2.9961,16.0000
0.974,2.0305,5.0900,-1.2153
0.975,5.3447,0.0296,-16.0000
0.976,1.1677,-6.0000,-11.3093
0.977,-5.2170,-5.1782,9.5883
0.978,-6.1070,1.7395,16.0000
0.979,0.3845,6.5914,7.5241
0.980,6.2309,3.7001,-11.8882
0.981,4.7803,-2.9646,-13.6757
0.982,-1.9603,-5.0430,3.8157
0.983,-5.2454,-0.3112,16.0000
0.984,-1.3962,4.8992,9.5809
0.985,4.4174,3.4504,-10.6546
0.986,4.1345,-3.2720,-16.0000
0.987,-2.1281,-6.6944,-1.9089
0.988,-6.6552,-2.2720,16.0000
0.989,-3.5435,4.8423,16.0000
0.990,3.8482,6.2362,-2.6124
0.991,6.5849,0.5478,-15.7724
0.992,1.8318,-4.9286,-6.8167
0.993,-4.4666,-3.4334,12.4696
0.994,-4.1130,2.7115,16.0000
0.995,1.7583,5.1039,0.0283
0.996,5.3271,0.4110,-16.0000
0.997,1.5631,-5.8728,-12.2625
0.998,-5.0226,-5.4747,8.6190
0.999,-6.1709,1.3263,16.0000
1.000,-0.0552,6.5382,8.6061
1.001,6.1057,4.0190,-11.1426
1.002,5.0681,-2.6151,-14.2042
1.003,-1.5553,-5.1715,2.7414
1.004,-5.3471,-0.6324,16.0000
1.005,-1.6524,4.8075,10.4924
1.006,4.1535,3.5919,-9.6886
1.007,4.3958,-2.8867,-16.0000
1.008,-1.7668,-6.6783,-2.9311
1.009,-6.5814,-2.7084,16.0000
1.010,-3.8482,4.5703,16.0000
1.011,3.5186,6.3638,-1.4776
1.012,6.5707,0.8448,-15.6398
1.013,2.0323,-4.7040,-7.6534
1.014,-4.2815,-3.7067,11.5896
1.015,-4.4475,2.4323,16.0000
1.016,1.3748,5.2504,1.1077
1.017,5.2839,0.6917,-16.0000
1.018,1.9034,-5.5834,-13.1219
1.019,-4.7768,-5.6945,7.3616
1.020,-6.2727,0.9663,16.0000
1.021,-0.4565,6.4342,9.6242
1.022,5.9707,4.4449,-10.3386
1.023,5.2639,-2.4515,-14.6142
1.024,-1.2295,-5.2126,1.5887
1.025,-5.3397,-0.8497,16.0000
1.026,-1.9467,4.6608,11.4122
1.027,3.9292,3.9633,-8.7020
1.028,4.6223,-2.5566,-16.0000
1.029,-1.3165,-6.7403,-4.1532
1.030,-6.4963,-3.0308,15.9196
1.031,-4.1283,4.2652,16.0000
1.032,3.0877,6.5327,-0.4017
1.033,6.6822,1.2452,-15.3198
1.034,2.5147,-4.6921,-8.6450
1.035,-3.8945,-3.9015,10.6890
1.036,-4.5650,2.2042,16.0000
1.037,1.0990,5.3109,2.2341
1.038,5.1925,1.2143,-15.8446
1.039,2.1853,-5.3014,-13.8880
1.040,-4.4164,-5.8714,6.3266
1.041,-6.4455,0.4973,16.0000
1.042,-0.8398,6.2946,10.4541
1.043,5.7828,4.6738,-9.5503
1.044,5.5088,-2.0405,-15.0574
1.045,-0.9155,-5.2804,0.5857
1.046,-5.3248,-1.2931,16.0000
1.047,-2.3861,4.3776,12.3409
1.048,3.8008,4.0709,-7.7098
1.049,4.6862,-2.2018,-16.0000
1.050,-0.9365,-6.7039,-5.3056
1.051,-6.4457,-3.3270,15.2366
1.052,-4.3830,3.9550,16.0000
1.053,2.7670,6.5180,0.6623
1.054,6.6942,1.5693,-15.0983
1.055,2.9006,-4.4747,-9.5119
1.056,-3.7157,-4.1315,9.8332
1.057,-4.7695,1.7843,16.0000
1.058,0.7058,5.3573,3.3425
1.059,5.1762,1.5264,-15.2905
1.060,2.5687,-5.0922,-14.5906
1.061,-4.2505,-6.0098,5.0799
1.062,-6.4968,0.1411,16.0000
1.063,-1.2119,6.1922,11.5901
1.064,5.5556,5.0166,-8.6731
1.065,5.7364,-1.6550,-15.3671
1.066,-0.5628,-5.2446,-0.5138
1.067,-5.1061,-1.6388,16.0000
1.068,-2.6055,4.2142,13.0592
1.069,3.4998,4.4088,-6.6618
1.070,4.8818,-1.8032,-16.0000
1.071,-0.6432,-6.7643,-6.4346
1.072,-6.2718,-3.6584,14.3693
1.073,-4.7540,3.5425,16.0000
1.074,2.4252,6.6206,1.8008
1.075,6.7523,2.0265,-14.6305
1.076,3.2227,-4.2858,-10.4135
1.077,-3.4888,-4.3017,8.9047
1.078,-4.8754,1.4068,16.0000
1.079,0.3015,5.2944,4.5082
1.080,5.0713,1.9188,-14.6841
1.081,2.8725,-4.8953,-15.1829
1.082,-3.8849,-6.2809,4.0249
1.083,-6.5870,-0.3778,16.0000
1.084,-1.6635,5.9605,12.4745
1.085,5.3214,5.2648,-7.8197
1.086,5.8917,-1.3286,-15.5784
1.087,-0.1263,-5.3150,-1.5414
1.088,-5.1495,-1.9309,15.8874
1.089,-2.9340,3.9871,13.8474
1.090,3.2368,4.6169,-5.5588
1.091,5.0618,-1.5227,-16.0000
1.092,-0.3519,-6.5634,-7.5069
1.093,-6.1287,-4.1061,13.5642
1.094,-5.0267,3.2799,16.0000
1.095,2.0736,6.6752,3.0152
1.096,6.6511,2.3260,-14.2741
1.097,3.5203,-3.9849,-11.2038
1.098,-3.2068,-4.5141,7.9752
1.099,-5.0159,1.1344,16.0000
1.100,0.0434,5.2464,5.5757
1.101,5.0724,2.1889,-13.8957
1.102,3.1766,-4.5987,-15.7038
1.103,-3.4742,-6.3863,2.8678
1.104,-6.6649,-0.7059,16.0000
1.105,-2.0029,5.8273,13.3474
1.106,5.0451,5.5155,-6.8311
1.107,6.1434,-0.9562,-15.8040
1.108,0.1824,-5.2354,-2.6541
1.109,-5.0717,-2.2438,15.1062
1.110,-3.3489,3.9225,14.5155
1.111,2.9452,4.6669,-4.4723
1.112,5.1531,-1.1119,-16.0000
1.113,0.1644,-6.3875,-8.5408
1.114,-5.9383,-4.4219,12.5515
1.115,-5.2996,2.9447,16.0000
1.116,1.6415,6.6749,4.1059
1.117,6.6176,2.7274,-13.7710
1.118,3.8150,-3.8623,-11.8396
1.119,-2.7844,-4.7026,6.9359
1.120,-5.1532,0.7852,16.0000
1.121,-0.4236,5.1748,6.6619
1.122,4.8979,2.6181,-13.1832
1.123,3.3697,-4.2644,-16.0000
1.124,-3.1812,-6.5442,1.6825
1.125,-6.7038,-1.1501,16.0000
1.126,-2.3734,5.6404,14.2166
1.127,4.6937,5.6874,-5.7653
1.128,6.2536,-0.6768,-15.9542
1.129,0.6651,-5.2915,-3.7649
1.130,-4.9279,-2.5273,14.5969
1.131,-3.5013,3.6351,15.2027
1.132,2.6297,4.8719,-3.3107
1.133,5.2387,-0.7248,-16.0000
1.134,0.5777,-6.2903,-9.5215
1.135,-5.7477,-4.6841,11.6215
1.136,-5.4900,2.5130,16.0000
1.137,1.2161,6.7011,5.2697
1.138,6.4446,3.0460,-13.2587
1.139,4.1589,-3.5179,-12.4607
1.140,-2.6159,-4.8472,5.8792
1.141,-5.2307,0.4215,16.0000
1.142,-0.7039,5.1433,7.6294
1.143,4.7482,2.7846,-12.4057
1.144,3.6669,-4.0051,-16.0000
1.145,-2.8727,-6.5163,0.4810
1.146,-6.7135,-1.4657,16.0000
1.147,-2.7898,5.3539,14.9512
1.148,4.4339,5.8537,-4.7382
1.149,6.4327,-0.2320,-15.9952
1.150,0.9681,-5.2185,-4.7567
1.151,-4.7318,-2.8413,13.9351
1.152,-3.7812,3.2759,15.7410
1.153,2.3135,5.0349,-2.3117
1.154,5.2693,-0.3932,-16.0000
1.155,0.8525,-6.2593,-10.4581
1.156,-5.4777,-4.9814,10.6018
1.157,-5.7238,2.1943,16.0000
1.158,0.7542,6.7340,6.3164
1.159,6.4108,3.4158,-12.5881
1.160,4.4569,-3.2152,-13.1393
1.161,-2.2202,-5.0249,4.7579
1.162,-5.1747,0.1440,16.0000
1.163,-1.1356,4.9865,8.7025
1.164,4.6212,3.0862,-11.5211
1.165,3.9288,-3.6596,-16.0000
1.166,-2.4635,-6.5796,-0.6294
1.167,-6.7028,-1.8325,16.0000
1.168,-3.1522,5.1647,15.8691
1.169,4.1671,6.1034,-3.6345
1.170,6.5157,0.1841,-15.9345
1.171,1.3486,-5.0930,-5.8007
1.172,-4.5327,-3.1462,13.1820
1.173,-3.9733,3.0679,16.0000
1.174,2.0377,5.1515,-1.2896
1.175,5.2884,-0.0367,-16.0000
1.176,1.1812,-5.9220,-11.3940
1.177,-5.3286,-5.1696,9.6075
1.178,-5.8874,1.7384,16.0000
1.179,0.4109,6.6065,7.4136
1.180,6.2514,3.7965,-11.8873
1.181,4.7217,-2.9994,-13.6887
1.182,-1.8934,-5.1405,3.8675
1.183,-5.3476,-0.2715,16.0000
1.184,-1.3914,4.9294,9.6326
1.185,4.5350,3.3391,-10.6772
1.186,4.2409,-3.2628,-16.0000
1.187,-2.1276,-6.7302,-1.8425
1.188,-6.6417,-2.2869,16.0000
1.189,-3.4091,4.8261,16.0000
1.190,3.8347,6.2595,-2.5472
1.191,6.5431,0.4795,-15.8731
1.192,1.7730,-4.9553,-6.7981
1.193,-4.4617,-3.4474,12.4150
1.194,-4.1942,2.7658,16.0000
1.195,1.6793,5.0925,0.0950
1.196,5.2112,0.4524,-16.0000
1.197,1.5874,-5.7548,-12.2789
1.198,-5.0210,-5.4456,8.4345
1.199,-6.1532,1.3568,16.0000
1.200,0.0310,6.5591,8.5313
1.201,6.1360,3.9831,-11.0987
1.202,5.0127,-2.7272,-14.2356
1.203,-1.5142,-5.1769,2.6174
1.204,-5.2575,-0.6696,16.0000
1.205,-1.7596,4.8419,10.6848
1.206,4.1674,3.7167,-9.6436
1.207,4.3985,-2.9541,-16.0000
1.208,-1.6537,-6.7166,-3.0565
1.209,-6.5663,-2.6702,16.0000
1.210,-3.8584,4.5669,16.0000
1.211,3.4819,6.3933,-1.4880
1.212,6.6570,0.9354,-15.5923
1.213,2.0078,-4.8437,-7.6790
1.214,-4.1541,-3.5895,11.6687
1.215,-4.5313,2.3744,16.0000
1.216,1.3571,5.2283,1.1148
1.217,5.3320,0.6474,-16.0000
1.218,1.9564,-5.5502,-13.0866
1.219,-4.7892,-5.6238,7.4608
1.220,-6.2487,0.8413,16.0000
1.221,-0.4916,6.5721,9.5461
1.222,6.0156,4.3695,-10.3716
1.223,5.3388,-2.4221,-14.7130
1.224,-1.2382,-5.2199,1.6322
1.225,-5.2478,-0.9483,16.0000
1.226,-1.9788,4.6080,11.4023
1.227,4.0206,3.9586,-8.7377
1.228,4.5959,-2.5469,-16.0000
1.229,-1.3574,-6.7830,-4.1300
1.230,-6.4950,-3.0497,15.9389
1.231,-4.1607,4.2025,16.0000
1.232,3.2412,6.5495,-0.3678
1.233,6.7094,1.2983,-15.4731
1.234,2.4875,-4.6072,-8.5652
1.235,-3.8401,-3.9061,10.7648
1.236,-4.5143,2.0430,16.0000
1.237,1.1121,5.2653,2.3192
1.238,5.2524,1.0968,-15.8029
1.239,2.1853,-5.4206,-13.7646
1.240,-4.4612,-5.9634,6.3149
1.241,-6.3674,0.5246,16.0000
1.242,-0.7548,6.3702,10.5591
1.243,5.7259,4.7538,-9.4653
1.244,5.5255,-2.0547,-15.0840
1.245,-0.8792,-5.2462,0.4696
1.246,-5.2118,-1.1812,16.0000
1.247,-2.3435,4.4899,12.3041
1.248,3.7057,4.0704,-7.6779
1.249,4.7284,-2.1320,-16.0000
1.250,-0.9947,-6.6932,-5.2856
1.251,-6.4096,-3.3491,15.1384
1.252,-4.4182,3.9617,16.0000
1.253,2.6906,6.5417,0.7675
1.254,6.7526,1.6911,-15.1377
1.255,2.8989,-4.5233,-9.5271
1.256,-3.7152,-4.1225,9.7662
1.257,-4.7733,1.7952,16.0000
1.258,0.6896,5.3633,3.3207
1.259,5.1490,1.4810,-15.2069
1.260,2.5650,-5.0692,-14.5471
1.261,-4.2066,-6.1639,5.2030
1.262,-6.5263,0.1315,16.0000
1.263,-1.2903,6.2194,11.6613
1.264,5.5167,5.0665,-8.7170
1.265,5.8527,-1.6962,-15.3516
1.266,-0.5376,-5.3293,-0.6168
1.267,-5.1301,-1.5331,16.0000
1.268,-2.6530,4.2935,13.1085
1.269,3.5250,4.2865,-6.6636
1.270,4.9601,-1.8110,-16.0000
1.271,-0.6912,-6.6693,-6.4126
1.272,-6.3769,-3.7173,14.3785
1.273,-4.7784,3.6334,16.0000
1.274,2.4204,6.6007,1.8510
1.275,6.6608,2.0041,-14.7632
1.276,3.2037,-4.3160,-10.3202
1.277,-3.4688,-4.3333,8.8407
1.278,-4.9010,1.4937,16.0000
1.279,0.2148,5.3232,4.4120
1.280,5.0600,1.8303,-14.5652
1.281,2.8470,-4.8741,-15.1558
1.282,-3.7588,-6.3008,3.9115
1.283,-6.5079,-0.2507,16.0000
1.284,-1.6371,6.0551,12.4564
1.285,5.3915,5.2826,-7.7447
1.286,5.9756,-1.3422,-15.6012
1.287,-0.0543,-5.3002,-1.6782
1.288,-5.0867,-1.9403,15.7782
1.289,-2.8512,4.1042,13.8138
1.290,3.2528,4.4802,-5.5227
1.291,5.0476,-1.4809,-16.0000
1.292,-0.1001,-6.4410,-7.4342
1.293,-6.1518,-4.1462,13.5465
1.294,-5.1104,3.3264,16.0000
1.295,1.9886,6.7326,2.9149
1.296,6.6387,2.3231,-14.3147
1.297,3.5472,-4.0288,-11.1730
1.298,-3.2263,-4.6012,7.8536
1.299,-5.0135,1.0521,16.0000
1.300,-0.0046,5.1912,5.4948
1.301,5.0581,2.1915,-13.8349
1.302,3.1634,-4.5820,-15.7356
1.303,-3.4597,-6.3089,2.7613
1.304,-6.7221,-0.6294,16.0000
1.305,-2.0557,5.7969,13.4010
1.306,5.0942,5.4670,-6.7592
1.307,6.1157,-0.8388,-15.8009
1.308,0.2344,-5.3462,-2.6637
1.309,-4.9869,-2.2698,15.2721
1.310,-3.2755,3.7682,14.5457
1.311,2.9049,4.7717,-4.4665
1.312,5.1048,-1.0831,-16.0000
1.313,0.1469,-6.4283,-8.4827
1.314,-5.8194,-4.3779,12.6120
1.315,-5.3178,2.8271,16.0000
1.316,1.5472,6.6367,4.1132
1.317,6.6030,2.8197,-13.8443
1.318,3.8287,-3.7629,-11.7167
1.319,-2.9069,-4.6873,6.7675
1.320,-5.1588,0.8311,16.0000
1.321,-0.3996,5.2431,6.6007
1.322,4.9193,2.5416,-13.0618
1.323,3.4268,-4.2718,-16.0000
1.324,-3.1206,-6.5138,1.6781
1.325,-6.6956,-1.0138,16.0000
1.326,-2.3621,5.6101,14.2120
1.327,4.7280,5.7330,-5.7408
1.328,6.2454,-0.5687,-15.9412
1.329,0.6545,-5.2391,-3.8233
1.330,-4.9952,-2.5816,14.5615
1.331,-3.5135,3.4897,15.1115
1.332,2.6439,4.8512,-3.4687
1.333,5.3160,-0.7188,-16.0000
1.334,0.5967,-6.3756,-9.5458
1.335,-5.6470,-4.6400,11.5543
1.336,-5.5479,2.4786,16.0000
1.337,1.2531,6.7213,5.3010
1.338,6.6294,2.9775,-13.2265
1.339,4.1956,-3.5086,-12.5107
1.340,-2.5534,-4.8494,5.8784
1.341,-5.2143,0.3966,16.0000
1.342,-0.7939,5.1256,7.6453
1.343,4.8243,2.8964,-12.3809
1.344,3.7078,-3.9107,-16.0000
1.345,-2.8564,-6.6532,0.5224
1.346,-6.6876,-1.5593,16.0000
1.347,-2.8825,5.3432,15.0649
1.348,4.4726,5.8462,-4.7650
1.349,6.3539,-0.1974,-15.8969
1.350,1.0208,-5.2363,-4.7715
1.351,-4.7737,-2.7792,13.8851
1.352,-3.7458,3.2458,15.7340
1.353,2.3043,4.9633,-2.2565
1.354,5.2502,-0.2868,-16.0000
1.355,0.9090,-6.2652,-10.3854
1.356,-5.4618,-5.0102,10.6907
1.357,-5.8215,2.1636,16.0000
1.358,0.8104,6.7178,6.3568
1.359,6.4321,3.5526,-12.5584
1.360,4.3624,-3.2134,-13.2214
1.361,-2.2689,-5.0005,4.9312
1.362,-5.2214,0.1115,16.0000
1.363,-1.0408,5.0631,8.5924
1.364,4.5408,3.1525,-11.4610
1.365,4.0244,-3.5309,-16.0000
1.366,-2.4807,-6.6750,-0.7022
1.367,-6.7302,-1.8604,16.0000
1.368,-3.1330,5.1287,15.8376
1.369,4.1581,6.1126,-3.6021
1.370,6.5619,0.1097,-15.8076
1.371,1.3669,-5.0960,-5.7362
1.372,-4.6436,-3.1291,13.2989
1.373,-3.9582,3.0242,16.0000
1.374,2.0076,5.1807,-1.0457
1.375,5.2918,-0.0466,-16.0000
1.376,1.2837,-5.9157,-11.4301
1.377,-5.3171,-5.2081,9.5158
1.378,-6.0452,1.7440,16.0000
1.379,0.3629,6.6105,7.3947
1.380,6.3306,3.7722,-11.9063
1.381,4.7549,-3.0569,-13.7449
1.382,-1.9554,-5.0308,3.8339
1.383,-5.2636,-0.2028,16.0000
1.384,-1.3376,4.9704,9.6957
1.385,4.3710,3.4456,-10.6082
1.386,4.1739,-3.2024,-16.0000
1.387,-2.2008,-6.7821,-1.8873
1.388,-6.6355,-2.3445,16.0000
1.389,-3.4814,4.8575,16.0000
1.390,3.7860,6.2005,-2.6542
1.391,6.6007,0.5378,-15.8652
1.392,1.7103,-4.8709,-6.8270
1.393,-4.4782,-3.3805,12.5141
1.394,-4.2202,2.7112,16.0000
1.395,1.8253,5.1525,-0.0728
1.396,5.3228,0.3927,-16.0000
1.397,1.5548,-5.8153,-12.2338
1.398,-5.1004,-5.4480,8.4920
1.399,-6.1859,1.3926,16.0000
1.400,0.0032,6.5026,8.5777
1.401,6.0661,4.0187,-11.1973
1.402,5.0897,-2.6786,-14.2578
1.403,-1.5952,-5.1660,2.6371
1.404,-5.2623,-0.6310,16.0000
1.405,-1.6562,4.8279,10.5140
1.406,4.2495,3.6507,-9.5973
1.407,4.4184,-2.9521,-16.0000
1.408,-1.8069,-6.6355,-2.9574
1.409,-6.6084,-2.6620,16.0000
1.410,-3.8506,4.5937,16.0000
1.411,3.4503,6.3373,-1.5467
1.412,6.6374,1.0011,-15.6758
1.413,2.1942,-4.6957,-7.6638
1.414,-4.1899,-3.6709,11.5927
1.415,-4.4322,2.4072,16.0000
1.416,1.3344,5.2009,1.1613
1.417,5.2547,0.6969,-16.0000
1.418,1.9844,-5.6431,-13.1474
1.419,-4.7665,-5.7979,7.4214
1.420,-6.2961,0.9374,16.0000
1.421,-0.4047,6.4224,9.5729
1.422,6.0967,4.3963,-10.4369
1.423,5.2920,-2.3335,-14.7024
1.424,-1.2145,-5.2553,1.6587
1.425,-5.2177,-1.0379,16.0000
1.426,-1.9508,4.6039,11.4883
1.427,3.9477,3.9118,-8.6383
1.428,4.5686,-2.5967,-16.0000
1.429,-1.3594,-6.7426,-4.1573
1.430,-6.5826,-3.0991,15.8473
1.431,-4.1821,4.2755,16.0000
1.432,3.2094,6.4194,-0.4227
1.433,6.7372,1.3042,-15.4200
1.434,2.5139,-4.6725,-8.5054
1.435,-3.9624,-3.8363,10.7779
1.436,-4.5044,2.1858,16.0000
1.437,1.0738,5.3298,2.2978
1.438,5.2579,1.1373,-15.7242
1.439,2.2724,-5.3980,-13.7744
1.440,-4.5396,-6.0177,6.2977
1.441,-6.4152,0.4916,16.0000
1.442,-0.8645,6.2535,10.5407
1.443,5.8079,4.5967,-9.5635
1.444,5.4600,-2.0295,-15.1268
1.445,-0.9011,-5.2279,0.5376
1.446,-5.3298,-1.2413,16.0000
1.447,-2.2863,4.5089,12.2460
1.448,3.7219,4.0964,-7.8392
1.449,4.7519,-2.2536,-16.0000
1.450,-0.9756,-6.6697,-5.3176
1.451,-6.4396,-3.3541,15.1009
1.452,-4.4266,3.9445,16.0000
1.453,2.7893,6.5991,0.7393
1.454,6.7015,1.5984,-15.1140
1.455,2.8483,-4.4208,-9.4632
1.456,-3.6350,-4.1235,9.8709
1.457,-4.7257,1.8184,16.0000
1.458,0.6617,5.3002,3.3064
1.459,5.2035,1.4983,-15.1746
1.460,2.5645,-5.1366,-14.4868
1.461,-4.1596,-6.1305,5.1892
1.462,-6.4658,0.1571,16.0000
1.463,-1.1580,6.1405,11.6038
1.464,5.5759,5.0151,-8.6426
1.465,5.7065,-1.7022,-15.3867
1.466,-0.5666,-5.2656,-0.5433
1.467,-5.1993,-1.5730,16.0000
1.468,-2.6430,4.3252,13.0032
1.469,3.4558,4.2761,-6.7585
1.470,4.8831,-1.8758,-16.0000
1.471,-0.6551,-6.6296,-6.3285
1.472,-6.2865,-3.7857,14.4058
1.473,-4.7695,3.6152,16.0000
1.474,2.3326,6.7058,1.8188
1.475,6.6548,2.0180,-14.7851
1.476,3.1175,-4.1245,-10.2255
1.477,-3.3956,-4.2558,8.8424
1.478,-4.9232,1.5249,16.0000
1.479,0.2764,5.3409,4.5096
1.480,5.0759,1.7789,-14.5570
1.481,2.8840,-4.8984,-15.2364
1.482,-3.8633,-6.2458,3.9620
1.483,-6.6537,-0.2618,16.0000
1.484,-1.6177,6.0449,12.5520
1.485,5.2312,5.1651,-7.7792
1.486,5.9935,-1.2403,-15.6539
1.487,-0.1829,-5.2845,-1.6984
1.488,-5.1487,-1.9578,15.6365
1.489,-2.9457,4.1173,13.7288
1.490,3.2269,4.5544,-5.5175
1.491,5.0260,-1.5486,-16.0000
1.492,-0.2326,-6.5089,-7.4742
1.493,-6.1111,-4.0729,13.4843
1.494,-5.0219,3.2295,16.0000
1.495,1.9669,6.7558,2.9316
1.496,6.6808,2.4569,-14.2595
1.497,3.5256,-4.0420,-11.1481
1.498,-3.2050,-4.5834,7.8708
1.499,-5.0393,1.1569,16.0000
1.500,0.0074,5.3070,5.5986
1.501,5.0212,2.0725,-13.9332
1.502,3.1833,-4.5132,-15.7988
1.503,-3.5512,-6.4195,2.7511
1.504,-6.7297,-0.7793,16.0000
1.505,-2.0766,5.7177,13.4549
1.506,4.9379,5.4900,-6.7785
1.507,6.1408,-0.9439,-15.8745
1.508,0.3529,-5.2115,-2.6700
1.509,-4.9611,-2.1998,15.2216
1.510,-3.2449,3.8434,14.4299
1.511,2.9782,4.6483,-4.4762
1.512,5.1619,-1.1615,-16.0000
1.513,0.0490,-6.4314,-8.4846
1.514,-5.9068,-4.3061,12.5647
1.515,-5.2819,2.9307,16.0000
1.516,1.5839,6.8152,3.9893
1.517,6.6223,2.8497,-13.7303
1.518,3.8825,-3.7595,-11.8877
1.519,-2.8744,-4.6932,6.8987
1.520,-5.1506,0.6914,16.0000
1.521,-0.3641,5.2137,6.4733
1.522,4.8866,2.4090,-13.1801
1.523,3.4648,-4.3506,-16.0000
1.524,-3.2007,-6.5316,1.6225
1.525,-6.6509,-1.1327,16.0000
1.526,-2.4283,5.6476,14.1769
1.527,4.8150,5.7612,-5.7161
1.528,6.2931,-0.6579,-15.9427
1.529,0.6496,-5.2292,-3.7058
1.530,-4.8601,-2.6186,14.5992
1.531,-3.5754,3.6450,15.1703
1.532,2.6613,4.8647,-3.4426
1.533,5.2396,-0.7156,-16.0000
1.534,0.4665,-6.3766,-9.5135
1.535,-5.6769,-4.7825,11.5911
1.536,-5.5012,2.5094,16.0000
1.537,1.3683,6.6535,5.2755
1.538,6.4854,3.0314,-13.1539
1.539,4.1716,-3.5617,-12.4995
1.540,-2.5885,-4.9015,5.7955
1.541,-5.1432,0.4134,16.0000
1.542,-0.6812,5.1053,7.7269
1.543,4.7560,2.7433,-12.4377
1.544,3.7191,-4.0071,-16.0000
1.545,-2.8566,-6.5831,0.5144
1.546,-6.6975,-1.5782,16.0000
1.547,-2.6792,5.3302,15.0055
1.548,4.4993,5.8748,-4.7207
1.549,6.3656,-0.2227,-15.8883
1.550,1.0321,-5.1597,-4.7450
1.551,-4.7294,-2.8152,13.8705
1.552,-3.7200,3.3599,15.7412
1.553,2.3660,4.9693,-2.2545
1.554,5.3261,-0.3316,-16.0000
1.555,0.9766,-6.1450,-10.5032
1.556,-5.5186,-4.9889,10.6726
1.557,-5.7466,2.0568,16.0000
1.558,0.8188,6.6472,6.4381
1.559,6.3579,3.4367,-12.5952
1.560,4.4612,-3.2200,-13.1361
1.561,-2.3108,-4.9268,4.9098
1.562,-5.2448,0.0798,16.0000
1.563,-1.0956,5.0997,8.7198
1.564,4.6045,3.1240,-11.4816
1.565,3.9985,-3.6544,-16.0000
1.566,-2.5455,-6.6111,-0.6425
1.567,-6.7402,-1.8794,16.0000
1.568,-3.1525,5.0866,15.7071
1.569,4.1184,6.0598,-3.7115
1.570,6.4712,0.0953,-15.8950
1.571,1.3866,-5.0642,-5.8796
1.572,-4.6357,-3.2021,13.2178
1.573,-3.8929,2.9902,16.0000
1.574,2.0250,5.0519,-1.1384
1.575,5.3148,0.0561,-16.0000
1.576,1.2688,-6.0037,-11.2776
1.577,-5.2526,-5.1939,9.5547
1.578,-5.9827,1.8033,16.0000
1.579,0.4012,6.7062,7.4977
1.580,6.2681,3.7870,-11.9166
1.581,4.7181,-2.9631,-13.7123
1.582,-1.8516,-5.0331,3.8134
1.583,-5.3308,-0.2626,16.0000
1.584,-1.2914,4.9437,9.5216
1.585,4.3146,3.3530,-10.5975
1.586,4.1735,-3.3328,-16.0000
1.587,-2.1988,-6.6465,-1.8369
1.588,-6.6404,-2.4073,16.0000
1.589,-3.4754,4.8953,16.0000
1.590,3.7979,6.1634,-2.5988
1.591,6.5912,0.5444,-15.8161
1.592,1.7305,-4.9975,-6.7778
1.593,-4.5618,-3.3550,12.4387
1.594,-4.2498,2.5697,16.0000
1.595,1.7043,5.1692,-0.0058
1.596,5.2451,0.4122,-16.0000
1.597,1.5786,-5.7265,-12.3387
1.598,-5.0537,-5.4830,8.4939
1.599,-6.2366,1.2881,16.0000
1.600,0.0508,6.5260,8.5693
1.601,6.1668,4.0873,-11.2198
1.602,5.0621,-2.7430,-14.1973
1.603,-1.5431,-5.1457,2.6415
1.604,-5.3847,-0.6057,16.0000
1.605,-1.6602,4.7951,10.5488
1.606,4.2103,3.6374,-9.6876
1.607,4.2830,-2.8841,-16.0000
1.608,-1.7123,-6.6861,-3.0429
1.609,-6.5969,-2.7344,16.0000
1.610,-3.8315,4.6572,16.0000
1.611,3.5389,6.3380,-1.5293
1.612,6.7541,0.9623,-15.6534
1.613,2.1130,-4.8703,-7.7220
1.614,-4.1398,-3.6860,11.6512
1.615,-4.4819,2.4428,16.0000
1.616,1.2702,5.1767,1.1497
1.617,5.2711,0.7754,-16.0000
1.618,1.9486,-5.6027,-13.0231
1.619,-4.7985,-5.6758,7.4085
1.620,-6.3512,0.8288,16.0000
1.621,-0.3722,6.5196,9.4828
1.622,5.9335,4.3416,-10.3088
1.623,5.3013,-2.4086,-14.6498
1.624,-1.2333,-5.2791,1.6345
1.625,-5.3319,-0.8966,16.0000
1.626,-1.9996,4.5767,11.4361
1.627,4.0148,3.9460,-8.7319
1.628,4.5489,-2.6414,-16.0000
1.629,-1.4333,-6.6712,-4.2071
1.630,-6.5478,-3.0189,15.9345
1.631,-4.1199,4.2142,16.0000
1.632,3.1558,6.5487,-0.4438
1.633,6.7255,1.2654,-15.4709
1.634,2.4233,-4.6544,-8.6273
1.635,-3.9524,-3.8768,10.7796
1.636,-4.5529,2.1112,16.0000
1.637,1.0619,5.2645,2.2143
1.638,5.3224,1.1235,-15.8079
1.639,2.2082,-5.3503,-13.8005
1.640,-4.4879,-5.9717,6.3755
1.641,-6.3565,0.4616,16.0000
1.642,-0.9103,6.4132,10.6344
1.643,5.7338,4.5787,-9.5502
1.644,5.4934,-2.0420,-15.0772
1.645,-0.8766,-5.2385,0.4846
1.646,-5.3573,-1.2905,16.0000
1.647,-2.3394,4.3054,12.3030
1.648,3.7996,4.1188,-7.7195
1.649,4.8255,-2.3149,-16.0000
1.650,-1.0829,-6.7459,-5.3042
1.651,-6.3470,-3.3816,15.2178
1.652,-4.4283,3.9276,16.0000
1.653,2.7411,6.5639,0.7356
1.654,6.6912,1.6263,-15.0890
1.655,2.8380,-4.3608,-9.4876
1.656,-3.8111,-4.1239,9.9102
1.657,-4.7091,1.8477,16.0000
1.658,0.6732,5.2233,3.2796
1.659,5.0870,1.4965,-15.1803
1.660,2.6275,-5.0173,-14.5639
1.661,-4.1745,-6.1521,5.2497
1.662,-6.5888,0.0784,16.0000
1.663,-1.2471,6.1406,11.5621
1.664,5.4821,4.9493,-8.6872
1.665,5.7502,-1.6148,-15.3555
1.666,-0.4965,-5.3753,-0.5143
1.667,-5.1625,-1.6475,16.0000
1.668,-2.6539,4.2132,13.0912
1.669,3.5390,4.3078,-6.6560
1.670,5.0148,-1.8692,-16.0000
1.671,-0.6350,-6.6506,-6.3749
1.672,-6.3149,-3.6721,14.4263
1.673,-4.8206,3.6013,16.0000
1.674,2.3376,6.7142,1.8979
1.675,6.6326,2.0395,-14.7860
1.676,3.2366,-4.2689,-10.2269
1.677,-3.5080,-4.3103,8.8740
1.678,-4.8070,1.5520,16.0000
1.679,0.3078,5.3299,4.4959
1.680,5.0868,1.7704,-14.5615
1.681,2.8782,-4.8764,-15.1733
1.682,-3.8823,-6.1803,4.0007
1.683,-6.5601,-0.3652,16.0000
1.684,-1.6674,5.9913,12.5226
1.685,5.3922,5.2345,-7.7707
1.686,6.0430,-1.3960,-15.6221
1.687,-0.1766,-5.2728,-1.6536
1.688,-5.1040,-2.0075,15.7261
1.689,-2.9989,4.0418,13.8774
1.690,3.1468,4.5050,-5.5536
1.691,4.9114,-1.5009,-16.0000
1.692,-0.1582,-6.5627,-7.3780
1.693,-6.1184,-4.0676,13.5065
1.694,-5.0604,3.2089,16.0000
1.695,2.0540,6.7348,3.0863
1.696,6.7273,2.4522,-14.3674
1.697,3.5363,-4.0164,-11.1512
1.698,-3.2737,-4.6046,7.8962
1.699,-5.0526,1.1483,16.0000
1.700,0.0363,5.2157,5.5656
1.701,5.0163,2.1856,-13.9310
1.702,3.2186,-4.5579,-15.7776
1.703,-3.5258,-6.3940,2.8636
1.704,-6.6784,-0.7844,16.0000
1.705,-1.9842,5.8137,13.4347
1.706,5.1048,5.4489,-6.8601
1.707,6.1149,-0.9801,-15.7794
1.708,0.2234,-5.2575,-2.7651
1.709,-5.0761,-2.3192,15.2269
1.710,-3.2022,3.7256,14.5606
1.711,2.9631,4.7880,-4.5322
1.712,5.1357,-1.0591,-16.0000
1.713,0.0942,-6.3536,-8.5760
1.714,-5.9812,-4.5538,12.6624
1.715,-5.3203,2.8289,16.0000
1.716,1.6192,6.6257,4.0599
1.717,6.6312,2.7450,-13.8519
1.718,3.9089,-3.8827,-11.9052
1.719,-2.7914,-4.7133,6.9546
1.720,-5.1991,0.7851,16.0000
1.721,-0.2658,5.2498,6.5249
1.722,4.8247,2.5566,-13.1104
1.723,3.5579,-4.2257,-16.0000
1.724,-3.2271,-6.6281,1.7204
1.725,-6.6904,-1.1156,16.0000
1.726,-2.3566,5.6120,14.2470
1.727,4.6835,5.7015,-5.8437
1.728,6.2580,-0.6038,-15.8658
1.729,0.5291,-5.2427,-3.7059
1.730,-4.9280,-2.5241,14.6647
1.731,-3.4948,3.4996,15.1481
1.732,2.6591,4.8724,-3.3505
1.733,5.2241,-0.8315,-16.0000
1.734,0.4183,-6.3592,-9.4662
1.735,-5.7055,-4.7446,11.5254
1.736,-5.5456,2.5325,16.0000
1.737,1.1559,6.7124,5.2441
1.738,6.5921,3.0733,-13.2464
1.739,4.1728,-3.5750,-12.5872
1.740,-2.5464,-4.7799,5.8252
1.741,-5.1248,0.3098,16.0000
1.742,-0.7548,5.1259,7.6523
1.743,4.7009,2.8143,-12.3821
1.744,3.7472,-3.8224,-16.0000
1.745,-2.9418,-6.5925,0.5703
1.746,-6.7353,-1.5078,16.0000
1.747,-2.7966,5.4287,15.0884
1.748,4.5323,5.9268,-4.7612
1.749,6.4362,-0.2256,-15.9564
1.750,1.0114,-5.2157,-4.8045
1.751,-4.7443,-2.8297,13.9671
1.752,-3.7907,3.2951,15.6989
1.753,2.2788,4.8385,-2.1587
1.754,5.2575,-0.3902,-16.0000
1.755,0.9196,-6.1163,-10.3284
1.756,-5.5865,-5.0361,10.6307
1.757,-5.8380,2.2514,16.0000
1.758,0.8448,6.6967,6.3637
1.759,6.4600,3.3556,-12.5774
1.760,4.4496,-3.2636,-13.1263
1.761,-2.0933,-5.0188,4.7941
1.762,-5.2751,0.0439,16.0000
1.763,-0.9754,5.0438,8.6377
1.764,4.5436,3.0834,-11.5472
1.765,3.9635,-3.6881,-16.0000
1.766,-2.4113,-6.7064,-0.7268
1.767,-6.6159,-1.9959,16.0000
1.768,-3.1628,5.1788,15.8341
1.769,4.0598,6.0699,-3.6585
1.770,6.5103,0.1664,-15.9660
1.771,1.3887,-5.0298,-5.7982
1.772,-4.6226,-3.2158,13.1775
1.773,-3.9415,3.0106,16.0000
1.774,2.0180,5.0842,-1.1136
1.775,5.4007,0.0753,-16.0000
1.776,1.1626,-5.9701,-11.3600
1.777,-5.3296,-5.3298,9.5469
1.778,-5.9444,1.7791,16.0000
1.779,0.5350,6.6732,7.4583
1.780,6.2502,3.6338,-11.9074
1.781,4.6882,-3.0772,-13.7448
1.782,-1.8262,-5.1095,3.8397
1.783,-5.2457,-0.2094,16.0000
1.784,-1.4308,4.9713,9.5243
1.785,4.4240,3.3364,-10.6274
1.786,4.2406,-3.3115,-16.0000
1.787,-2.1988,-6.7472,-1.9163
1.788,-6.6669,-2.2882,16.0000
1.789,-3.5023,4.8829,16.0000
1.790,3.8264,6.2244,-2.5485
1.791,6.5836,0.5516,-15.7594
1.792,1.6549,-4.9401,-6.8206
1.793,-4.3471,-3.3814,12.4157
1.794,-4.0992,2.7601,16.0000
1.795,1.7721,5.1539,0.0034
1.796,5.2976,0.4499,-16.0000
1.797,1.5322,-5.7638,-12.3276
1.798,-5.0566,-5.4707,8.4826
1.799,-6.0350,1.3068,16.0000
1.800,-0.0377,6.5024,8.4993
1.801,6.1597,4.0099,-11.1991
1.802,5.0356,-2.7103,-14.3345
1.803,-1.4867,-5.1386,2.7352
1.804,-5.2879,-0.5070,16.0000
1.805,-1.7366,4.6712,10.6050
1.806,4.2047,3.7069,-9.7621
1.807,4.4083,-2.8775,-16.0000
1.808,-1.6386,-6.7383,-3.0302
1.809,-6.6782,-2.6789,16.0000
1.810,-3.7711,4.6233,16.0000
1.811,3.4634,6.3280,-1.5286
1.812,6.7237,0.8642,-15.6441
1.813,2.1282,-4.7634,-7.7640
1.814,-4.1670,-3.7189,11.6283
1.815,-4.2679,2.4471,16.0000
1.816,1.3298,5.2266,1.0910
1.817,5.3261,0.7645,-16.0000
1.818,1.8786,-5.5673,-13.0756
1.819,-4.8242,-5.6631,7.4136
1.820,-6.3091,0.8834,16.0000
1.821,-0.4062,6.4676,9.5531
1.822,5.9783,4.3968,-10.3594
1.823,5.3181,-2.2743,-14.7065
1.824,-1.2810,-5.3202,1.6179
1.825,-5.2491,-0.9630,16.0000
1.826,-2.1406,4.6786,11.5299
1.827,3.9914,3.8669,-8.7117
1.828,4.5373,-2.5868,-16.0000
1.829,-1.3776,-6.6340,-4.1320
1.830,-6.5454,-3.0291,15.9291
1.831,-4.2455,4.2488,16.0000
1.832,3.1072,6.4548,-0.3558
1.833,6.7070,1.2887,-15.4105
1.834,2.4536,-4.5701,-8.6276
1.835,-3.8951,-3.9306,10.8129
1.836,-4.5465,2.0570,16.0000
1.837,1.1700,5.3450,2.2499
1.838,5.2743,1.1100,-15.8842
1.839,2.2660,-5.2634,-13.8130
1.840,-4.3961,-5.9575,6.3516
1.841,-6.3794,0.5093,16.0000
1.842,-0.8351,6.3178,10.5634
1.843,5.7653,4.6944,-9.5725
1.844,5.5564,-2.0846,-15.0600
1.845,-0.8480,-5.3815,0.5999
1.846,-5.2178,-1.2892,16.0000
1.847,-2.4044,4.3614,12.2492
1.848,3.7225,4.1527,-7.6832
1.849,4.6891,-2.1517,-16.0000
1.850,-1.0520,-6.5708,-5.3638
1.851,-6.3640,-3.4574,15.1692
1.852,-4.5008,3.8292,16.0000
1.853,2.7759,6.5580,0.7701
1.854,6.6885,1.6481,-15.1593
1.855,2.8784,-4.5115,-9.4869
1.856,-3.6976,-4.1117,9.8148
1.857,-4.6613,1.7753,16.0000
1.858,0.6961,5.2639,3.3332
1.859,5.0969,1.4508,-15.2705
1.860,2.5052,-5.0888,-14.5185
1.861,-4.1589,-6.0406,5.0973
1.862,-6.5500,0.1360,16.0000
1.863,-1.2456,6.1570,11.5072
1.864,5.6728,5.0761,-8.6446
1.865,5.7472,-1.7609,-15.4303
1.866,-0.4803,-5.2946,-0.4965
1.867,-5.2272,-1.6100,16.0000
1.868,-2.6099,4.2690,13.1017
1.869,3.5010,4.3850,-6.6257
1.870,4.9200,-1.8380,-16.0000
1.871,-0.6414,-6.6689,-6.3022
1.872,-6.2119,-3.7422,14.3558
1.873,-4.7974,3.6003,16.0000
1.874,2.3794,6.5769,1.8110
1.875,6.7837,2.0971,-14.7361
1.876,3.1277,-4.1695,-10.3932
1.877,-3.4247,-4.3444,8.8246
1.878,-4.8317,1.5266,16.0000
1.879,0.3283,5.3005,4.4114
1.880,5.2414,1.8402,-14.5783
1.881,2.9147,-4.8761,-15.0974
1.882,-3.9082,-6.2516,4.0503
1.883,-6.6052,-0.2486,16.0000
1.884,-1.5719,5.9550,12.4292
1.885,5.2727,5.1805,-7.7459
1.886,5.9953,-1.3935,-15.6776
1.887,-0.1558,-5.3165,-1.6777
1.888,-5.1095,-1.9119,15.8052
1.889,-3.0785,4.0412,13.8550
1.890,3.2312,4.5128,-5.5527
1.891,5.0624,-1.5649,-16.0000
1.892,-0.2516,-6.6047,-7.4437
1.893,-6.2041,-4.0492,13.3317
1.894,-5.1459,3.2471,16.0000
1.895,1.9688,6.7117,2.9550
1.896,6.5949,2.3587,-14.2824
1.897,3.4956,-4.0838,-11.0401
1.898,-3.1829,-4.4429,7.8998
1.899,-5.0160,1.0025,16.0000
1.900,0.0185,5.3006,5.5786
1.901,4.9181,2.1681,-13.9160
1.902,3.1599,-4.5903,-15.8231
1.903,-3.5666,-6.3937,2.8387
1.904,-6.6676,-0.7250,16.0000
1.905,-2.0542,5.7363,13.4494
1.906,5.1014,5.4466,-6.8258
1.907,6.1143,-0.9149,-15.8128
1.908,0.3118,-5.3212,-2.7484
1.909,-5.1132,-2.3439,15.2797
1.910,-3.2231,3.8299,14.4926
1.911,2.9643,4.6757,-4.4056
1.912,5.1866,-1.0958,-16.0000
1.913,0.0968,-6.4451,-8.6284
1.914,-5.9609,-4.4406,12.5612
1.915,-5.2618,2.9311,16.0000
1.916,1.5784,6.7028,4.2356
1.917,6.5874,2.7403,-13.8164
1.918,3.8178,-3.7972,-11.8307
1.919,-2.8506,-4.6427,6.9094
1.920,-5.0771,0.7641,16.0000
1.921,-0.3630,5.2687,6.6515
1.922,4.9195,2.5771,-13.0431
1.923,3.3966,-4.3334,-16.0000
1.924,-3.1475,-6.4626,1.6159
1.925,-6.6807,-1.0491,16.0000
1.926,-2.3761,5.5572,14.2216
1.927,4.7973,5.6292,-5.7778
1.928,6.2284,-0.5447,-15.8596
1.929,0.6000,-5.1700,-3.7085
1.930,-4.9038,-2.6165,14.6276
1.931,-3.4234,3.6179,15.1593
1.932,2.6433,4.8669,-3.4101
1.933,5.1457,-0.7130,-16.0000
1.934,0.5729,-6.3066,-9.4075
1.935,-5.8345,-4.6484,11.6856
1.936,-5.5062,2.5230,16.0000
1.937,1.2561,6.7162,5.2835
1.938,6.5974,3.1161,-13.2149
1.939,4.1732,-3.4074,-12.5307
1.940,-2.4459,-4.7950,5.9409
1.941,-5.1397,0.4003,16.0000
1.942,-0.6613,5.1307,7.5559
1.943,4.6753,2.7960,-12.3406
1.944,3.6647,-4.0416,-16.0000
1.945,-2.8589,-6.5455,0.5818
1.946,-6.6874,-1.4835,16.0000
1.947,-2.7847,5.3379,15.1476
1.948,4.5341,5.9566,-4.7425
1.949,6.4166,-0.1947,-15.8704
1.950,0.9078,-5.1938,-4.8307
1.951,-4.7181,-2.8086,13.9579
1.952,-3.7307,3.3656,15.6706
1.953,2.3873,5.0474,-2.2534
1.954,5.2323,-0.3475,-16.0000
1.955,0.8600,-6.2098,-10.5395
1.956,-5.5405,-4.9814,10.6901
1.957,-5.8105,2.0969,16.0000
1.958,0.7822,6.7514,6.2992
1.959,6.3773,3.4685,-12.5977
1.960,4.5565,-3.1719,-13.1448
1.961,-2.1929,-4.9731,4.7922
1.962,-5.3446,0.0745,16.0000
1.963,-1.0042,4.9901,8.7170
1.964,4.5979,3.0886,-11.4283
1.965,3.9112,-3.7196,-16.0000
1.966,-2.4922,-6.6626,-0.6752
1.967,-6.7198,-1.9306,16.0000
1.968,-3.1286,5.1303,15.8132
1.969,4.1133,6.0939,-3.6627
1.970,6.5265,0.1320,-15.9264
1.971,1.4150,-5.0222,-5.6881
1.972,-4.5416,-3.0993,13.2339
1.973,-3.9655,3.1078,16.0000
1.974,2.0308,5.1510,-1.1243
1.975,5.2765,0.0588,-16.0000
1.976,1.2815,-6.0025,-11.3291
1.977,-5.2231,-5.2329,9.5767
1.978,-5.8357,1.7787,16.0000
1.979,0.3176,6.7526,7.5071
1.980,6.3874,3.8115,-11.9358
1.981,4.8175,-2.9720,-13.6441
1.982,-1.9613,-5.0767,3.7847
1.983,-5.3126,-0.2588,16.0000
1.984,-1.3422,4.9232,9.6189
1.985,4.4669,3.3093,-10.6260
1.986,4.1269,-3.3010,-16.0000
1.987,-2.1218,-6.5979,-1.8750
1.988,-6.6781,-2.2325,16.0000
1.989,-3.5491,4.9109,16.0000
1.990,3.8312,6.2125,-2.5677
1.991,6.5622,0.6093,-15.7804
1.992,1.7048,-4.9488,-6.7728
1.993,-4.4660,-3.5019,12.3672
1.994,-4.0984,2.7070,16.0000
1.995,1.7379,5.2296,-0.0238
1.996,5.4048,0.4238,-16.0000
1.997,1.6820,-5.7722,-12.2403
1.998,-5.0032,-5.5128,8.5368
1.999,-6.1576,1.3083,16.0000
