t_ms,heading_deg,rssi_dbm
0,0.0,-78.8
20,0.1,-79.6
40,0.2,-77.1
60,0.4,-77.0
80,0.5,-76.9
100,0.6,-75.7
120,0.7,-80.3
140,0.8,-80.0
160,1.0,-79.2
180,1.1,-80.7
200,1.2,-77.5
220,1.3,-76.8
240,1.4,-77.2
260,1.6,-78.2
280,1.7,-75.2
300,1.8,-75.7
320,1.9,-76.9
340,2.0,-80.4
360,2.2,-78.8
380,2.3,-76.4
400,2.4,-77.5
420,2.5,-80.9
440,2.6,-79.7
460,2.8,-77.9
480,2.9,-75.4
500,3.0,-80.7
520,3.1,-80.5
540,3.2,-77.2
560,3.4,-75.0
580,3.5,-76.0
600,3.6,-77.3
620,3.7,-80.7
640,3.8,-75.5
660,4.0,-80.3
680,4.1,-76.5
700,4.2,-75.6
720,4.3,-80.0
740,4.4,-76.9
760,4.6,-77.8
780,4.7,-80.2
800,4.8,-78.2
820,4.9,-80.6
840,5.0,-79.5
860,5.2,-78.2
880,5.3,-76.6
900,5.4,-80.2
920,5.5,-75.9
940,5.6,-75.8
960,5.8,-78.1
980,5.9,-76.0
1000,6.0,-76.9
1020,6.1,-80.6
1040,6.2,-76.0
1060,6.4,-80.8
1080,6.5,-78.6
1100,6.6,-77.6
1120,6.7,-75.7
1140,6.8,-75.2
1160,7.0,-78.1
1180,7.1,-79.0
1200,7.2,-75.7
1220,7.3,-76.9
1240,7.4,-78.5
1260,7.6,-76.3
1280,7.7,-78.7
1300,7.8,-75.5
1320,7.9,-75.2
1340,8.0,-75.8
1360,8.2,-78.6
1380,8.3,-80.1
1400,8.4,-78.4
1420,8.5,-77.0
1440,8.6,-77.7
1460,8.8,-76.9
1480,8.9,-76.6
1500,9.0,-75.0
1520,9.1,-78.5
1540,9.2,-80.0
1560,9.4,-78.3
1580,9.5,-76.1
1600,9.6,-79.2
1620,9.7,-79.6
1640,9.8,-76.1
1660,10.0,-77.4
1680,10.1,-78.9
1700,10.2,-80.2
1720,10.3,-78.4
1740,10.4,-79.9
1760,10.6,-77.3
1780,10.7,-77.3
1800,10.8,-78.4
1820,10.9,-77.9
1840,11.0,-79.6
1860,11.2,-77.5
1880,11.3,-77.1
1900,11.4,-75.1
1920,11.5,-80.4
1940,11.6,-78.3
1960,11.8,-78.6
1980,11.9,-77.4
2000,12.0,-77.6
2020,12.1,-78.6
2040,12.2,-77.6
2060,12.4,-76.8
2080,12.5,-80.4
2100,12.6,-78.8
2120,12.7,-80.9
2140,12.8,-80.9
2160,13.0,-79.5
2180,13.1,-79.2
2200,13.2,-78.7
2220,13.3,-76.3
2240,13.4,-79.2
2260,13.6,-76.4
2280,13.7,-75.3
2300,13.8,-80.8
2320,13.9,-78.8
2340,14.0,-80.4
2360,14.2,-78.6
2380,14.3,-78.8
2400,14.4,-76.8
2420,14.5,-77.6
2440,14.6,-80.4
2460,14.8,-79.6
2480,14.9,-80.3
2500,15.0,-76.4
2520,15.1,-78.7
2540,15.2,-79.3
2560,15.4,-76.6
2580,15.5,-78.1
2600,15.6,-80.8
2620,15.7,-75.3
2640,15.8,-80.4
2660,16.0,-76.0
2680,16.1,-75.7
2700,16.2,-77.6
2720,16.3,-77.4
2740,16.4,-78.0
2760,16.6,-78.8
2780,16.7,-80.0
2800,16.8,-80.7
2820,16.9,-75.8
2840,17.0,-75.5
2860,17.2,-79.3
2880,17.3,-80.1
2900,17.4,-80.2
2920,17.5,-80.6
2940,17.6,-78.7
2960,17.8,-80.2
2980,17.9,-78.9
3000,18.0,-76.5
3020,18.1,-76.3
3040,18.2,-77.3
3060,18.4,-79.1
3080,18.5,-76.9
3100,18.6,-79.9
3120,18.7,-77.2
3140,18.8,-75.9
3160,19.0,-79.1
3180,19.1,-75.3
3200,19.2,-79.1
3220,19.3,-78.7
3240,19.4,-78.4
3260,19.6,-76.3
3280,19.7,-78.7
3300,19.8,-76.6
3320,19.9,-79.6
3340,20.0,-78.3
3360,20.2,-79.5
3380,20.3,-80.2
3400,20.4,-78.4
3420,20.5,-78.4
3440,20.6,-76.7
3460,20.8,-79.9
3480,20.9,-78.5
3500,21.0,-78.4
3520,21.1,-80.3
3540,21.2,-80.1
3560,21.4,-80.7
3580,21.5,-78.5
3600,21.6,-77.6
3620,21.7,-80.2
3640,21.8,-75.1
3660,22.0,-76.9
3680,22.1,-77.7
3700,22.2,-77.4
3720,22.3,-78.7
3740,22.4,-78.4
3760,22.6,-77.7
3780,22.7,-80.8
3800,22.8,-76.2
3820,22.9,-79.8
3840,23.0,-78.3
3860,23.2,-75.0
3880,23.3,-79.6
3900,23.4,-80.3
3920,23.5,-79.5
3940,23.6,-77.5
3960,23.8,-76.5
3980,23.9,-78.0
4000,24.0,-78.1
4020,24.1,-77.8
4040,24.2,-75.1
4060,24.4,-75.0
4080,24.5,-79.4
4100,24.6,-80.3
4120,24.7,-78.6
4140,24.8,-80.2
4160,25.0,-79.7
4180,25.1,-78.0
4200,25.2,-75.6
4220,25.3,-78.5
4240,25.4,-77.9
4260,25.6,-76.7
4280,25.7,-80.9
4300,25.8,-76.5
4320,25.9,-75.4
4340,26.0,-80.0
4360,26.2,-78.9
4380,26.3,-76.1
4400,26.4,-78.3
4420,26.5,-78.2
4440,26.6,-75.8
4460,26.8,-76.5
4480,26.9,-76.0
4500,27.0,-79.6
4520,27.1,-76.5
4540,27.2,-80.9
4560,27.4,-79.0
4580,27.5,-79.6
4600,27.6,-76.0
4620,27.7,-77.1
4640,27.8,-79.1
4660,28.0,-78.1
4680,28.1,-80.1
4700,28.2,-75.8
4720,28.3,-77.7
4740,28.4,-77.6
4760,28.6,-75.6
4780,28.7,-75.6
4800,28.8,-76.7
4820,28.9,-77.9
4840,29.0,-77.0
4860,29.2,-78.3
4880,29.3,-80.0
4900,29.4,-77.4
4920,29.5,-76.2
4940,29.6,-76.5
4960,29.8,-78.0
4980,29.9,-76.1
5000,30.0,-78.2
5020,30.1,-78.4
5040,30.2,-80.2
5060,30.4,-77.1
5080,30.5,-76.7
5100,30.6,-78.5
5120,30.7,-78.6
5140,30.8,-77.4
5160,31.0,-76.3
5180,31.1,-79.9
5200,31.2,-79.9
5220,31.3,-78.3
5240,31.4,-80.8
5260,31.6,-78.5
5280,31.7,-78.9
5300,31.8,-78.1
5320,31.9,-78.8
5340,32.0,-76.6
5360,32.2,-76.5
5380,32.3,-75.9
5400,32.4,-79.5
5420,32.5,-77.0
5440,32.6,-79.3
5460,32.8,-76.0
5480,32.9,-79.6
5500,33.0,-80.8
5520,33.1,-77.1
5540,33.2,-80.6
5560,33.4,-79.6
5580,33.5,-77.5
5600,33.6,-79.1
5620,33.7,-78.2
5640,33.8,-77.4
5660,34.0,-76.4
5680,34.1,-76.8
5700,34.2,-76.4
5720,34.3,-78.4
5740,34.4,-79.5
5760,34.6,-77.3
5780,34.7,-77.6
5800,34.8,-77.6
5820,34.9,-75.0
5840,35.0,-81.0
5860,35.2,-75.2
5880,35.3,-79.9
5900,35.4,-79.6
5920,35.5,-79.9
5940,35.6,-78.8
5960,35.8,-78.5
5980,35.9,-76.5
6000,36.0,-75.7
6020,36.1,-75.2
6040,36.2,-76.2
6060,36.4,-76.4
6080,36.5,-77.3
6100,36.6,-78.6
6120,36.7,-75.2
6140,36.8,-79.7
6160,37.0,-78.1
6180,37.1,-79.3
6200,37.2,-78.3
6220,37.3,-79.3
6240,37.4,-75.8
6260,37.6,-79.1
6280,37.7,-78.5
6300,37.8,-79.3
6320,37.9,-79.3
6340,38.0,-79.6
6360,38.2,-75.4
6380,38.3,-78.5
6400,38.4,-76.8
6420,38.5,-79.4
6440,38.6,-78.7
6460,38.8,-80.0
6480,38.9,-78.8
6500,39.0,-76.8
6520,39.1,-75.4
6540,39.2,-81.0
6560,39.4,-79.6
6580,39.5,-79.9
6600,39.6,-78.6
6620,39.7,-80.7
6640,39.8,-75.5
6660,40.0,-79.8
6680,40.1,-76.1
6700,40.2,-76.7
6720,40.3,-79.5
6740,40.4,-80.2
6760,40.6,-75.1
6780,40.7,-79.6
6800,40.8,-76.5
6820,40.9,-76.0
6840,41.0,-75.7
6860,41.2,-75.0
6880,41.3,-78.5
6900,41.4,-78.2
6920,41.5,-80.5
6940,41.6,-78.2
6960,41.8,-78.8
6980,41.9,-80.7
7000,42.0,-79.7
7020,42.1,-76.6
7040,42.2,-76.3
7060,42.4,-78.6
7080,42.5,-79.7
7100,42.6,-79.4
7120,42.7,-75.1
7140,42.8,-76.1
7160,43.0,-79.5
7180,43.1,-80.5
7200,43.2,-77.9
7220,43.3,-80.6
7240,43.4,-79.5
7260,43.6,-79.3
7280,43.7,-80.9
7300,43.8,-76.4
7320,43.9,-76.7
7340,44.0,-77.5
7360,44.2,-75.5
7380,44.3,-78.8
7400,44.4,-78.2
7420,44.5,-79.1
7440,44.6,-75.7
7460,44.8,-76.9
7480,44.9,-76.5
7500,45.0,-75.4
7520,45.1,-80.0
7540,45.2,-76.0
7560,45.4,-79.0
7580,45.5,-76.2
7600,45.6,-77.3
7620,45.7,-76.9
7640,45.8,-78.1
7660,46.0,-77.4
7680,46.1,-79.1
7700,46.2,-75.8
7720,46.3,-76.5
7740,46.4,-80.9
7760,46.6,-76.8
7780,46.7,-80.8
7800,46.8,-77.6
7820,46.9,-76.6
7840,47.0,-76.4
7860,47.2,-77.2
7880,47.3,-79.0
7900,47.4,-76.9
7920,47.5,-79.4
7940,47.6,-79.5
7960,47.8,-77.9
7980,47.9,-79.1
8000,48.0,-77.2
8020,48.1,-77.5
8040,48.2,-78.7
8060,48.4,-79.0
8080,48.5,-77.1
8100,48.6,-78.0
8120,48.7,-76.6
8140,48.8,-76.1
8160,49.0,-75.8
8180,49.1,-76.7
8200,49.2,-76.2
8220,49.3,-75.6
8240,49.4,-75.1
8260,49.6,-78.8
8280,49.7,-76.1
8300,49.8,-75.6
8320,49.9,-79.2
8340,50.0,-77.2
8360,50.2,-79.8
8380,50.3,-76.4
8400,50.4,-79.5
8420,50.5,-75.4
8440,50.6,-76.3
8460,50.8,-76.0
8480,50.9,-80.6
8500,51.0,-80.7
8520,51.1,-79.4
8540,51.2,-80.5
8560,51.4,-76.9
8580,51.5,-80.4
8600,51.6,-75.2
8620,51.7,-76.2
8640,51.8,-78.1
8660,52.0,-77.9
8680,52.1,-77.7
8700,52.2,-79.0
8720,52.3,-77.6
8740,52.4,-80.6
8760,52.6,-78.6
8780,52.7,-78.7
8800,52.8,-76.5
8820,52.9,-76.5
8840,53.0,-77.7
8860,53.2,-80.3
8880,53.3,-76.2
8900,53.4,-78.9
8920,53.5,-78.8
8940,53.6,-75.9
8960,53.8,-80.8
8980,53.9,-79.9
9000,54.0,-75.4
9020,54.1,-75.6
9040,54.2,-80.0
9060,54.4,-77.4
9080,54.5,-80.6
9100,54.6,-78.9
9120,54.7,-77.7
9140,54.8,-75.3
9160,55.0,-76.0
9180,55.1,-79.9
9200,55.2,-77.6
9220,55.3,-78.1
9240,55.4,-76.1
9260,55.6,-75.5
9280,55.7,-77.4
9300,55.8,-79.3
9320,55.9,-77.2
9340,56.0,-79.7
9360,56.2,-75.5
9380,56.3,-78.7
9400,56.4,-80.2
9420,56.5,-80.9
9440,56.6,-78.8
9460,56.8,-80.8
9480,56.9,-78.9
9500,57.0,-80.6
9520,57.1,-77.8
9540,57.2,-79.2
9560,57.4,-80.0
9580,57.5,-80.6
9600,57.6,-78.2
9620,57.7,-75.0
9640,57.8,-80.1
9660,58.0,-75.6
9680,58.1,-79.1
9700,58.2,-76.8
9720,58.3,-78.6
9740,58.4,-75.9
9760,58.6,-79.7
9780,58.7,-77.2
9800,58.8,-76.4
9820,58.9,-75.5
9840,59.0,-78.5
9860,59.2,-80.0
9880,59.3,-80.0
9900,59.4,-76.1
9920,59.5,-80.4
9940,59.6,-80.5
9960,59.8,-76.0
9980,59.9,-75.7
10000,60.0,-80.0
10020,60.1,-79.1
10040,60.2,-75.8
10060,60.4,-78.8
10080,60.5,-79.2
10100,60.6,-78.3
10120,60.7,-76.2
10140,60.8,-80.7
10160,61.0,-77.2
10180,61.1,-75.7
10200,61.2,-79.4
10220,61.3,-79.6
10240,61.4,-77.5
10260,61.6,-78.6
10280,61.7,-77.5
10300,61.8,-80.2
10320,61.9,-77.5
10340,62.0,-77.6
10360,62.2,-79.5
10380,62.3,-79.8
10400,62.4,-76.7
10420,62.5,-79.4
10440,62.6,-76.8
10460,62.8,-77.7
10480,62.9,-76.3
10500,63.0,-78.9
10520,63.1,-75.9
10540,63.2,-80.2
10560,63.4,-77.9
10580,63.5,-80.8
10600,63.6,-78.9
10620,63.7,-75.5
10640,63.8,-79.8
10660,64.0,-79.5
10680,64.1,-75.3
10700,64.2,-76.6
10720,64.3,-81.0
10740,64.4,-76.7
10760,64.6,-77.3
10780,64.7,-79.4
10800,64.8,-79.9
10820,64.9,-79.0
10840,65.0,-77.3
10860,65.2,-80.1
10880,65.3,-75.3
10900,65.4,-78.2
10920,65.5,-78.9
10940,65.6,-75.1
10960,65.8,-76.4
10980,65.9,-79.4
11000,66.0,-77.0
11020,66.1,-75.4
11040,66.2,-76.3
11060,66.4,-79.3
11080,66.5,-77.3
11100,66.6,-80.1
11120,66.7,-80.1
11140,66.8,-78.1
11160,67.0,-78.2
11180,67.1,-76.6
11200,67.2,-78.5
11220,67.3,-76.7
11240,67.4,-77.8
11260,67.6,-77.8
11280,67.7,-80.9
11300,67.8,-76.3
11320,67.9,-76.0
11340,68.0,-78.4
11360,68.2,-79.7
11380,68.3,-77.5
11400,68.4,-76.1
11420,68.5,-80.0
11440,68.6,-78.7
11460,68.8,-77.9
11480,68.9,-76.2
11500,69.0,-79.8
11520,69.1,-76.5
11540,69.2,-76.1
11560,69.4,-79.2
11580,69.5,-76.4
11600,69.6,-75.0
11620,69.7,-76.7
11640,69.8,-76.2
11660,70.0,-79.4
11680,70.1,-78.5
11700,70.2,-76.2
11720,70.3,-77.4
11740,70.4,-79.4
11760,70.6,-78.9
11780,70.7,-77.1
11800,70.8,-79.9
11820,70.9,-78.5
11840,71.0,-79.6
11860,71.2,-76.5
11880,71.3,-77.1
11900,71.4,-80.6
11920,71.5,-78.0
11940,71.6,-77.2
11960,71.8,-78.6
11980,71.9,-77.3
12000,72.0,-76.9
12020,72.1,-79.4
12040,72.2,-80.3
12060,72.4,-77.0
12080,72.5,-78.6
12100,72.6,-77.6
12120,72.7,-75.3
12140,72.8,-80.2
12160,73.0,-75.8
12180,73.1,-76.9
12200,73.2,-78.5
12220,73.3,-79.6
12240,73.4,-76.5
12260,73.6,-75.9
12280,73.7,-76.0
12300,73.8,-78.1
12320,73.9,-79.4
12340,74.0,-80.7
12360,74.2,-77.2
12380,74.3,-79.4
12400,74.4,-79.1
12420,74.5,-75.8
12440,74.6,-77.5
12460,74.8,-77.8
12480,74.9,-81.0
12500,75.0,-78.9
12520,75.1,-77.0
12540,75.2,-76.9
12560,75.4,-77.7
12580,75.5,-79.1
12600,75.6,-80.2
12620,75.7,-75.1
12640,75.8,-79.7
12660,76.0,-75.6
12680,76.1,-79.4
12700,76.2,-76.2
12720,76.3,-75.3
12740,76.4,-78.0
12760,76.6,-75.5
12780,76.7,-79.9
12800,76.8,-77.2
12820,76.9,-79.3
12840,77.0,-79.1
12860,77.2,-80.6
12880,77.3,-77.6
12900,77.4,-75.2
12920,77.5,-78.8
12940,77.6,-79.0
12960,77.8,-76.4
12980,77.9,-80.9
13000,78.0,-76.4
13020,78.1,-78.8
13040,78.2,-79.7
13060,78.4,-78.1
13080,78.5,-78.4
13100,78.6,-77.4
13120,78.7,-80.0
13140,78.8,-75.6
13160,79.0,-79.8
13180,79.1,-76.2
13200,79.2,-76.2
13220,79.3,-80.5
13240,79.4,-77.4
13260,79.6,-78.0
13280,79.7,-80.0
13300,79.8,-76.6
13320,79.9,-75.7
13340,80.0,-75.5
13360,80.2,-80.3
13380,80.3,-80.3
13400,80.4,-75.4
13420,80.5,-77.7
13440,80.6,-77.3
13460,80.8,-76.3
13480,80.9,-77.0
13500,81.0,-78.9
13520,81.1,-79.9
13540,81.2,-77.5
13560,81.4,-80.5
13580,81.5,-77.3
13600,81.6,-76.5
13620,81.7,-76.3
13640,81.8,-80.6
13660,82.0,-78.4
13680,82.1,-80.6
13700,82.2,-77.0
13720,82.3,-76.9
13740,82.4,-80.2
13760,82.6,-79.1
13780,82.7,-76.4
13800,82.8,-76.3
13820,82.9,-77.9
13840,83.0,-78.3
13860,83.2,-79.0
13880,83.3,-77.3
13900,83.4,-79.6
13920,83.5,-75.1
13940,83.6,-79.0
13960,83.8,-80.2
13980,83.9,-75.1
14000,84.0,-79.3
14020,84.1,-80.4
14040,84.2,-80.0
14060,84.4,-75.2
14080,84.5,-79.8
14100,84.6,-75.1
14120,84.7,-79.3
14140,84.8,-80.7
14160,85.0,-79.6
14180,85.1,-80.3
14200,85.2,-79.2
14220,85.3,-80.8
14240,85.4,-75.3
14260,85.6,-79.0
14280,85.7,-75.1
14300,85.8,-79.6
14320,85.9,-77.7
14340,86.0,-79.6
14360,86.2,-78.6
14380,86.3,-78.4
14400,86.4,-78.4
14420,86.5,-75.7
14440,86.6,-80.4
14460,86.8,-75.6
14480,86.9,-80.8
14500,87.0,-78.7
14520,87.1,-78.4
14540,87.2,-77.4
14560,87.4,-78.6
14580,87.5,-75.2
14600,87.6,-79.1
14620,87.7,-79.9
14640,87.8,-77.3
14660,88.0,-79.7
14680,88.1,-75.7
14700,88.2,-76.5
14720,88.3,-80.1
14740,88.4,-76.9
14760,88.6,-80.7
14780,88.7,-80.8
14800,88.8,-79.7
14820,88.9,-76.8
14840,89.0,-78.2
14860,89.2,-80.7
14880,89.3,-79.4
14900,89.4,-76.4
14920,89.5,-75.3
14940,89.6,-78.5
14960,89.8,-77.9
14980,89.9,-75.8
15000,90.0,-79.1
15020,90.1,-80.4
15040,90.2,-79.4
15060,90.4,-80.6
15080,90.5,-77.0
15100,90.6,-80.3
15120,90.7,-79.1
15140,90.8,-78.2
15160,91.0,-77.6
15180,91.1,-76.2
15200,91.2,-78.9
15220,91.3,-75.6
15240,91.4,-75.8
15260,91.6,-76.0
15280,91.7,-75.9
15300,91.8,-75.1
15320,91.9,-79.2
15340,92.0,-77.1
15360,92.2,-79.1
15380,92.3,-78.4
15400,92.4,-75.5
15420,92.5,-75.1
15440,92.6,-80.5
15460,92.8,-77.1
15480,92.9,-76.2
15500,93.0,-78.9
15520,93.1,-80.9
15540,93.2,-80.1
15560,93.4,-76.7
15580,93.5,-76.7
15600,93.6,-77.8
15620,93.7,-80.1
15640,93.8,-79.5
15660,94.0,-78.8
15680,94.1,-76.2
15700,94.2,-76.3
15720,94.3,-80.0
15740,94.4,-77.0
15760,94.6,-78.0
15780,94.7,-80.3
15800,94.8,-79.5
15820,94.9,-79.3
15840,95.0,-76.4
15860,95.2,-78.2
15880,95.3,-75.3
15900,95.4,-77.1
15920,95.5,-76.3
15940,95.6,-79.6
15960,95.8,-80.7
15980,95.9,-78.6
16000,96.0,-80.8
16020,96.1,-80.9
16040,96.2,-75.4
16060,96.4,-78.9
16080,96.5,-77.3
16100,96.6,-78.3
16120,96.7,-77.0
16140,96.8,-80.4
16160,97.0,-79.5
16180,97.1,-78.2
16200,97.2,-77.9
16220,97.3,-76.1
16240,97.4,-79.1
16260,97.6,-76.4
16280,97.7,-77.7
16300,97.8,-77.3
16320,97.9,-76.2
16340,98.0,-79.9
16360,98.2,-76.7
16380,98.3,-80.7
16400,98.4,-79.0
16420,98.5,-78.0
16440,98.6,-78.2
16460,98.8,-78.6
16480,98.9,-76.4
16500,99.0,-75.3
16520,99.1,-79.9
16540,99.2,-76.5
16560,99.4,-76.8
16580,99.5,-78.5
16600,99.6,-80.6
16620,99.7,-77.0
16640,99.8,-80.2
16660,100.0,-75.5
16680,100.1,-76.7
16700,100.2,-79.2
16720,100.3,-76.0
16740,100.4,-79.5
16760,100.6,-77.2
16780,100.7,-80.2
16800,100.8,-80.4
16820,100.9,-77.5
16840,101.0,-75.8
16860,101.2,-79.9
16880,101.3,-75.0
16900,101.4,-78.6
16920,101.5,-79.0
16940,101.6,-77.6
16960,101.8,-79.9
16980,101.9,-79.7
17000,102.0,-80.0
17020,102.1,-80.4
17040,102.2,-75.4
17060,102.4,-79.5
17080,102.5,-79.7
17100,102.6,-76.9
17120,102.7,-75.7
17140,102.8,-77.2
17160,103.0,-79.3
17180,103.1,-77.0
17200,103.2,-79.6
17220,103.3,-77.7
17240,103.4,-79.0
17260,103.6,-75.1
17280,103.7,-79.1
17300,103.8,-77.5
17320,103.9,-76.6
17340,104.0,-80.1
17360,104.2,-77.6
17380,104.3,-78.5
17400,104.4,-76.7
17420,104.5,-76.8
17440,104.6,-77.2
17460,104.8,-76.0
17480,104.9,-75.3
17500,105.0,-76.3
17520,105.1,-78.3
17540,105.2,-77.0
17560,105.4,-79.8
17580,105.5,-79.6
17600,105.6,-78.8
17620,105.7,-78.5
17640,105.8,-76.5
17660,106.0,-80.0
17680,106.1,-77.7
17700,106.2,-75.0
17720,106.3,-78.3
17740,106.4,-78.9
17760,106.6,-78.0
17780,106.7,-76.9
17800,106.8,-76.3
17820,106.9,-77.7
17840,107.0,-75.7
17860,107.2,-79.9
17880,107.3,-77.7
17900,107.4,-77.3
17920,107.5,-78.1
17940,107.6,-79.1
17960,107.8,-75.6
17980,107.9,-77.0
18000,108.0,-79.4
18020,108.1,-78.7
18040,108.2,-76.6
18060,108.4,-78.1
18080,108.5,-77.3
18100,108.6,-75.8
18120,108.7,-76.4
18140,108.8,-80.3
18160,109.0,-78.8
18180,109.1,-80.4
18200,109.2,-78.0
18220,109.3,-78.7
18240,109.4,-80.2
18260,109.6,-76.4
18280,109.7,-77.3
18300,109.8,-79.2
18320,109.9,-79.3
18340,110.0,-78.6
18360,110.2,-76.9
18380,110.3,-75.1
18400,110.4,-78.5
18420,110.5,-76.5
18440,110.6,-76.1
18460,110.8,-78.5
18480,110.9,-75.2
18500,111.0,-76.2
18520,111.1,-75.1
18540,111.2,-76.1
18560,111.4,-78.3
18580,111.5,-75.1
18600,111.6,-77.2
18620,111.7,-77.5
18640,111.8,-76.8
18660,112.0,-75.1
18680,112.1,-76.7
18700,112.2,-75.3
18720,112.3,-79.2
18740,112.4,-75.2
18760,112.6,-78.5
18780,112.7,-78.5
18800,112.8,-77.5
18820,112.9,-77.8
18840,113.0,-76.7
18860,113.2,-80.1
18880,113.3,-77.3
18900,113.4,-79.1
18920,113.5,-77.2
18940,113.6,-79.7
18960,113.8,-77.4
18980,113.9,-77.3
19000,114.0,-78.7
19020,114.1,-77.8
19040,114.2,-78.7
19060,114.4,-79.8
19080,114.5,-80.1
19100,114.6,-76.9
19120,114.7,-77.2
19140,114.8,-77.9
19160,115.0,-75.8
19180,115.1,-78.1
19200,115.2,-77.0
19220,115.3,-75.6
19240,115.4,-76.0
19260,115.6,-76.4
19280,115.7,-75.2
19300,115.8,-75.1
19320,115.9,-77.4
19340,116.0,-79.1
19360,116.2,-80.8
19380,116.3,-76.9
19400,116.4,-79.6
19420,116.5,-75.8
19440,116.6,-76.3
19460,116.8,-76.3
19480,116.9,-79.9
19500,117.0,-79.5
19520,117.1,-80.5
19540,117.2,-75.6
19560,117.4,-80.8
19580,117.5,-79.4
19600,117.6,-78.9
19620,117.7,-78.6
19640,117.8,-78.0
19660,118.0,-75.1
19680,118.1,-75.7
19700,118.2,-77.4
19720,118.3,-78.5
19740,118.4,-76.3
19760,118.6,-78.9
19780,118.7,-80.8
19800,118.8,-81.0
19820,118.9,-78.5
19840,119.0,-79.4
19860,119.2,-76.1
19880,119.3,-78.9
19900,119.4,-80.0
19920,119.5,-75.4
19940,119.6,-78.1
19960,119.8,-75.8
19980,119.9,-76.9
20000,120.0,-78.7
20020,120.1,-76.7
20040,120.2,-77.1
20060,120.4,-75.5
20080,120.5,-75.4
20100,120.6,-75.6
20120,120.7,-79.0
20140,120.8,-77.4
20160,121.0,-79.3
20180,121.1,-75.9
20200,121.2,-78.1
20220,121.3,-80.8
20240,121.4,-79.4
20260,121.6,-79.1
20280,121.7,-75.4
20300,121.8,-78.4
20320,121.9,-77.1
20340,122.0,-75.6
20360,122.2,-78.5
20380,122.3,-78.4
20400,122.4,-80.6
20420,122.5,-75.1
20440,122.6,-76.1
20460,122.8,-76.1
20480,122.9,-78.0
20500,123.0,-78.1
20520,123.1,-76.9
20540,123.2,-78.2
20560,123.4,-79.4
20580,123.5,-78.1
20600,123.6,-76.9
20620,123.7,-75.2
20640,123.8,-75.1
20660,124.0,-78.9
20680,124.1,-80.6
20700,124.2,-79.1
20720,124.3,-76.6
20740,124.4,-79.8
20760,124.6,-79.4
20780,124.7,-77.9
20800,124.8,-75.8
20820,124.9,-76.9
20840,125.0,-76.3
20860,125.2,-80.0
20880,125.3,-77.9
20900,125.4,-76.5
20920,125.5,-77.4
20940,125.6,-78.3
20960,125.8,-77.2
20980,125.9,-80.2
21000,126.0,-80.3
21020,126.1,-76.4
21040,126.2,-76.4
21060,126.4,-77.8
21080,126.5,-77.4
21100,126.6,-78.5
21120,126.7,-79.7
21140,126.8,-78.7
21160,127.0,-78.8
21180,127.1,-75.4
21200,127.2,-77.7
21220,127.3,-77.5
21240,127.4,-76.5
21260,127.6,-75.2
21280,127.7,-79.3
21300,127.8,-76.2
21320,127.9,-80.6
21340,128.0,-78.2
21360,128.2,-80.9
21380,128.3,-76.0
21400,128.4,-80.1
21420,128.5,-75.6
21440,128.6,-77.6
21460,128.8,-80.0
21480,128.9,-80.2
21500,129.0,-77.3
21520,129.1,-77.6
21540,129.2,-78.0
21560,129.4,-78.3
21580,129.5,-76.1
21600,129.6,-78.6
21620,129.7,-75.4
21640,129.8,-78.0
21660,130.0,-77.3
21680,130.1,-80.2
21700,130.2,-77.4
21720,130.3,-80.9
21740,130.4,-77.4
21760,130.6,-80.3
21780,130.7,-75.9
21800,130.8,-75.7
21820,130.9,-75.3
21840,131.0,-75.7
21860,131.2,-75.1
21880,131.3,-80.7
21900,131.4,-78.6
21920,131.5,-80.1
21940,131.6,-79.1
21960,131.8,-76.8
21980,131.9,-75.5
22000,132.0,-80.6
22020,132.1,-75.8
22040,132.2,-75.0
22060,132.4,-76.9
22080,132.5,-80.1
22100,132.6,-80.5
22120,132.7,-76.7
22140,132.8,-79.0
22160,133.0,-78.7
22180,133.1,-77.4
22200,133.2,-76.6
22220,133.3,-80.5
22240,133.4,-80.5
22260,133.6,-75.1
22280,133.7,-77.8
22300,133.8,-78.7
22320,133.9,-76.2
22340,134.0,-75.6
22360,134.2,-76.4
22380,134.3,-79.6
22400,134.4,-75.9
22420,134.5,-79.9
22440,134.6,-79.0
22460,134.8,-78.7
22480,134.9,-78.2
22500,135.0,-76.6
22520,135.1,-80.7
22540,135.2,-75.3
22560,135.4,-77.0
22580,135.5,-80.7
22600,135.6,-77.1
22620,135.7,-78.5
22640,135.8,-80.9
22660,136.0,-77.5
22680,136.1,-77.4
22700,136.2,-75.4
22720,136.3,-75.7
22740,136.4,-76.0
22760,136.6,-79.3
22780,136.7,-80.6
22800,136.8,-80.8
22820,136.9,-79.7
22840,137.0,-80.1
22860,137.2,-76.8
22880,137.3,-77.7
22900,137.4,-80.1
22920,137.5,-76.9
22940,137.6,-77.9
22960,137.8,-80.3
22980,137.9,-79.8
23000,138.0,-79.0
23020,138.1,-79.1
23040,138.2,-79.7
23060,138.4,-75.4
23080,138.5,-80.3
23100,138.6,-78.3
23120,138.7,-76.6
23140,138.8,-79.1
23160,139.0,-80.7
23180,139.1,-77.6
23200,139.2,-76.7
23220,139.3,-77.1
23240,139.4,-76.6
23260,139.6,-76.4
23280,139.7,-75.5
23300,139.8,-80.0
23320,139.9,-76.2
23340,140.0,-75.2
23360,140.2,-77.3
23380,140.3,-78.0
23400,140.4,-77.1
23420,140.5,-75.4
23440,140.6,-75.9
23460,140.8,-75.4
23480,140.9,-76.1
23500,141.0,-78.5
23520,141.1,-78.7
23540,141.2,-79.5
23560,141.4,-75.1
23580,141.5,-78.3
23600,141.6,-78.1
23620,141.7,-75.3
23640,141.8,-80.5
23660,142.0,-77.8
23680,142.1,-80.9
23700,142.2,-80.0
23720,142.3,-79.3
23740,142.4,-75.2
23760,142.6,-80.9
23780,142.7,-80.8
23800,142.8,-76.1
23820,142.9,-77.3
23840,143.0,-78.7
23860,143.2,-77.8
23880,143.3,-76.5
23900,143.4,-79.6
23920,143.5,-79.0
23940,143.6,-78.3
23960,143.8,-79.3
23980,143.9,-77.4
24000,144.0,-78.7
24020,144.1,-80.7
24040,144.2,-79.2
24060,144.4,-76.3
24080,144.5,-75.8
24100,144.6,-76.7
24120,144.7,-79.5
24140,144.8,-79.1
24160,145.0,-77.4
24180,145.1,-79.7
24200,145.2,-77.1
24220,145.3,-78.0
24240,145.4,-76.6
24260,145.6,-78.5
24280,145.7,-75.1
24300,145.8,-80.8
24320,145.9,-78.9
24340,146.0,-78.4
24360,146.2,-78.6
24380,146.3,-79.7
24400,146.4,-75.1
24420,146.5,-79.0
24440,146.6,-77.1
24460,146.8,-77.3
24480,146.9,-75.7
24500,147.0,-80.5
24520,147.1,-76.0
24540,147.2,-78.4
24560,147.4,-80.3
24580,147.5,-78.0
24600,147.6,-77.3
24620,147.7,-78.1
24640,147.8,-80.3
24660,148.0,-80.9
24680,148.1,-76.0
24700,148.2,-77.2
24720,148.3,-78.8
24740,148.4,-77.9
24760,148.6,-77.7
24780,148.7,-76.9
24800,148.8,-77.9
24820,148.9,-78.3
24840,149.0,-78.7
24860,149.2,-80.7
24880,149.3,-80.1
24900,149.4,-80.3
24920,149.5,-75.7
24940,149.6,-77.3
24960,149.8,-78.7
24980,149.9,-80.8
25000,150.0,-80.2
25020,150.1,-78.0
25040,150.2,-80.4
25060,150.4,-78.2
25080,150.5,-78.0
25100,150.6,-78.9
25120,150.7,-76.4
25140,150.8,-81.3
25160,151.0,-77.4
25180,151.1,-76.1
25200,151.2,-81.5
25220,151.3,-78.8
25240,151.4,-80.2
25260,151.6,-77.7
25280,151.7,-82.1
25300,151.8,-79.9
25320,151.9,-78.1
25340,152.0,-79.1
25360,152.2,-80.3
25380,152.3,-81.6
25400,152.4,-78.5
25420,152.5,-79.7
25440,152.6,-82.9
25460,152.8,-79.6
25480,152.9,-82.6
25500,153.0,-83.0
25520,153.1,-83.7
25540,153.2,-78.7
25560,153.4,-83.0
25580,153.5,-79.4
25600,153.6,-79.0
25620,153.7,-82.1
25640,153.8,-79.6
25660,154.0,-81.7
25680,154.1,-82.2
25700,154.2,-83.0
25720,154.3,-84.4
25740,154.4,-81.0
25760,154.6,-83.7
25780,154.7,-82.6
25800,154.8,-80.9
25820,154.9,-84.8
25840,155.0,-80.8
25860,155.2,-85.2
25880,155.3,-84.6
25900,155.4,-85.5
25920,155.5,-81.0
25940,155.6,-84.4
25960,155.8,-82.1
25980,155.9,-85.0
26000,156.0,-80.3
26020,156.1,-84.8
26040,156.2,-80.4
26060,156.4,-81.4
26080,156.5,-84.9
26100,156.6,-80.8
26120,156.7,-86.3
26140,156.8,-86.4
26160,157.0,-82.7
26180,157.1,-81.3
26200,157.2,-81.4
26220,157.3,-87.2
26240,157.4,-81.8
26260,157.6,-83.9
26280,157.7,-84.9
26300,157.8,-85.5
26320,157.9,-86.2
26340,158.0,-82.1
26360,158.2,-82.1
26380,158.3,-88.0
26400,158.4,-85.0
26420,158.5,-83.9
26440,158.6,-82.7
26460,158.8,-88.2
26480,158.9,-82.7
26500,159.0,-87.7
26520,159.1,-86.0
26540,159.2,-84.9
26560,159.4,-88.7
26580,159.5,-88.0
26600,159.6,-89.0
26620,159.7,-85.5
26640,159.8,-84.5
26660,160.0,-88.1
26680,160.1,-86.3
26700,160.2,-85.0
26720,160.3,-89.0
26740,160.4,-88.9
26760,160.6,-86.5
26780,160.7,-89.2
26800,160.8,-84.1
26820,160.9,-88.2
26840,161.0,-86.7
26860,161.2,-89.3
26880,161.3,-90.1
26900,161.4,-88.7
26920,161.5,-87.1
26940,161.6,-87.7
26960,161.8,-90.3
26980,161.9,-86.8
27000,162.0,-90.4
27020,162.1,-88.6
27040,162.2,-90.0
27060,162.4,-87.9
27080,162.5,-87.4
27100,162.6,-88.7
27120,162.7,-88.0
27140,162.8,-85.7
27160,163.0,-91.4
27180,163.1,-87.4
27200,163.2,-88.2
27220,163.3,-86.0
27240,163.4,-90.1
27260,163.6,-91.2
27280,163.7,-89.4
27300,163.8,-89.4
27320,163.9,-88.8
27340,164.0,-87.8
27360,164.2,-88.7
27380,164.3,-87.5
27400,164.4,-87.2
27420,164.5,-88.2
27440,164.6,-88.3
27460,164.8,-90.2
27480,164.9,-88.8
27500,165.0,-87.5
27520,165.1,-93.0
27540,165.2,-91.4
27560,165.4,-90.4
27580,165.5,-88.8
27600,165.6,-88.4
27620,165.7,-91.4
27640,165.8,-89.4
27660,166.0,-89.0
27680,166.1,-89.9
27700,166.2,-93.8
27720,166.3,-90.8
27740,166.4,-92.0
27760,166.6,-92.9
27780,166.7,-93.5
27800,166.8,-90.6
27820,166.9,-89.9
27840,167.0,-92.0
27860,167.2,-90.0
27880,167.3,-89.8
27900,167.4,-88.9
27940,167.6,-92.7
27960,167.8,-89.2
27980,167.9,-89.4
28000,168.0,-94.8
28020,168.1,-93.6
28040,168.2,-94.7
28060,168.4,-93.1
28080,168.5,-92.1
28100,168.6,-91.8
28120,168.7,-95.4
28140,168.8,-89.9
28160,169.0,-93.2
28180,169.1,-95.6
28200,169.2,-93.7
28220,169.3,-93.7
28240,169.4,-96.1
28260,169.6,-91.6
28280,169.7,-94.9
28300,169.8,-91.1
28340,170.0,-94.4
28360,170.2,-92.8
28380,170.3,-92.9
28400,170.4,-91.8
28420,170.5,-92.9
28440,170.6,-95.5
28460,170.8,-93.7
28480,170.9,-91.2
28500,171.0,-91.6
28520,171.1,-95.0
28540,171.2,-96.7
28560,171.4,-91.9
28580,171.5,-95.7
28600,171.6,-93.7
28620,171.7,-91.7
28640,171.8,-94.5
28660,172.0,-94.7
28700,172.2,-93.4
28720,172.3,-94.9
28740,172.4,-93.7
28780,172.7,-94.4
28800,172.8,-92.4
28900,173.4,-95.2
28920,173.5,-96.5
28980,173.9,-95.2
29020,174.1,-96.4
29080,174.5,-93.5
29120,174.7,-93.7
29140,174.8,-94.2
29180,175.1,-94.0
29200,175.2,-95.2
29240,175.4,-96.2
29260,175.6,-93.6
29380,176.3,-97.1
29400,176.4,-95.1
29420,176.5,-95.7
29460,176.8,-94.2
29480,176.9,-95.9
29520,177.1,-94.6
29560,177.4,-96.1
29600,177.6,-96.3
29640,177.8,-94.8
29680,178.1,-94.9
29880,179.3,-95.1
29960,179.8,-96.5
29980,179.9,-96.4
30080,180.5,-96.3
30120,180.7,-96.2
30220,181.3,-96.4
31160,187.0,-97.9
32000,192.0,-97.3
32220,193.3,-97.1
32920,197.5,-97.5
32940,197.6,-96.2
33080,198.5,-96.4
33280,199.7,-96.3
33360,200.2,-95.7
33460,200.8,-96.0
33500,201.0,-95.0
33520,201.1,-95.4
33560,201.4,-94.9
33740,202.4,-95.4
33840,203.0,-96.1
33920,203.5,-95.8
34000,204.0,-94.6
34220,205.3,-96.4
34240,205.4,-93.8
34300,205.8,-94.0
34360,206.2,-95.5
34380,206.3,-93.1
34400,206.4,-93.3
34440,206.6,-93.6
34460,206.8,-94.5
34540,207.2,-92.8
34580,207.5,-93.2
34640,207.8,-94.9
34660,208.0,-93.3
34680,208.1,-95.9
34740,208.4,-96.4
34800,208.8,-93.4
34840,209.0,-91.3
34860,209.2,-92.6
34880,209.3,-91.7
34900,209.4,-91.3
34920,209.5,-95.8
34940,209.6,-96.6
34960,209.8,-95.4
35020,210.1,-91.4
35040,210.2,-93.1
35060,210.4,-95.6
35080,210.5,-93.0
35100,210.6,-92.5
35120,210.7,-94.1
35140,210.8,-95.8
35160,211.0,-91.4
35180,211.1,-92.5
35200,211.2,-93.1
35220,211.3,-90.5
35240,211.4,-90.8
35260,211.6,-93.3
35280,211.7,-90.5
35300,211.8,-91.8
35320,211.9,-93.5
35340,212.0,-89.5
35360,212.2,-92.6
35380,212.3,-94.1
35400,212.4,-94.4
35420,212.5,-89.9
35440,212.6,-90.7
35460,212.8,-89.9
35480,212.9,-93.8
35500,213.0,-90.6
35520,213.1,-89.9
35540,213.2,-88.9
35560,213.4,-93.1
35580,213.5,-89.3
35600,213.6,-92.9
35620,213.7,-93.4
35640,213.8,-94.0
35660,214.0,-90.9
35680,214.1,-91.2
35700,214.2,-88.4
35720,214.3,-87.8
35740,214.4,-90.0
35760,214.6,-88.8
35780,214.7,-88.2
35800,214.8,-89.0
35820,214.9,-87.8
35840,215.0,-91.4
35860,215.2,-89.0
35880,215.3,-88.0
35900,215.4,-88.3
35920,215.5,-89.8
35940,215.6,-90.3
35960,215.8,-92.2
35980,215.9,-88.1
36000,216.0,-87.2
36020,216.1,-91.8
36040,216.2,-91.0
36060,216.4,-87.5
36080,216.5,-89.9
36100,216.6,-89.7
36120,216.7,-88.8
36140,216.8,-88.0
36160,217.0,-87.2
36180,217.1,-87.9
36200,217.2,-91.5
36220,217.3,-87.2
36240,217.4,-86.8
36260,217.6,-88.9
36280,217.7,-85.6
36300,217.8,-87.7
36320,217.9,-86.2
36340,218.0,-85.5
36360,218.2,-85.2
36380,218.3,-90.1
36400,218.4,-85.1
36420,218.5,-85.2
36440,218.6,-86.8
36460,218.8,-90.2
36480,218.9,-87.5
36500,219.0,-85.3
36520,219.1,-86.7
36540,219.2,-88.5
36560,219.4,-89.9
36580,219.5,-84.2
36600,219.6,-88.6
36620,219.7,-88.2
36640,219.8,-86.7
36660,220.0,-85.9
36680,220.1,-86.5
36700,220.2,-87.7
36720,220.3,-86.9
36740,220.4,-86.7
36760,220.6,-88.9
36780,220.7,-84.0
36800,220.8,-88.7
36820,220.9,-83.2
36840,221.0,-86.8
36860,221.2,-87.6
36880,221.3,-83.3
36900,221.4,-83.1
36920,221.5,-84.4
36940,221.6,-85.6
36960,221.8,-86.4
36980,221.9,-86.5
37000,222.0,-86.1
37020,222.1,-87.6
37040,222.2,-84.4
37060,222.4,-86.0
37080,222.5,-83.0
37100,222.6,-86.8
37120,222.7,-81.8
37140,222.8,-84.3
37160,223.0,-86.9
37180,223.1,-81.5
37200,223.2,-85.4
37220,223.3,-85.8
37240,223.4,-83.0
37260,223.6,-85.5
37280,223.7,-85.5
37300,223.8,-82.9
37320,223.9,-86.0
37340,224.0,-80.9
37360,224.2,-85.7
37380,224.3,-81.5
37400,224.4,-83.3
37420,224.5,-84.2
37440,224.6,-81.3
37460,224.8,-80.1
37480,224.9,-80.7
37500,225.0,-81.3
37520,225.1,-79.5
37540,225.2,-81.7
37560,225.4,-81.8
37580,225.5,-81.6
37600,225.6,-82.5
37620,225.7,-82.9
37640,225.8,-78.7
37660,226.0,-80.1
37680,226.1,-83.4
37700,226.2,-80.2
37720,226.3,-80.4
37740,226.4,-78.3
37760,226.6,-79.9
37780,226.7,-82.4
37800,226.8,-81.7
37820,226.9,-82.4
37840,227.0,-80.3
37860,227.2,-81.1
37880,227.3,-80.6
37900,227.4,-80.2
37920,227.5,-78.8
37940,227.6,-81.0
37960,227.8,-82.0
37980,227.9,-79.7
38000,228.0,-76.9
38020,228.1,-76.7
38040,228.2,-76.7
38060,228.4,-82.0
38080,228.5,-79.2
38100,228.6,-80.9
38120,228.7,-77.7
38140,228.8,-81.8
38160,229.0,-81.2
38180,229.1,-76.8
38200,229.2,-77.3
38220,229.3,-80.2
38240,229.4,-78.1
38260,229.6,-77.9
38280,229.7,-81.1
38300,229.8,-78.7
38320,229.9,-77.3
38340,230.0,-80.2
38360,230.2,-75.3
38380,230.3,-76.8
38400,230.4,-75.8
38420,230.5,-79.6
38440,230.6,-80.4
38460,230.8,-80.3
38480,230.9,-76.3
38500,231.0,-79.0
38520,231.1,-78.7
38540,231.2,-80.4
38560,231.4,-78.2
38580,231.5,-81.0
38600,231.6,-79.4
38620,231.7,-77.5
38640,231.8,-80.6
38660,232.0,-78.4
38680,232.1,-80.9
38700,232.2,-75.5
38720,232.3,-78.9
38740,232.4,-78.0
38760,232.6,-80.4
38780,232.7,-75.1
38800,232.8,-79.1
38820,232.9,-76.3
38840,233.0,-76.1
38860,233.2,-80.3
38880,233.3,-79.9
38900,233.4,-76.9
38920,233.5,-81.0
38940,233.6,-80.6
38960,233.8,-78.4
38980,233.9,-79.2
39000,234.0,-75.3
39020,234.1,-80.3
39040,234.2,-76.2
39060,234.4,-80.8
39080,234.5,-75.7
39100,234.6,-80.6
39120,234.7,-76.0
39140,234.8,-76.8
39160,235.0,-77.2
39180,235.1,-78.1
39200,235.2,-78.9
39220,235.3,-76.1
39240,235.4,-76.0
39260,235.6,-76.2
39280,235.7,-78.0
39300,235.8,-77.9
39320,235.9,-77.5
39340,236.0,-78.1
39360,236.2,-77.3
39380,236.3,-79.1
39400,236.4,-77.2
39420,236.5,-76.2
39440,236.6,-77.3
39460,236.8,-79.4
39480,236.9,-79.0
39500,237.0,-80.6
39520,237.1,-75.6
39540,237.2,-79.4
39560,237.4,-78.4
39580,237.5,-75.3
39600,237.6,-79.9
39620,237.7,-76.5
39640,237.8,-78.3
39660,238.0,-75.5
39680,238.1,-76.3
39700,238.2,-76.7
39720,238.3,-79.4
39740,238.4,-76.2
39760,238.6,-79.7
39780,238.7,-76.6
39800,238.8,-79.8
39820,238.9,-80.7
39840,239.0,-76.2
39860,239.2,-78.7
39880,239.3,-76.3
39900,239.4,-79.3
39920,239.5,-75.8
39940,239.6,-77.9
39960,239.8,-76.0
39980,239.9,-78.3
40000,240.0,-77.7
40020,240.1,-79.0
40040,240.2,-78.6
40060,240.4,-76.6
40080,240.5,-80.9
40100,240.6,-79.8
40120,240.7,-80.4
40140,240.8,-76.5
40160,241.0,-78.0
40180,241.1,-76.4
40200,241.2,-79.9
40220,241.3,-76.1
40240,241.4,-76.1
40260,241.6,-75.8
40280,241.7,-77.7
40300,241.8,-80.0
40320,241.9,-75.3
40340,242.0,-75.6
40360,242.2,-80.4
40380,242.3,-76.5
40400,242.4,-77.5
40420,242.5,-76.4
40440,242.6,-78.8
40460,242.8,-77.6
40480,242.9,-78.4
40500,243.0,-78.8
40520,243.1,-79.6
40540,243.2,-77.7
40560,243.4,-78.7
40580,243.5,-77.4
40600,243.6,-76.8
40620,243.7,-75.2
40640,243.8,-75.5
40660,244.0,-80.3
40680,244.1,-78.2
40700,244.2,-80.4
40720,244.3,-80.7
40740,244.4,-80.4
40760,244.6,-76.0
40780,244.7,-79.0
40800,244.8,-79.1
40820,244.9,-80.3
40840,245.0,-78.0
40860,245.2,-75.1
40880,245.3,-78.7
40900,245.4,-78.0
40920,245.5,-78.9
40940,245.6,-80.7
40960,245.8,-75.5
40980,245.9,-80.5
41000,246.0,-77.4
41020,246.1,-75.2
41040,246.2,-76.3
41060,246.4,-77.6
41080,246.5,-77.5
41100,246.6,-79.8
41120,246.7,-77.8
41140,246.8,-79.9
41160,247.0,-80.9
41180,247.1,-80.1
41200,247.2,-79.8
41220,247.3,-76.9
41240,247.4,-77.2
41260,247.6,-78.6
41280,247.7,-79.4
41300,247.8,-80.2
41320,247.9,-76.3
41340,248.0,-79.1
41360,248.2,-78.8
41380,248.3,-80.9
41400,248.4,-78.5
41420,248.5,-78.4
41440,248.6,-77.3
41460,248.8,-78.0
41480,248.9,-78.5
41500,249.0,-76.3
41520,249.1,-76.3
41540,249.2,-79.1
41560,249.4,-76.6
41580,249.5,-75.5
41600,249.6,-77.6
41620,249.7,-78.1
41640,249.8,-76.3
41660,250.0,-79.1
41680,250.1,-79.8
41700,250.2,-80.3
41720,250.3,-76.9
41740,250.4,-77.2
41760,250.6,-76.8
41780,250.7,-80.3
41800,250.8,-80.8
41820,250.9,-78.7
41840,251.0,-75.9
41860,251.2,-76.7
41880,251.3,-76.6
41900,251.4,-80.5
41920,251.5,-75.3
41940,251.6,-77.2
41960,251.8,-78.7
41980,251.9,-78.6
42000,252.0,-80.6
42020,252.1,-78.2
42040,252.2,-78.2
42060,252.4,-78.5
42080,252.5,-79.3
42100,252.6,-80.1
42120,252.7,-77.4
42140,252.8,-78.4
42160,253.0,-79.0
42180,253.1,-80.5
42200,253.2,-76.2
42220,253.3,-77.6
42240,253.4,-77.1
42260,253.6,-77.2
42280,253.7,-80.5
42300,253.8,-79.9
42320,253.9,-76.0
42340,254.0,-75.5
42360,254.2,-77.8
42380,254.3,-80.5
42400,254.4,-79.0
42420,254.5,-78.2
42440,254.6,-78.2
42460,254.8,-78.9
42480,254.9,-76.9
42500,255.0,-79.8
42520,255.1,-75.9
42540,255.2,-80.0
42560,255.4,-80.8
42580,255.5,-76.9
42600,255.6,-77.8
42620,255.7,-76.2
42640,255.8,-79.3
42660,256.0,-75.4
42680,256.1,-75.7
42700,256.2,-78.8
42720,256.3,-78.7
42740,256.4,-76.7
42760,256.6,-80.4
42780,256.7,-79.7
42800,256.8,-78.3
42820,256.9,-78.9
42840,257.0,-78.5
42860,257.2,-75.5
42880,257.3,-77.4
42900,257.4,-78.4
42920,257.5,-78.2
42940,257.6,-76.5
42960,257.8,-78.7
42980,257.9,-78.6
43000,258.0,-75.1
43020,258.1,-79.6
43040,258.2,-77.0
43060,258.4,-75.5
43080,258.5,-78.2
43100,258.6,-79.8
43120,258.7,-76.6
43140,258.8,-79.4
43160,259.0,-76.9
43180,259.1,-80.4
43200,259.2,-80.6
43220,259.3,-79.5
43240,259.4,-78.1
43260,259.6,-80.1
43280,259.7,-78.4
43300,259.8,-76.4
43320,259.9,-80.3
43340,260.0,-77.8
43360,260.2,-80.7
43380,260.3,-77.4
43400,260.4,-80.1
43420,260.5,-80.0
43440,260.6,-76.7
43460,260.8,-77.5
43480,260.9,-79.5
43500,261.0,-78.7
43520,261.1,-78.5
43540,261.2,-77.2
43560,261.4,-80.9
43580,261.5,-80.7
43600,261.6,-80.7
43620,261.7,-77.1
43640,261.8,-78.6
43660,262.0,-79.1
43680,262.1,-77.7
43700,262.2,-80.2
43720,262.3,-76.0
43740,262.4,-80.0
43760,262.6,-79.8
43780,262.7,-78.8
43800,262.8,-76.9
43820,262.9,-81.0
43840,263.0,-78.7
43860,263.2,-78.8
43880,263.3,-76.3
43900,263.4,-75.9
43920,263.5,-80.0
43940,263.6,-80.7
43960,263.8,-77.4
43980,263.9,-75.3
44000,264.0,-79.2
44020,264.1,-79.6
44040,264.2,-78.9
44060,264.4,-79.7
44080,264.5,-75.9
44100,264.6,-79.9
44120,264.7,-75.4
44140,264.8,-79.7
44160,265.0,-78.6
44180,265.1,-75.1
44200,265.2,-80.3
44220,265.3,-80.9
44240,265.4,-80.0
44260,265.6,-78.1
44280,265.7,-78.9
44300,265.8,-75.4
44320,265.9,-78.8
44340,266.0,-79.6
44360,266.2,-76.1
44380,266.3,-79.8
44400,266.4,-76.8
44420,266.5,-76.7
44440,266.6,-79.6
44460,266.8,-80.4
44480,266.9,-79.7
44500,267.0,-76.2
44520,267.1,-78.0
44540,267.2,-79.7
44560,267.4,-76.1
44580,267.5,-78.0
44600,267.6,-80.4
44620,267.7,-77.5
44640,267.8,-75.9
44660,268.0,-78.5
44680,268.1,-75.5
44700,268.2,-80.4
44720,268.3,-75.9
44740,268.4,-78.9
44760,268.6,-78.3
44780,268.7,-75.5
44800,268.8,-77.3
44820,268.9,-79.8
44840,269.0,-77.5
44860,269.2,-80.7
44880,269.3,-77.5
44900,269.4,-75.3
44920,269.5,-79.7
44940,269.6,-79.3
44960,269.8,-77.6
44980,269.9,-76.5
45000,270.0,-76.3
45020,270.1,-76.3
45040,270.2,-75.4
45060,270.4,-75.9
45080,270.5,-76.4
45100,270.6,-80.9
45120,270.7,-80.3
45140,270.8,-78.8
45160,271.0,-76.3
45180,271.1,-76.9
45200,271.2,-75.3
45220,271.3,-79.2
45240,271.4,-75.6
45260,271.6,-78.9
45280,271.7,-80.5
45300,271.8,-75.4
45320,271.9,-79.2
45340,272.0,-77.4
45360,272.2,-75.8
45380,272.3,-76.7
45400,272.4,-75.7
45420,272.5,-75.8
45440,272.6,-76.2
45460,272.8,-76.2
45480,272.9,-79.5
45500,273.0,-78.5
45520,273.1,-78.4
45540,273.2,-77.7
45560,273.4,-76.8
45580,273.5,-80.5
45600,273.6,-76.8
45620,273.7,-79.6
45640,273.8,-75.8
45660,274.0,-78.1
45680,274.1,-79.6
45700,274.2,-76.2
45720,274.3,-78.1
45740,274.4,-77.5
45760,274.6,-80.3
45780,274.7,-78.7
45800,274.8,-78.4
45820,274.9,-78.9
45840,275.0,-79.6
45860,275.2,-76.0
45880,275.3,-77.5
45900,275.4,-78.0
45920,275.5,-76.4
45940,275.6,-78.9
45960,275.8,-75.1
45980,275.9,-75.6
46000,276.0,-76.4
46020,276.1,-75.2
46040,276.2,-75.6
46060,276.4,-76.2
46080,276.5,-79.2
46100,276.6,-78.6
46120,276.7,-80.2
46140,276.8,-80.9
46160,277.0,-75.5
46180,277.1,-76.8
46200,277.2,-77.9
46220,277.3,-80.4
46240,277.4,-80.2
46260,277.6,-78.0
46280,277.7,-77.9
46300,277.8,-78.4
46320,277.9,-78.1
46340,278.0,-80.9
46360,278.2,-75.7
46380,278.3,-78.3
46400,278.4,-76.8
46420,278.5,-78.6
46440,278.6,-77.1
46460,278.8,-76.1
46480,278.9,-75.6
46500,279.0,-78.7
46520,279.1,-77.5
46540,279.2,-77.5
46560,279.4,-80.9
46580,279.5,-78.3
46600,279.6,-80.8
46620,279.7,-80.3
46640,279.8,-77.8
46660,280.0,-75.1
46680,280.1,-75.7
46700,280.2,-77.5
46720,280.3,-78.5
46740,280.4,-76.5
46760,280.6,-75.4
46780,280.7,-78.4
46800,280.8,-80.3
46820,280.9,-79.2
46840,281.0,-76.6
46860,281.2,-80.3
46880,281.3,-76.9
46900,281.4,-80.1
46920,281.5,-77.8
46940,281.6,-77.6
46960,281.8,-80.8
46980,281.9,-80.7
47000,282.0,-78.9
47020,282.1,-78.1
47040,282.2,-76.4
47060,282.4,-78.4
47080,282.5,-75.1
47100,282.6,-80.0
47120,282.7,-79.0
47140,282.8,-78.7
47160,283.0,-80.2
47180,283.1,-76.1
47200,283.2,-76.2
47220,283.3,-76.7
47240,283.4,-78.1
47260,283.6,-78.1
47280,283.7,-76.1
47300,283.8,-78.9
47320,283.9,-78.6
47340,284.0,-77.4
47360,284.2,-80.8
47380,284.3,-80.8
47400,284.4,-76.7
47420,284.5,-78.6
47440,284.6,-76.1
47460,284.8,-77.6
47480,284.9,-76.2
47500,285.0,-75.4
47520,285.1,-75.8
47540,285.2,-80.4
47560,285.4,-79.6
47580,285.5,-78.3
47600,285.6,-76.3
47620,285.7,-79.2
47640,285.8,-78.4
47660,286.0,-80.3
47680,286.1,-75.8
47700,286.2,-78.2
47720,286.3,-80.1
47740,286.4,-79.1
47760,286.6,-76.9
47780,286.7,-76.2
47800,286.8,-77.6
47820,286.9,-77.9
47840,287.0,-76.0
47860,287.2,-80.1
47880,287.3,-75.1
47900,287.4,-78.6
47920,287.5,-79.5
47940,287.6,-80.0
47960,287.8,-77.9
47980,287.9,-78.0
48000,288.0,-78.5
48020,288.1,-75.3
48040,288.2,-76.9
48060,288.4,-75.2
48080,288.5,-80.5
48100,288.6,-79.2
48120,288.7,-76.3
48140,288.8,-77.7
48160,289.0,-78.0
48180,289.1,-80.5
48200,289.2,-77.4
48220,289.3,-75.5
48240,289.4,-77.5
48260,289.6,-77.1
48280,289.7,-76.7
48300,289.8,-76.2
48320,289.9,-77.8
48340,290.0,-77.6
48360,290.2,-79.2
48380,290.3,-78.5
48400,290.4,-78.1
48420,290.5,-76.4
48440,290.6,-80.0
48460,290.8,-80.7
48480,290.9,-76.6
48500,291.0,-75.3
48520,291.1,-80.6
48540,291.2,-78.4
48560,291.4,-77.3
48580,291.5,-79.0
48600,291.6,-80.0
48620,291.7,-78.7
48640,291.8,-76.7
48660,292.0,-77.7
48680,292.1,-76.4
48700,292.2,-79.2
48720,292.3,-80.5
48740,292.4,-79.3
48760,292.6,-76.9
48780,292.7,-76.5
48800,292.8,-75.6
48820,292.9,-79.7
48840,293.0,-76.6
48860,293.2,-75.3
48880,293.3,-78.2
48900,293.4,-76.5
48920,293.5,-80.1
48940,293.6,-78.8
48960,293.8,-78.3
48980,293.9,-79.3
49000,294.0,-75.1
49020,294.1,-75.8
49040,294.2,-77.6
49060,294.4,-78.3
49080,294.5,-76.4
49100,294.6,-78.4
49120,294.7,-76.3
49140,294.8,-80.9
49160,295.0,-80.3
49180,295.1,-78.6
49200,295.2,-77.5
49220,295.3,-80.4
49240,295.4,-78.7
49260,295.6,-78.5
49280,295.7,-78.2
49300,295.8,-80.5
49320,295.9,-78.8
49340,296.0,-78.6
49360,296.2,-80.6
49380,296.3,-77.3
49400,296.4,-76.5
49420,296.5,-77.4
49440,296.6,-76.0
49460,296.8,-78.8
49480,296.9,-75.4
49500,297.0,-77.3
49520,297.1,-78.2
49540,297.2,-80.9
49560,297.4,-78.4
49580,297.5,-75.5
49600,297.6,-76.5
49620,297.7,-75.3
49640,297.8,-77.4
49660,298.0,-75.1
49680,298.1,-80.5
49700,298.2,-76.5
49720,298.3,-75.1
49740,298.4,-78.3
49760,298.6,-77.7
49780,298.7,-79.8
49800,298.8,-76.9
49820,298.9,-78.3
49840,299.0,-75.7
49860,299.2,-78.9
49880,299.3,-78.7
49900,299.4,-77.2
49920,299.5,-75.1
49940,299.6,-80.8
49960,299.8,-79.8
49980,299.9,-77.6
50000,300.0,-75.6
50020,300.1,-75.4
50040,300.2,-80.4
50060,300.4,-77.0
50080,300.5,-80.8
50100,300.6,-75.8
50120,300.7,-80.7
50140,300.8,-77.2
50160,301.0,-79.9
50180,301.1,-80.7
50200,301.2,-75.9
50220,301.3,-77.9
50240,301.4,-76.0
50260,301.6,-80.7
50280,301.7,-78.6
50300,301.8,-76.9
50320,301.9,-80.7
50340,302.0,-77.8
50360,302.2,-76.4
50380,302.3,-75.1
50400,302.4,-78.3
50420,302.5,-75.0
50440,302.6,-75.7
50460,302.8,-80.6
50480,302.9,-79.9
50500,303.0,-76.6
50520,303.1,-76.9
50540,303.2,-79.2
50560,303.4,-76.7
50580,303.5,-78.9
50600,303.6,-79.2
50620,303.7,-79.0
50640,303.8,-78.6
50660,304.0,-80.6
50680,304.1,-79.3
50700,304.2,-75.2
50720,304.3,-81.0
50740,304.4,-77.6
50760,304.6,-80.1
50780,304.7,-79.6
50800,304.8,-75.3
50820,304.9,-77.0
50840,305.0,-78.2
50860,305.2,-75.6
50880,305.3,-79.3
50900,305.4,-75.5
50920,305.5,-79.1
50940,305.6,-78.4
50960,305.8,-75.7
50980,305.9,-79.1
51000,306.0,-77.0
51020,306.1,-75.4
51040,306.2,-76.1
51060,306.4,-75.5
51080,306.5,-80.1
51100,306.6,-76.0
51120,306.7,-76.7
51140,306.8,-80.7
51160,307.0,-77.2
51180,307.1,-79.9
51200,307.2,-76.6
51220,307.3,-77.9
51240,307.4,-76.3
51260,307.6,-80.8
51280,307.7,-79.9
51300,307.8,-77.7
51320,307.9,-79.5
51340,308.0,-75.0
51360,308.2,-79.8
51380,308.3,-77.3
51400,308.4,-77.7
51420,308.5,-78.8
51440,308.6,-76.8
51460,308.8,-76.2
51480,308.9,-76.5
51500,309.0,-75.3
51520,309.1,-76.1
51540,309.2,-79.8
51560,309.4,-76.5
51580,309.5,-77.8
51600,309.6,-75.4
51620,309.7,-78.2
51640,309.8,-75.8
51660,310.0,-75.6
51680,310.1,-80.9
51700,310.2,-77.5
51720,310.3,-79.9
51740,310.4,-77.9
51760,310.6,-76.9
51780,310.7,-80.2
51800,310.8,-80.0
51820,310.9,-77.7
51840,311.0,-80.5
51860,311.2,-76.6
51880,311.3,-77.4
51900,311.4,-78.6
51920,311.5,-80.1
51940,311.6,-76.4
51960,311.8,-80.0
51980,311.9,-79.4
52000,312.0,-75.4
52020,312.1,-79.7
52040,312.2,-76.1
52060,312.4,-80.2
52080,312.5,-77.4
52100,312.6,-79.7
52120,312.7,-75.1
52140,312.8,-77.7
52160,313.0,-77.0
52180,313.1,-80.0
52200,313.2,-77.1
52220,313.3,-78.1
52240,313.4,-76.3
52260,313.6,-76.9
52280,313.7,-75.0
52300,313.8,-77.7
52320,313.9,-75.6
52340,314.0,-77.0
52360,314.2,-79.1
52380,314.3,-77.8
52400,314.4,-81.0
52420,314.5,-79.5
52440,314.6,-76.3
52460,314.8,-76.6
52480,314.9,-78.2
52500,315.0,-76.9
52520,315.1,-78.4
52540,315.2,-76.2
52560,315.4,-77.7
52580,315.5,-80.9
52600,315.6,-75.3
52620,315.7,-80.2
52640,315.8,-76.4
52660,316.0,-79.5
52680,316.1,-79.9
52700,316.2,-79.0
52720,316.3,-80.1
52740,316.4,-77.7
52760,316.6,-75.1
52780,316.7,-80.5
52800,316.8,-79.3
52820,316.9,-77.8
52840,317.0,-79.0
52860,317.2,-76.4
52880,317.3,-80.7
52900,317.4,-80.2
52920,317.5,-79.6
52940,317.6,-79.7
52960,317.8,-78.2
52980,317.9,-75.0
53000,318.0,-79.3
53020,318.1,-76.9
53040,318.2,-76.2
53060,318.4,-76.0
53080,318.5,-76.4
53100,318.6,-76.7
53120,318.7,-76.7
53140,318.8,-78.9
53160,319.0,-75.8
53180,319.1,-75.6
53200,319.2,-79.5
53220,319.3,-77.3
53240,319.4,-78.9
53260,319.6,-80.6
53280,319.7,-75.1
53300,319.8,-76.9
53320,319.9,-78.0
53340,320.0,-79.5
53360,320.2,-78.5
53380,320.3,-80.6
53400,320.4,-80.9
53420,320.5,-75.8
53440,320.6,-77.2
53460,320.8,-78.5
53480,320.9,-77.3
53500,321.0,-78.2
53520,321.1,-76.3
53540,321.2,-78.2
53560,321.4,-78.6
53580,321.5,-79.0
53600,321.6,-78.2
53620,321.7,-79.0
53640,321.8,-79.0
53660,322.0,-79.1
53680,322.1,-77.0
53700,322.2,-75.1
53720,322.3,-79.5
53740,322.4,-76.5
53760,322.6,-75.1
53780,322.7,-80.0
53800,322.8,-75.8
53820,322.9,-80.2
53840,323.0,-76.1
53860,323.2,-77.0
53880,323.3,-80.6
53900,323.4,-78.1
53920,323.5,-78.7
53940,323.6,-80.1
53960,323.8,-76.7
53980,323.9,-80.0
54000,324.0,-79.2
54020,324.1,-78.5
54040,324.2,-75.2
54060,324.4,-80.1
54080,324.5,-77.7
54100,324.6,-76.5
54120,324.7,-77.6
54140,324.8,-76.4
54160,325.0,-76.9
54180,325.1,-77.6
54200,325.2,-77.3
54220,325.3,-77.4
54240,325.4,-77.9
54260,325.6,-75.4
54280,325.7,-80.3
54300,325.8,-75.3
54320,325.9,-76.4
54340,326.0,-80.9
54360,326.2,-75.7
54380,326.3,-78.8
54400,326.4,-79.4
54420,326.5,-79.6
54440,326.6,-77.1
54460,326.8,-75.6
54480,326.9,-79.1
54500,327.0,-78.5
54520,327.1,-79.4
54540,327.2,-76.3
54560,327.4,-76.0
54580,327.5,-76.2
54600,327.6,-77.3
54620,327.7,-78.2
54640,327.8,-79.0
54660,328.0,-80.0
54680,328.1,-80.1
54700,328.2,-78.7
54720,328.3,-78.3
54740,328.4,-80.7
54760,328.6,-76.3
54780,328.7,-76.3
54800,328.8,-75.7
54820,328.9,-75.3
54840,329.0,-80.0
54860,329.2,-80.5
54880,329.3,-75.6
54900,329.4,-77.3
54920,329.5,-76.9
54940,329.6,-77.3
54960,329.8,-79.8
54980,329.9,-79.9
55000,330.0,-75.8
55020,330.1,-80.5
55040,330.2,-79.5
55060,330.4,-79.0
55080,330.5,-78.7
55100,330.6,-77.0
55120,330.7,-79.5
55140,330.8,-80.0
55160,331.0,-78.7
55180,331.1,-79.2
55200,331.2,-75.6
55220,331.3,-77.3
55240,331.4,-80.4
55260,331.6,-76.6
55280,331.7,-79.3
55300,331.8,-76.9
55320,331.9,-79.7
55340,332.0,-80.8
55360,332.2,-75.4
55380,332.3,-77.2
55400,332.4,-75.7
55420,332.5,-77.3
55440,332.6,-75.4
55460,332.8,-80.4
55480,332.9,-78.2
55500,333.0,-77.9
55520,333.1,-75.9
55540,333.2,-79.8
55560,333.4,-76.6
55580,333.5,-79.0
55600,333.6,-79.8
55620,333.7,-80.3
55640,333.8,-76.4
55660,334.0,-77.7
55680,334.1,-79.3
55700,334.2,-78.6
55720,334.3,-80.0
55740,334.4,-79.1
55760,334.6,-76.9
55780,334.7,-80.4
55800,334.8,-80.3
55820,334.9,-79.5
55840,335.0,-76.8
55860,335.2,-75.7
55880,335.3,-79.5
55900,335.4,-76.3
55920,335.5,-78.4
55940,335.6,-75.4
55960,335.8,-80.2
55980,335.9,-79.8
56000,336.0,-76.6
56020,336.1,-78.7
56040,336.2,-75.2
56060,336.4,-77.7
56080,336.5,-79.9
56100,336.6,-75.6
56120,336.7,-80.4
56140,336.8,-76.9
56160,337.0,-78.4
56180,337.1,-79.0
56200,337.2,-76.9
56220,337.3,-75.2
56240,337.4,-79.9
56260,337.6,-76.8
56280,337.7,-78.9
56300,337.8,-79.7
56320,337.9,-76.2
56340,338.0,-80.6
56360,338.2,-78.7
56380,338.3,-79.1
56400,338.4,-77.5
56420,338.5,-77.3
56440,338.6,-75.3
56460,338.8,-75.5
56480,338.9,-75.1
56500,339.0,-80.4
56520,339.1,-80.2
56540,339.2,-79.2
56560,339.4,-77.8
56580,339.5,-80.2
56600,339.6,-79.6
56620,339.7,-78.3
56640,339.8,-80.7
56660,340.0,-76.2
56680,340.1,-75.9
56700,340.2,-77.8
56720,340.3,-75.8
56740,340.4,-79.4
56760,340.6,-76.1
56780,340.7,-77.4
56800,340.8,-80.3
56820,340.9,-80.6
56840,341.0,-78.6
56860,341.2,-75.7
56880,341.3,-78.0
56900,341.4,-77.3
56920,341.5,-78.1
56940,341.6,-77.3
56960,341.8,-75.8
56980,341.9,-75.7
57000,342.0,-79.6
57020,342.1,-76.7
57040,342.2,-79.2
57060,342.4,-75.6
57080,342.5,-76.3
57100,342.6,-77.3
57120,342.7,-77.5
57140,342.8,-75.6
57160,343.0,-80.5
57180,343.1,-78.6
57200,343.2,-77.1
57220,343.3,-78.5
57240,343.4,-76.7
57260,343.6,-79.9
57280,343.7,-78.3
57300,343.8,-80.3
57320,343.9,-77.5
57340,344.0,-76.6
57360,344.2,-79.4
57380,344.3,-77.6
57400,344.4,-78.7
57420,344.5,-77.1
57440,344.6,-78.6
57460,344.8,-80.4
57480,344.9,-76.3
57500,345.0,-78.9
57520,345.1,-77.4
57540,345.2,-79.3
57560,345.4,-77.1
57580,345.5,-76.9
57600,345.6,-78.1
57620,345.7,-79.6
57640,345.8,-79.6
57660,346.0,-76.0
57680,346.1,-80.6
57700,346.2,-80.7
57720,346.3,-79.7
57740,346.4,-79.8
57760,346.6,-79.5
57780,346.7,-77.7
57800,346.8,-77.1
57820,346.9,-77.4
57840,347.0,-78.3
57860,347.2,-76.6
57880,347.3,-80.2
57900,347.4,-80.8
57920,347.5,-77.3
57940,347.6,-78.8
57960,347.8,-78.3
57980,347.9,-77.6
58000,348.0,-80.2
58020,348.1,-78.6
58040,348.2,-75.3
58060,348.4,-79.6
58080,348.5,-77.4
58100,348.6,-76.1
58120,348.7,-80.9
58140,348.8,-75.7
58160,349.0,-80.8
58180,349.1,-77.6
58200,349.2,-77.8
58220,349.3,-80.8
58240,349.4,-76.4
58260,349.6,-75.1
58280,349.7,-76.4
58300,349.8,-78.6
58320,349.9,-79.0
58340,350.0,-76.5
58360,350.2,-75.9
58380,350.3,-80.0
58400,350.4,-79.3
58420,350.5,-79.7
58440,350.6,-77.3
58460,350.8,-77.0
58480,350.9,-77.1
58500,351.0,-75.8
58520,351.1,-76.8
58540,351.2,-80.4
58560,351.4,-76.7
58580,351.5,-76.0
58600,351.6,-78.5
58620,351.7,-78.1
58640,351.8,-80.7
58660,352.0,-77.0
58680,352.1,-78.5
58700,352.2,-78.7
58720,352.3,-79.4
58740,352.4,-79.5
58760,352.6,-76.3
58780,352.7,-79.3
58800,352.8,-79.9
58820,352.9,-75.0
58840,353.0,-80.1
58860,353.2,-80.9
58880,353.3,-79.8
58900,353.4,-78.7
58920,353.5,-80.4
58940,353.6,-78.9
58960,353.8,-78.3
58980,353.9,-78.8
59000,354.0,-77.6
59020,354.1,-77.5
59040,354.2,-79.1
59060,354.4,-80.7
59080,354.5,-80.7
59100,354.6,-77.8
59120,354.7,-77.6
59140,354.8,-79.4
59160,355.0,-77.4
59180,355.1,-79.0
59200,355.2,-79.1
59220,355.3,-78.4
59240,355.4,-75.4
59260,355.6,-77.9
59280,355.7,-78.7
59300,355.8,-79.6
59320,355.9,-75.6
59340,356.0,-78.2
59360,356.2,-75.2
59380,356.3,-79.7
59400,356.4,-78.0
59420,356.5,-76.7
59440,356.6,-75.2
59460,356.8,-78.2
59480,356.9,-80.3
59500,357.0,-76.9
59520,357.1,-76.8
59540,357.2,-76.2
59560,357.4,-77.8
59580,357.5,-78.3
59600,357.6,-77.2
59620,357.7,-80.9
59640,357.8,-78.1
59660,358.0,-77.9
59680,358.1,-77.3
59700,358.2,-77.0
59720,358.3,-76.7
59740,358.4,-79.1
59760,358.6,-79.1
59780,358.7,-75.7
59800,358.8,-78.2
59820,358.9,-80.5
59840,359.0,-75.6
59860,359.2,-76.6
59880,359.3,-79.6
59900,359.4,-78.9
59920,359.5,-80.3
59940,359.6,-77.1
59960,359.8,-80.8
59980,359.9,-75.5
60000,0.0,-78.9
60020,0.1,-79.2
60040,0.2,-80.0
60060,0.4,-80.9
60080,0.5,-76.4
60100,0.6,-75.5
60120,0.7,-80.8
60140,0.8,-78.7
60160,1.0,-75.0
60180,1.1,-78.7
60200,1.2,-79.1
60220,1.3,-76.7
60240,1.4,-78.3
60260,1.6,-80.9
60280,1.7,-79.6
60300,1.8,-78.2
60320,1.9,-78.9
60340,2.0,-76.7
60360,2.2,-76.2
60380,2.3,-75.4
60400,2.4,-77.1
60420,2.5,-77.9
60440,2.6,-76.2
60460,2.8,-76.0
60480,2.9,-78.5
60500,3.0,-76.5
60520,3.1,-75.8
60540,3.2,-79.0
60560,3.4,-77.9
60580,3.5,-78.3
60600,3.6,-80.7
60620,3.7,-78.1
60640,3.8,-75.9
60660,4.0,-77.8
60680,4.1,-76.2
60700,4.2,-77.6
60720,4.3,-79.3
60740,4.4,-80.4
60760,4.6,-79.1
60780,4.7,-78.3
60800,4.8,-77.4
60820,4.9,-78.2
60840,5.0,-75.9
60860,5.2,-79.9
60880,5.3,-79.6
60900,5.4,-77.0
60920,5.5,-76.4
60940,5.6,-80.2
60960,5.8,-76.7
60980,5.9,-77.6
61000,6.0,-77.7
61020,6.1,-76.0
61040,6.2,-76.5
61060,6.4,-80.6
61080,6.5,-75.5
61100,6.6,-78.8
61120,6.7,-76.5
61140,6.8,-76.7
61160,7.0,-75.4
61180,7.1,-75.8
61200,7.2,-76.2
61220,7.3,-79.6
61240,7.4,-76.2
61260,7.6,-76.4
61280,7.7,-78.8
61300,7.8,-76.1
61320,7.9,-79.4
61340,8.0,-75.5
61360,8.2,-80.1
61380,8.3,-77.1
61400,8.4,-76.9
61420,8.5,-80.7
61440,8.6,-77.8
61460,8.8,-77.2
61480,8.9,-80.9
61500,9.0,-79.6
61520,9.1,-79.8
61540,9.2,-79.4
61560,9.4,-76.7
61580,9.5,-77.2
61600,9.6,-80.3
61620,9.7,-79.7
61640,9.8,-78.8
61660,10.0,-79.8
61680,10.1,-77.8
61700,10.2,-76.4
61720,10.3,-76.0
61740,10.4,-80.2
61760,10.6,-77.5
61780,10.7,-78.2
61800,10.8,-80.0
61820,10.9,-75.8
61840,11.0,-75.6
61860,11.2,-78.4
61880,11.3,-75.4
61900,11.4,-76.7
61920,11.5,-76.7
61940,11.6,-77.4
61960,11.8,-80.8
61980,11.9,-75.1
62000,12.0,-77.7
62020,12.1,-80.7
62040,12.2,-78.8
62060,12.4,-77.8
62080,12.5,-79.0
62100,12.6,-77.4
62120,12.7,-76.0
62140,12.8,-75.0
62160,13.0,-80.7
62180,13.1,-75.2
62200,13.2,-80.7
62220,13.3,-77.6
62240,13.4,-77.0
62260,13.6,-80.0
62280,13.7,-78.9
62300,13.8,-79.5
62320,13.9,-80.8
62340,14.0,-77.3
62360,14.2,-80.1
62380,14.3,-77.4
62400,14.4,-79.5
62420,14.5,-80.1
62440,14.6,-80.7
62460,14.8,-78.9
62480,14.9,-81.0
62500,15.0,-77.5
62520,15.1,-80.0
62540,15.2,-78.6
62560,15.4,-76.1
62580,15.5,-79.9
62600,15.6,-80.4
62620,15.7,-80.3
62640,15.8,-80.8
62660,16.0,-80.1
62680,16.1,-77.7
62700,16.2,-78.3
62720,16.3,-79.7
62740,16.4,-79.2
62760,16.6,-77.0
62780,16.7,-79.4
62800,16.8,-78.3
62820,16.9,-77.3
62840,17.0,-76.7
62860,17.2,-79.9
62880,17.3,-77.2
62900,17.4,-77.1
62920,17.5,-78.5
62940,17.6,-78.0
62960,17.8,-80.1
62980,17.9,-75.1
63000,18.0,-77.8
63020,18.1,-78.0
63040,18.2,-76.5
63060,18.4,-79.0
63080,18.5,-77.8
63100,18.6,-78.4
63120,18.7,-76.5
63140,18.8,-78.8
63160,19.0,-79.8
63180,19.1,-78.0
63200,19.2,-75.8
63220,19.3,-76.5
63240,19.4,-78.3
63260,19.6,-76.2
63280,19.7,-79.4
63300,19.8,-78.8
63320,19.9,-76.3
63340,20.0,-79.2
63360,20.2,-78.5
63380,20.3,-75.9
63400,20.4,-76.4
63420,20.5,-75.9
63440,20.6,-76.9
63460,20.8,-81.0
63480,20.9,-80.3
63500,21.0,-80.9
63520,21.1,-77.4
63540,21.2,-78.2
63560,21.4,-77.4
63580,21.5,-78.3
63600,21.6,-76.6
63620,21.7,-77.1
63640,21.8,-75.8
63660,22.0,-77.0
63680,22.1,-77.4
63700,22.2,-75.6
63720,22.3,-75.7
63740,22.4,-79.8
63760,22.6,-81.0
63780,22.7,-76.0
63800,22.8,-76.1
63820,22.9,-75.2
63840,23.0,-76.1
63860,23.2,-75.0
63880,23.3,-79.7
63900,23.4,-78.1
63920,23.5,-76.8
63940,23.6,-76.7
63960,23.8,-79.4
63980,23.9,-77.1
64000,24.0,-76.1
64020,24.1,-78.4
64040,24.2,-75.4
64060,24.4,-77.5
64080,24.5,-80.0
64100,24.6,-75.7
64120,24.7,-80.5
64140,24.8,-76.3
64160,25.0,-77.6
64180,25.1,-77.7
64200,25.2,-76.2
64220,25.3,-76.3
64240,25.4,-77.1
64260,25.6,-77.7
64280,25.7,-75.8
64300,25.8,-77.1
64320,25.9,-77.8
64340,26.0,-80.6
64360,26.2,-80.8
64380,26.3,-80.8
64400,26.4,-76.6
64420,26.5,-77.6
64440,26.6,-80.2
64460,26.8,-75.2
64480,26.9,-80.3
64500,27.0,-80.8
64520,27.1,-75.3
64540,27.2,-75.2
64560,27.4,-80.6
64580,27.5,-79.7
64600,27.6,-80.3
64620,27.7,-80.1
64640,27.8,-77.1
64660,28.0,-75.1
64680,28.1,-79.5
64700,28.2,-79.8
64720,28.3,-75.5
64740,28.4,-76.3
64760,28.6,-78.1
64780,28.7,-75.2
64800,28.8,-79.1
64820,28.9,-77.0
64840,29.0,-78.1
64860,29.2,-80.5
64880,29.3,-77.3
64900,29.4,-76.4
64920,29.5,-76.7
64940,29.6,-78.9
64960,29.8,-80.0
64980,29.9,-77.8
65000,30.0,-80.2
65020,30.1,-76.4
65040,30.2,-79.7
65060,30.4,-77.4
65080,30.5,-80.6
65100,30.6,-80.5
65120,30.7,-77.4
65140,30.8,-77.0
65160,31.0,-78.7
65180,31.1,-79.1
65200,31.2,-79.8
65220,31.3,-77.5
65240,31.4,-78.1
65260,31.6,-77.5
65280,31.7,-75.0
65300,31.8,-78.1
65320,31.9,-76.5
65340,32.0,-75.9
65360,32.2,-75.2
65380,32.3,-76.9
65400,32.4,-78.8
65420,32.5,-77.5
65440,32.6,-77.8
65460,32.8,-79.5
65480,32.9,-75.5
65500,33.0,-76.8
65520,33.1,-76.4
65540,33.2,-80.6
65560,33.4,-80.6
65580,33.5,-79.1
65600,33.6,-75.7
65620,33.7,-77.2
65640,33.8,-78.3
65660,34.0,-77.9
65680,34.1,-75.8
65700,34.2,-77.4
65720,34.3,-77.6
65740,34.4,-78.2
65760,34.6,-77.5
65780,34.7,-77.6
65800,34.8,-77.4
65820,34.9,-80.7
65840,35.0,-75.9
65860,35.2,-75.6
65880,35.3,-77.5
65900,35.4,-80.5
65920,35.5,-75.5
65940,35.6,-80.0
65960,35.8,-76.2
65980,35.9,-80.9
66000,36.0,-78.8
66020,36.1,-77.5
66040,36.2,-76.0
66060,36.4,-77.6
66080,36.5,-77.4
66100,36.6,-81.0
66120,36.7,-75.7
66140,36.8,-79.8
66160,37.0,-80.1
66180,37.1,-78.3
66200,37.2,-77.6
66220,37.3,-77.2
66240,37.4,-75.3
66260,37.6,-75.0
66280,37.7,-77.2
66300,37.8,-75.2
66320,37.9,-79.4
66340,38.0,-80.1
66360,38.2,-75.4
66380,38.3,-80.5
66400,38.4,-75.3
66420,38.5,-76.4
66440,38.6,-77.2
66460,38.8,-78.5
66480,38.9,-79.0
66500,39.0,-75.7
66520,39.1,-79.4
66540,39.2,-75.7
66560,39.4,-76.5
66580,39.5,-76.2
66600,39.6,-80.4
66620,39.7,-80.8
66640,39.8,-79.6
66660,40.0,-80.8
66680,40.1,-77.5
66700,40.2,-76.4
66720,40.3,-79.4
66740,40.4,-76.6
66760,40.6,-80.3
66780,40.7,-76.8
66800,40.8,-76.9
66820,40.9,-75.7
66840,41.0,-77.1
66860,41.2,-79.6
66880,41.3,-78.5
66900,41.4,-75.5
66920,41.5,-80.8
66940,41.6,-76.8
66960,41.8,-80.5
66980,41.9,-76.2
67000,42.0,-77.1
67020,42.1,-77.5
67040,42.2,-77.4
67060,42.4,-78.5
67080,42.5,-76.2
67100,42.6,-76.3
67120,42.7,-80.8
67140,42.8,-80.7
67160,43.0,-76.7
67180,43.1,-77.3
67200,43.2,-80.6
67220,43.3,-80.2
67240,43.4,-78.8
67260,43.6,-78.1
67280,43.7,-80.6
67300,43.8,-75.0
67320,43.9,-75.5
67340,44.0,-80.1
67360,44.2,-78.9
67380,44.3,-75.9
67400,44.4,-76.1
67420,44.5,-75.9
67440,44.6,-78.0
67460,44.8,-80.6
67480,44.9,-80.2
67500,45.0,-79.3
67520,45.1,-80.0
67540,45.2,-77.1
67560,45.4,-76.7
67580,45.5,-77.2
67600,45.6,-79.8
67620,45.7,-77.1
67640,45.8,-79.4
67660,46.0,-78.4
67680,46.1,-77.3
67700,46.2,-75.5
67720,46.3,-79.2
67740,46.4,-79.2
67760,46.6,-78.4
67780,46.7,-78.0
67800,46.8,-78.6
67820,46.9,-76.5
67840,47.0,-75.7
67860,47.2,-76.0
67880,47.3,-80.8
67900,47.4,-79.6
67920,47.5,-79.0
67940,47.6,-78.5
67960,47.8,-75.6
67980,47.9,-80.4
68000,48.0,-80.0
68020,48.1,-79.9
68040,48.2,-75.6
68060,48.4,-79.8
68080,48.5,-78.9
68100,48.6,-75.7
68120,48.7,-79.8
68140,48.8,-80.3
68160,49.0,-78.5
68180,49.1,-78.9
68200,49.2,-80.0
68220,49.3,-76.3
68240,49.4,-80.4
68260,49.6,-76.0
68280,49.7,-79.8
68300,49.8,-75.1
68320,49.9,-75.2
68340,50.0,-76.5
68360,50.2,-75.6
68380,50.3,-76.6
68400,50.4,-75.9
68420,50.5,-77.5
68440,50.6,-79.9
68460,50.8,-77.2
68480,50.9,-78.5
68500,51.0,-76.2
68520,51.1,-76.9
68540,51.2,-75.7
68560,51.4,-77.0
68580,51.5,-77.2
68600,51.6,-77.2
68620,51.7,-77.1
68640,51.8,-77.4
68660,52.0,-79.5
68680,52.1,-75.3
68700,52.2,-77.7
68720,52.3,-76.9
68740,52.4,-75.2
68760,52.6,-77.9
68780,52.7,-79.3
68800,52.8,-77.8
68820,52.9,-80.5
68840,53.0,-75.4
68860,53.2,-75.4
68880,53.3,-79.1
68900,53.4,-78.7
68920,53.5,-75.8
68940,53.6,-80.7
68960,53.8,-77.3
68980,53.9,-77.0
69000,54.0,-76.3
69020,54.1,-75.5
69040,54.2,-79.0
69060,54.4,-78.5
69080,54.5,-78.1
69100,54.6,-77.2
69120,54.7,-77.8
69140,54.8,-77.7
69160,55.0,-75.9
69180,55.1,-76.8
69200,55.2,-76.1
69220,55.3,-79.3
69240,55.4,-75.5
69260,55.6,-79.9
69280,55.7,-76.5
69300,55.8,-80.9
69320,55.9,-80.0
69340,56.0,-80.0
69360,56.2,-77.9
69380,56.3,-79.0
69400,56.4,-77.6
69420,56.5,-78.5
69440,56.6,-76.8
69460,56.8,-78.5
69480,56.9,-76.6
69500,57.0,-76.3
69520,57.1,-78.3
69540,57.2,-75.5
69560,57.4,-80.4
69580,57.5,-75.3
69600,57.6,-78.5
69620,57.7,-75.1
69640,57.8,-76.8
69660,58.0,-79.9
69680,58.1,-79.8
69700,58.2,-75.1
69720,58.3,-76.9
69740,58.4,-76.4
69760,58.6,-78.5
69780,58.7,-75.2
69800,58.8,-76.7
69820,58.9,-77.5
69840,59.0,-77.2
69860,59.2,-77.2
69880,59.3,-75.1
69900,59.4,-76.7
69920,59.5,-76.7
69940,59.6,-75.9
69960,59.8,-78.0
69980,59.9,-80.6
70000,60.0,-78.9
70020,60.1,-78.7
70040,60.2,-77.3
70060,60.4,-77.4
70080,60.5,-80.7
70100,60.6,-78.1
70120,60.7,-76.9
70140,60.8,-76.5
70160,61.0,-79.1
70180,61.1,-78.2
70200,61.2,-80.9
70220,61.3,-80.9
70240,61.4,-80.7
70260,61.6,-79.8
70280,61.7,-78.5
70300,61.8,-76.2
70320,61.9,-79.6
70340,62.0,-78.7
70360,62.2,-79.5
70380,62.3,-79.0
70400,62.4,-79.4
70420,62.5,-76.1
70440,62.6,-77.4
70460,62.8,-77.8
70480,62.9,-75.4
70500,63.0,-79.9
70520,63.1,-75.9
70540,63.2,-80.3
70560,63.4,-76.0
70580,63.5,-80.2
70600,63.6,-76.6
70620,63.7,-75.2
70640,63.8,-77.8
70660,64.0,-79.5
70680,64.1,-75.8
70700,64.2,-79.4
70720,64.3,-79.2
70740,64.4,-79.0
70760,64.6,-76.7
70780,64.7,-77.3
70800,64.8,-75.6
70820,64.9,-79.1
70840,65.0,-77.0
70860,65.2,-80.0
70880,65.3,-75.2
70900,65.4,-79.2
70920,65.5,-77.8
70940,65.6,-79.4
70960,65.8,-77.2
70980,65.9,-77.7
71000,66.0,-78.6
71020,66.1,-80.6
71040,66.2,-79.9
71060,66.4,-76.7
71080,66.5,-80.0
71100,66.6,-78.2
71120,66.7,-79.5
71140,66.8,-80.6
71160,67.0,-78.3
71180,67.1,-76.6
71200,67.2,-77.7
71220,67.3,-76.3
71240,67.4,-77.3
71260,67.6,-79.9
71280,67.7,-75.2
71300,67.8,-76.7
71320,67.9,-77.5
71340,68.0,-79.5
71360,68.2,-76.6
71380,68.3,-80.1
71400,68.4,-78.6
71420,68.5,-78.5
71440,68.6,-78.9
71460,68.8,-77.8
71480,68.9,-80.0
71500,69.0,-79.9
71520,69.1,-80.9
71540,69.2,-79.7
71560,69.4,-78.1
71580,69.5,-81.0
71600,69.6,-81.0
71620,69.7,-79.6
71640,69.8,-75.6
71660,70.0,-80.6
71680,70.1,-79.5
71700,70.2,-79.1
71720,70.3,-80.4
71740,70.4,-76.5
71760,70.6,-79.1
71780,70.7,-76.8
71800,70.8,-76.4
71820,70.9,-80.8
71840,71.0,-76.1
71860,71.2,-76.5
71880,71.3,-75.1
71900,71.4,-80.7
71920,71.5,-81.0
71940,71.6,-75.2
71960,71.8,-79.4
71980,71.9,-79.2
72000,72.0,-78.3
72020,72.1,-77.0
72040,72.2,-77.2
72060,72.4,-78.0
72080,72.5,-79.5
72100,72.6,-76.5
72120,72.7,-79.5
72140,72.8,-79.0
72160,73.0,-78.3
72180,73.1,-78.4
72200,73.2,-77.9
72220,73.3,-76.6
72240,73.4,-79.6
72260,73.6,-79.0
72280,73.7,-76.3
72300,73.8,-78.6
72320,73.9,-77.3
72340,74.0,-79.9
72360,74.2,-78.6
72380,74.3,-78.1
72400,74.4,-80.0
72420,74.5,-77.6
72440,74.6,-78.2
72460,74.8,-76.2
72480,74.9,-79.6
72500,75.0,-80.9
72520,75.1,-78.4
72540,75.2,-79.8
72560,75.4,-75.3
72580,75.5,-76.0
72600,75.6,-79.1
72620,75.7,-80.9
72640,75.8,-75.2
72660,76.0,-77.0
72680,76.1,-75.2
72700,76.2,-77.6
72720,76.3,-76.9
72740,76.4,-79.5
72760,76.6,-79.6
72780,76.7,-76.2
72800,76.8,-80.3
72820,76.9,-76.1
72840,77.0,-78.4
72860,77.2,-77.1
72880,77.3,-76.5
72900,77.4,-76.6
72920,77.5,-75.8
72940,77.6,-80.2
72960,77.8,-79.6
72980,77.9,-78.0
73000,78.0,-77.6
73020,78.1,-78.7
73040,78.2,-79.3
73060,78.4,-79.4
73080,78.5,-75.3
73100,78.6,-79.1
73120,78.7,-80.8
73140,78.8,-76.3
73160,79.0,-80.3
73180,79.1,-80.7
73200,79.2,-77.3
73220,79.3,-77.6
73240,79.4,-76.6
73260,79.6,-79.6
73280,79.7,-77.7
73300,79.8,-77.5
73320,79.9,-77.9
73340,80.0,-80.3
73360,80.2,-80.8
73380,80.3,-78.6
73400,80.4,-80.9
73420,80.5,-79.4
73440,80.6,-79.2
73460,80.8,-80.7
73480,80.9,-76.6
73500,81.0,-80.3
73520,81.1,-75.7
73540,81.2,-79.6
73560,81.4,-80.1
73580,81.5,-79.1
73600,81.6,-78.7
73620,81.7,-79.0
73640,81.8,-77.7
73660,82.0,-80.3
73680,82.1,-76.7
73700,82.2,-75.3
73720,82.3,-77.9
73740,82.4,-80.6
73760,82.6,-80.8
73780,82.7,-75.4
73800,82.8,-76.6
73820,82.9,-78.2
73840,83.0,-78.2
73860,83.2,-81.0
73880,83.3,-78.2
73900,83.4,-78.4
73920,83.5,-80.1
73940,83.6,-77.9
73960,83.8,-75.9
73980,83.9,-77.0
74000,84.0,-78.1
74020,84.1,-80.2
74040,84.2,-78.4
74060,84.4,-80.5
74080,84.5,-78.2
74100,84.6,-80.4
74120,84.7,-78.1
74140,84.8,-77.4
74160,85.0,-75.1
74180,85.1,-78.6
74200,85.2,-75.7
74220,85.3,-75.5
74240,85.4,-80.7
74260,85.6,-77.8
74280,85.7,-75.9
74300,85.8,-80.5
74320,85.9,-77.5
74340,86.0,-75.5
74360,86.2,-78.6
74380,86.3,-75.7
74400,86.4,-78.5
74420,86.5,-75.4
74440,86.6,-76.2
74460,86.8,-75.4
74480,86.9,-75.5
74500,87.0,-76.2
74520,87.1,-75.6
74540,87.2,-79.1
74560,87.4,-77.6
74580,87.5,-79.8
74600,87.6,-81.0
74620,87.7,-78.0
74640,87.8,-77.7
74660,88.0,-75.4
74680,88.1,-79.2
74700,88.2,-79.6
74720,88.3,-76.0
74740,88.4,-76.2
74760,88.6,-76.4
74780,88.7,-75.9
74800,88.8,-77.1
74820,88.9,-80.7
74840,89.0,-76.9
74860,89.2,-80.8
74880,89.3,-75.1
74900,89.4,-79.8
74920,89.5,-78.0
74940,89.6,-79.8
74960,89.8,-80.5
74980,89.9,-79.4
75000,90.0,-77.3
75020,90.1,-80.7
75040,90.2,-80.7
75060,90.4,-77.2
75080,90.5,-77.4
75100,90.6,-80.2
75120,90.7,-79.3
75140,90.8,-80.3
75160,91.0,-78.2
75180,91.1,-75.7
75200,91.2,-79.6
75220,91.3,-76.9
75240,91.4,-76.0
75260,91.6,-75.1
75280,91.7,-78.9
75300,91.8,-78.7
75320,91.9,-75.7
75340,92.0,-75.2
75360,92.2,-77.8
75380,92.3,-77.1
75400,92.4,-75.7
75420,92.5,-75.6
75440,92.6,-79.4
75460,92.8,-80.3
75480,92.9,-76.2
75500,93.0,-76.8
75520,93.1,-81.0
75540,93.2,-78.7
75560,93.4,-77.0
75580,93.5,-80.3
75600,93.6,-80.9
75620,93.7,-79.4
75640,93.8,-75.2
75660,94.0,-78.1
75680,94.1,-78.7
75700,94.2,-76.7
75720,94.3,-77.6
75740,94.4,-76.2
75760,94.6,-77.2
75780,94.7,-75.2
75800,94.8,-80.2
75820,94.9,-76.4
75840,95.0,-76.0
75860,95.2,-76.0
75880,95.3,-80.0
75900,95.4,-76.1
75920,95.5,-80.2
75940,95.6,-78.1
75960,95.8,-79.0
75980,95.9,-76.1
76000,96.0,-75.9
76020,96.1,-75.0
76040,96.2,-79.0
76060,96.4,-75.1
76080,96.5,-76.6
76100,96.6,-75.6
76120,96.7,-76.3
76140,96.8,-80.5
76160,97.0,-76.4
76180,97.1,-78.3
76200,97.2,-80.5
76220,97.3,-75.9
76240,97.4,-77.4
76260,97.6,-79.1
76280,97.7,-76.6
76300,97.8,-77.4
76320,97.9,-78.2
76340,98.0,-76.2
76360,98.2,-75.4
76380,98.3,-75.1
76400,98.4,-76.9
76420,98.5,-75.9
76440,98.6,-77.8
76460,98.8,-79.5
76480,98.9,-76.8
76500,99.0,-75.7
76520,99.1,-77.3
76540,99.2,-78.9
76560,99.4,-78.2
76580,99.5,-79.6
76600,99.6,-75.3
76620,99.7,-79.2
76640,99.8,-77.0
76660,100.0,-79.5
76680,100.1,-77.7
76700,100.2,-76.7
76720,100.3,-76.0
76740,100.4,-75.5
76760,100.6,-75.9
76780,100.7,-80.6
76800,100.8,-80.7
76820,100.9,-79.9
76840,101.0,-77.3
76860,101.2,-80.9
76880,101.3,-77.0
76900,101.4,-77.3
76920,101.5,-76.9
76940,101.6,-78.7
76960,101.8,-78.3
76980,101.9,-78.4
77000,102.0,-80.9
77020,102.1,-80.2
77040,102.2,-79.9
77060,102.4,-76.8
77080,102.5,-75.7
77100,102.6,-77.3
77120,102.7,-78.0
77140,102.8,-77.4
77160,103.0,-76.5
77180,103.1,-80.1
77200,103.2,-80.2
77220,103.3,-75.4
77240,103.4,-76.6
77260,103.6,-78.5
77280,103.7,-79.8
77300,103.8,-79.2
77320,103.9,-77.0
77340,104.0,-80.4
77360,104.2,-75.5
77380,104.3,-75.5
77400,104.4,-75.6
77420,104.5,-79.2
77440,104.6,-79.3
77460,104.8,-76.3
77480,104.9,-77.8
77500,105.0,-75.6
77520,105.1,-80.8
77540,105.2,-76.9
77560,105.4,-76.7
77580,105.5,-79.7
77600,105.6,-77.0
77620,105.7,-78.7
77640,105.8,-79.7
77660,106.0,-76.2
77680,106.1,-76.7
77700,106.2,-79.8
77720,106.3,-75.5
77740,106.4,-76.7
77760,106.6,-76.3
77780,106.7,-75.2
77800,106.8,-79.5
77820,106.9,-77.7
77840,107.0,-77.7
77860,107.2,-77.3
77880,107.3,-76.3
77900,107.4,-79.7
77920,107.5,-76.5
77940,107.6,-76.9
77960,107.8,-75.9
77980,107.9,-80.3
78000,108.0,-76.2
78020,108.1,-76.3
78040,108.2,-75.7
78060,108.4,-78.7
78080,108.5,-80.0
78100,108.6,-80.5
78120,108.7,-77.7
78140,108.8,-75.2
78160,109.0,-79.1
78180,109.1,-77.4
78200,109.2,-75.0
78220,109.3,-80.7
78240,109.4,-80.1
78260,109.6,-80.2
78280,109.7,-75.9
78300,109.8,-76.0
78320,109.9,-76.2
78340,110.0,-75.9
78360,110.2,-77.5
78380,110.3,-77.9
78400,110.4,-77.8
78420,110.5,-80.1
78440,110.6,-79.2
78460,110.8,-78.2
78480,110.9,-79.6
78500,111.0,-79.4
78520,111.1,-76.8
78540,111.2,-78.2
78560,111.4,-76.4
78580,111.5,-78.4
78600,111.6,-80.0
78620,111.7,-80.6
78640,111.8,-76.1
78660,112.0,-78.2
78680,112.1,-75.6
78700,112.2,-76.8
78720,112.3,-80.8
78740,112.4,-76.5
78760,112.6,-78.5
78780,112.7,-75.6
78800,112.8,-78.5
78820,112.9,-78.6
78840,113.0,-77.8
78860,113.2,-79.9
78880,113.3,-80.0
78900,113.4,-79.7
78920,113.5,-79.2
78940,113.6,-79.9
78960,113.8,-77.8
78980,113.9,-78.7
79000,114.0,-79.9
79020,114.1,-77.7
79040,114.2,-78.5
79060,114.4,-78.8
79080,114.5,-75.9
79100,114.6,-80.8
79120,114.7,-77.0
79140,114.8,-76.9
79160,115.0,-76.9
79180,115.1,-78.4
79200,115.2,-76.4
79220,115.3,-76.3
79240,115.4,-76.4
79260,115.6,-76.6
79280,115.7,-76.6
79300,115.8,-75.4
79320,115.9,-78.4
79340,116.0,-81.0
79360,116.2,-76.3
79380,116.3,-78.6
79400,116.4,-76.1
79420,116.5,-80.6
79440,116.6,-76.5
79460,116.8,-80.0
79480,116.9,-77.6
79500,117.0,-76.8
79520,117.1,-80.5
79540,117.2,-80.4
79560,117.4,-80.4
79580,117.5,-75.7
79600,117.6,-78.9
79620,117.7,-77.6
79640,117.8,-80.7
79660,118.0,-79.6
79680,118.1,-76.3
79700,118.2,-81.0
79720,118.3,-80.4
79740,118.4,-76.3
79760,118.6,-76.7
79780,118.7,-77.7
79800,118.8,-79.2
79820,118.9,-78.0
79840,119.0,-76.9
79860,119.2,-75.9
79880,119.3,-80.9
79900,119.4,-78.9
79920,119.5,-76.4
79940,119.6,-75.2
79960,119.8,-78.8
79980,119.9,-75.3
80000,120.0,-78.1
80020,120.1,-76.9
80040,120.2,-75.7
80060,120.4,-76.0
80080,120.5,-76.2
80100,120.6,-77.1
80120,120.7,-79.7
80140,120.8,-79.4
80160,121.0,-76.2
80180,121.1,-77.0
80200,121.2,-75.7
80220,121.3,-75.9
80240,121.4,-77.6
80260,121.6,-79.2
80280,121.7,-79.6
80300,121.8,-79.2
80320,121.9,-78.3
80340,122.0,-76.1
80360,122.2,-80.2
80380,122.3,-79.0
80400,122.4,-79.6
80420,122.5,-77.1
80440,122.6,-75.2
80460,122.8,-76.3
80480,122.9,-76.1
80500,123.0,-79.5
80520,123.1,-77.1
80540,123.2,-77.5
80560,123.4,-75.0
80580,123.5,-78.9
80600,123.6,-75.5
80620,123.7,-75.3
80640,123.8,-77.4
80660,124.0,-76.1
80680,124.1,-79.5
80700,124.2,-78.1
80720,124.3,-78.5
80740,124.4,-78.5
80760,124.6,-80.3
80780,124.7,-80.7
80800,124.8,-78.4
80820,124.9,-79.1
80840,125.0,-78.8
80860,125.2,-79.4
80880,125.3,-75.7
80900,125.4,-76.7
80920,125.5,-77.0
80940,125.6,-78.4
80960,125.8,-76.9
80980,125.9,-79.4
81000,126.0,-79.7
81020,126.1,-75.8
81040,126.2,-77.8
81060,126.4,-79.2
81080,126.5,-77.7
81100,126.6,-79.2
81120,126.7,-79.1
81140,126.8,-81.0
81160,127.0,-78.4
81180,127.1,-79.1
81200,127.2,-75.9
81220,127.3,-77.8
81240,127.4,-78.0
81260,127.6,-80.1
81280,127.7,-75.1
81300,127.8,-78.9
81320,127.9,-75.4
81340,128.0,-78.5
81360,128.2,-80.4
81380,128.3,-80.6
81400,128.4,-79.3
81420,128.5,-77.5
81440,128.6,-75.6
81460,128.8,-78.4
81480,128.9,-80.9
81500,129.0,-80.8
81520,129.1,-75.7
81540,129.2,-77.9
81560,129.4,-77.8
81580,129.5,-80.6
81600,129.6,-80.5
81620,129.7,-78.9
81640,129.8,-76.6
81660,130.0,-75.5
81680,130.1,-80.7
81700,130.2,-75.6
81720,130.3,-75.8
81740,130.4,-81.0
81760,130.6,-80.2
81780,130.7,-77.5
81800,130.8,-77.5
81820,130.9,-76.4
81840,131.0,-77.5
81860,131.2,-80.5
81880,131.3,-75.1
81900,131.4,-77.7
81920,131.5,-77.2
81940,131.6,-75.9
81960,131.8,-79.9
81980,131.9,-75.6
82000,132.0,-79.3
82020,132.1,-76.0
82040,132.2,-80.4
82060,132.4,-80.0
82080,132.5,-75.8
82100,132.6,-76.5
82120,132.7,-77.9
82140,132.8,-77.8
82160,133.0,-80.2
82180,133.1,-76.3
82200,133.2,-79.2
82220,133.3,-78.3
82240,133.4,-79.0
82260,133.6,-79.3
82280,133.7,-78.4
82300,133.8,-80.0
82320,133.9,-79.1
82340,134.0,-77.3
82360,134.2,-76.0
82380,134.3,-80.7
82400,134.4,-77.5
82420,134.5,-77.7
82440,134.6,-80.8
82460,134.8,-79.4
82480,134.9,-76.4
82500,135.0,-79.2
82520,135.1,-79.1
82540,135.2,-79.4
82560,135.4,-80.3
82580,135.5,-75.4
82600,135.6,-80.7
82620,135.7,-77.2
82640,135.8,-80.4
82660,136.0,-77.9
82680,136.1,-79.2
82700,136.2,-80.2
82720,136.3,-75.4
82740,136.4,-76.6
82760,136.6,-76.6
82780,136.7,-79.0
82800,136.8,-76.8
82820,136.9,-79.6
82840,137.0,-79.8
82860,137.2,-78.0
82880,137.3,-76.4
82900,137.4,-80.6
82920,137.5,-78.0
82940,137.6,-79.6
82960,137.8,-76.3
82980,137.9,-76.2
83000,138.0,-79.0
83020,138.1,-80.9
83040,138.2,-81.0
83060,138.4,-79.8
83080,138.5,-78.5
83100,138.6,-76.2
83120,138.7,-79.7
83140,138.8,-75.2
83160,139.0,-80.4
83180,139.1,-76.7
83200,139.2,-80.4
83220,139.3,-76.4
83240,139.4,-78.2
83260,139.6,-75.5
83280,139.7,-79.1
83300,139.8,-75.7
83320,139.9,-77.1
83340,140.0,-76.4
83360,140.2,-80.0
83380,140.3,-80.9
83400,140.4,-77.4
83420,140.5,-75.0
83440,140.6,-80.9
83460,140.8,-79.0
83480,140.9,-78.9
83500,141.0,-77.9
83520,141.1,-77.9
83540,141.2,-76.3
83560,141.4,-76.7
83580,141.5,-76.2
83600,141.6,-77.9
83620,141.7,-75.3
83640,141.8,-77.7
83660,142.0,-76.1
83680,142.1,-78.5
83700,142.2,-77.8
83720,142.3,-80.3
83740,142.4,-75.5
83760,142.6,-80.2
83780,142.7,-75.2
83800,142.8,-77.1
83820,142.9,-80.5
83840,143.0,-79.7
83860,143.2,-80.8
83880,143.3,-80.5
83900,143.4,-80.8
83920,143.5,-77.9
83940,143.6,-77.0
83960,143.8,-80.8
83980,143.9,-75.3
84000,144.0,-78.8
84020,144.1,-76.7
84040,144.2,-75.3
84060,144.4,-75.4
84080,144.5,-79.0
84100,144.6,-75.6
84120,144.7,-76.6
84140,144.8,-79.1
84160,145.0,-78.2
84180,145.1,-80.5
84200,145.2,-76.9
84220,145.3,-78.6
84240,145.4,-77.1
84260,145.6,-76.4
84280,145.7,-75.3
84300,145.8,-76.9
84320,145.9,-76.2
84340,146.0,-75.3
84360,146.2,-75.4
84380,146.3,-80.9
84400,146.4,-80.7
84420,146.5,-78.7
84440,146.6,-76.9
84460,146.8,-78.3
84480,146.9,-77.2
84500,147.0,-80.8
84520,147.1,-75.3
84540,147.2,-79.8
84560,147.4,-79.0
84580,147.5,-80.5
84600,147.6,-76.7
84620,147.7,-76.0
84640,147.8,-78.0
84660,148.0,-75.6
84680,148.1,-77.8
84700,148.2,-75.9
84720,148.3,-79.2
84740,148.4,-80.3
84760,148.6,-77.0
84780,148.7,-80.1
84800,148.8,-79.1
84820,148.9,-79.5
84840,149.0,-76.0
84860,149.2,-75.9
84880,149.3,-75.6
84900,149.4,-80.8
84920,149.5,-79.8
84940,149.6,-78.9
84960,149.8,-76.6
84980,149.9,-76.0
85000,150.0,-79.3
85020,150.1,-77.0
85040,150.2,-75.6
85060,150.4,-80.0
85080,150.5,-77.2
85100,150.6,-79.8
85120,150.7,-78.4
85140,150.8,-80.8
85160,151.0,-76.0
85180,151.1,-79.4
85200,151.2,-77.2
85220,151.3,-81.0
85240,151.4,-76.6
85260,151.6,-76.4
85280,151.7,-79.8
85300,151.8,-78.4
85320,151.9,-79.5
85340,152.0,-79.1
85360,152.2,-80.1
85380,152.3,-82.5
85400,152.4,-78.6
85420,152.5,-80.3
85440,152.6,-79.1
85460,152.8,-79.1
85480,152.9,-79.5
85500,153.0,-82.7
85520,153.1,-78.1
85540,153.2,-81.7
85560,153.4,-78.2
85580,153.5,-81.6
85600,153.6,-83.1
85620,153.7,-78.9
85640,153.8,-80.2
85660,154.0,-79.5
85680,154.1,-79.6
85700,154.2,-80.0
85720,154.3,-80.5
85740,154.4,-82.9
85760,154.6,-81.0
85780,154.7,-83.5
85800,154.8,-80.0
85820,154.9,-81.1
85840,155.0,-80.6
85860,155.2,-81.2
85880,155.3,-81.5
85900,155.4,-79.8
85920,155.5,-81.4
85940,155.6,-81.9
85960,155.8,-84.3
85980,155.9,-85.7
86000,156.0,-82.6
86020,156.1,-85.0
86040,156.2,-81.0
86060,156.4,-84.1
86080,156.5,-81.7
86100,156.6,-85.8
86120,156.7,-82.9
86140,156.8,-86.7
86160,157.0,-86.2
86180,157.1,-83.7
86200,157.2,-81.6
86220,157.3,-84.7
86240,157.4,-82.3
86260,157.6,-83.5
86280,157.7,-86.0
86300,157.8,-83.2
86320,157.9,-85.0
86340,158.0,-84.2
86360,158.2,-84.0
86380,158.3,-87.5
86400,158.4,-83.6
86420,158.5,-85.5
86440,158.6,-84.4
86460,158.8,-84.4
86480,158.9,-87.7
86500,159.0,-87.5
86520,159.1,-84.4
86540,159.2,-83.1
86560,159.4,-87.9
86580,159.5,-84.7
86600,159.6,-88.0
86620,159.7,-86.8
86640,159.8,-88.1
86660,160.0,-87.7
86680,160.1,-86.0
86700,160.2,-87.7
86720,160.3,-88.3
86740,160.4,-89.0
86760,160.6,-87.0
86780,160.7,-84.4
86800,160.8,-84.4
86820,160.9,-84.3
86840,161.0,-84.6
86860,161.2,-88.8
86880,161.3,-86.6
86900,161.4,-85.1
86920,161.5,-88.7
86940,161.6,-88.9
86960,161.8,-90.8
86980,161.9,-89.0
87000,162.0,-85.1
87020,162.1,-89.1
87040,162.2,-89.7
87060,162.4,-89.6
87080,162.5,-90.1
87100,162.6,-86.7
87120,162.7,-90.6
87140,162.8,-89.6
87160,163.0,-90.3
87180,163.1,-89.8
87200,163.2,-89.5
87220,163.3,-89.7
87240,163.4,-86.3
87260,163.6,-89.4
87280,163.7,-88.4
87300,163.8,-87.4
87320,163.9,-87.0
87340,164.0,-90.0
87360,164.2,-87.8
87380,164.3,-89.9
87400,164.4,-88.0
87420,164.5,-87.8
87440,164.6,-91.7
87460,164.8,-91.5
87480,164.9,-87.8
87500,165.0,-89.0
87520,165.1,-89.8
87540,165.2,-89.6
87560,165.4,-91.5
87580,165.5,-92.8
87600,165.6,-88.9
87620,165.7,-90.0
87640,165.8,-93.6
87660,166.0,-91.6
87680,166.1,-90.1
87700,166.2,-91.4
87720,166.3,-92.3
87740,166.4,-93.4
87760,166.6,-92.5
87780,166.7,-92.3
87800,166.8,-92.8
87820,166.9,-93.7
87840,167.0,-91.0
87860,167.2,-93.1
87880,167.3,-91.3
87900,167.4,-93.7
87920,167.5,-90.9
87940,167.6,-93.9
87960,167.8,-93.3
87980,167.9,-91.5
88000,168.0,-90.5
88020,168.1,-93.7
88040,168.2,-93.3
88060,168.4,-93.7
88080,168.5,-90.2
88100,168.6,-90.7
88120,168.7,-92.1
88140,168.8,-93.6
88160,169.0,-92.1
88180,169.1,-91.1
88200,169.2,-90.9
88220,169.3,-90.7
88240,169.4,-92.7
88260,169.6,-92.2
88280,169.7,-94.5
88320,169.9,-93.4
88340,170.0,-92.6
88380,170.3,-90.8
88400,170.4,-94.0
88420,170.5,-96.4
88440,170.6,-95.5
88460,170.8,-93.5
88480,170.9,-95.4
88500,171.0,-95.3
88520,171.1,-92.8
88540,171.2,-91.5
88560,171.4,-95.1
88580,171.5,-94.6
88600,171.6,-97.4
88620,171.7,-96.2
88640,171.8,-93.0
88660,172.0,-94.7
88680,172.1,-94.8
88720,172.3,-97.0
88760,172.6,-96.8
88780,172.7,-95.0
88860,173.2,-93.3
88940,173.6,-94.6
88980,173.9,-93.0
89000,174.0,-93.0
89060,174.4,-94.9
89080,174.5,-93.2
89100,174.6,-96.7
89160,175.0,-95.9
89200,175.2,-95.2
89280,175.7,-95.7
89300,175.8,-95.2
89340,176.0,-94.8
89360,176.2,-95.8
89400,176.4,-97.2
89680,178.1,-95.5
89760,178.6,-96.1
89800,178.8,-95.2
89900,179.4,-95.4
90180,181.1,-96.4
90300,181.8,-95.9
90660,184.0,-96.4
91040,186.2,-97.3
91120,186.7,-97.5
91140,186.8,-97.0
91460,188.8,-97.7
92400,194.4,-96.9
92740,196.4,-97.3
92860,197.2,-97.1
92880,197.3,-96.2
93320,199.9,-95.9
93400,200.4,-95.6
93520,201.1,-96.5
93640,201.8,-97.3
93680,202.1,-95.3
93700,202.2,-96.0
93760,202.6,-94.6
93800,202.8,-95.8
93880,203.3,-94.7
93900,203.4,-97.5
94020,204.1,-94.7
94040,204.2,-94.2
94100,204.6,-93.6
94120,204.7,-94.8
94140,204.8,-93.9
94160,205.0,-95.8
94180,205.1,-94.7
94200,205.2,-93.9
94220,205.3,-94.9
94300,205.8,-95.6
94320,205.9,-96.5
94360,206.2,-93.6
94420,206.5,-96.5
94440,206.6,-96.5
94500,207.0,-94.5
94540,207.2,-93.1
94580,207.5,-94.1
94600,207.6,-94.0
94620,207.7,-92.9
94640,207.8,-97.3
94660,208.0,-96.7
94680,208.1,-92.9
94700,208.2,-91.7
94740,208.4,-92.1
94760,208.6,-96.0
94780,208.7,-94.1
94800,208.8,-91.7
94820,208.9,-92.8
94840,209.0,-96.1
94860,209.2,-92.2
94880,209.3,-94.1
94900,209.4,-91.4
94920,209.5,-91.2
94940,209.6,-94.7
94960,209.8,-91.4
94980,209.9,-91.5
95000,210.0,-93.7
95020,210.1,-95.2
95040,210.2,-92.6
95060,210.4,-93.4
95080,210.5,-93.9
95100,210.6,-90.8
95120,210.7,-94.5
95160,211.0,-94.5
95180,211.1,-91.7
95200,211.2,-95.8
95220,211.3,-95.2
95240,211.4,-95.3
95260,211.6,-94.1
95280,211.7,-93.9
95300,211.8,-93.5
95320,211.9,-90.2
95340,212.0,-91.5
95360,212.2,-93.5
95380,212.3,-92.8
95400,212.4,-92.3
95420,212.5,-90.6
95440,212.6,-93.1
95460,212.8,-94.6
95480,212.9,-89.0
95500,213.0,-89.5
95520,213.1,-89.4
95540,213.2,-89.5
95560,213.4,-93.2
95580,213.5,-89.9
95600,213.6,-88.3
95620,213.7,-92.7
95640,213.8,-92.9
95660,214.0,-88.7
95680,214.1,-90.4
95700,214.2,-90.7
95720,214.3,-93.5
95740,214.4,-87.9
95760,214.6,-93.4
95780,214.7,-92.3
95800,214.8,-90.0
95820,214.9,-92.5
95840,215.0,-89.8
95860,215.2,-88.5
95880,215.3,-92.3
95900,215.4,-90.1
95920,215.5,-89.3
95940,215.6,-90.6
95960,215.8,-87.3
95980,215.9,-88.1
96000,216.0,-90.2
96020,216.1,-88.1
96040,216.2,-86.6
96060,216.4,-87.4
96080,216.5,-91.0
96100,216.6,-91.2
96120,216.7,-89.8
96140,216.8,-90.2
96160,217.0,-86.0
96180,217.1,-90.4
96200,217.2,-90.6
96220,217.3,-88.6
96240,217.4,-90.8
96260,217.6,-85.8
96280,217.7,-90.8
96300,217.8,-90.9
96320,217.9,-86.3
96340,218.0,-85.5
96360,218.2,-88.9
96380,218.3,-85.5
96400,218.4,-87.6
96420,218.5,-89.8
96440,218.6,-89.9
96460,218.8,-84.5
96480,218.9,-89.0
96500,219.0,-84.7
96520,219.1,-87.1
96540,219.2,-88.2
96560,219.4,-85.5
96580,219.5,-86.7
96600,219.6,-84.5
96620,219.7,-89.0
96640,219.8,-86.7
96660,220.0,-88.6
96680,220.1,-83.6
96700,220.2,-88.0
96720,220.3,-84.6
96740,220.4,-83.4
96760,220.6,-86.2
96780,220.7,-88.5
96800,220.8,-87.9
96820,220.9,-86.5
96840,221.0,-88.3
96860,221.2,-83.1
96880,221.3,-82.8
96900,221.4,-87.9
96920,221.5,-84.3
96940,221.6,-83.7
96960,221.8,-87.7
96980,221.9,-86.0
97000,222.0,-85.9
97020,222.1,-84.0
97040,222.2,-85.9
97060,222.4,-82.1
97080,222.5,-85.3
97100,222.6,-81.8
97120,222.7,-84.6
97140,222.8,-85.1
97160,223.0,-86.6
97180,223.1,-81.3
97200,223.2,-85.7
97220,223.3,-86.1
97240,223.4,-82.5
97260,223.6,-85.3
97280,223.7,-83.3
97300,223.8,-83.3
97320,223.9,-85.4
97340,224.0,-81.8
97360,224.2,-81.8
97380,224.3,-80.7
97400,224.4,-82.7
97420,224.5,-81.5
97440,224.6,-83.9
97460,224.8,-80.0
97480,224.9,-80.7
97500,225.0,-84.6
97520,225.1,-82.8
97540,225.2,-80.8
97560,225.4,-81.8
97580,225.5,-84.4
97600,225.6,-81.3
97620,225.7,-80.0
97640,225.8,-82.9
97660,226.0,-83.4
97680,226.1,-82.7
97700,226.2,-81.7
97720,226.3,-79.3
97740,226.4,-81.8
97760,226.6,-82.1
97780,226.7,-81.4
97800,226.8,-78.0
97820,226.9,-81.2
97840,227.0,-80.2
97860,227.2,-78.3
97880,227.3,-81.0
97900,227.4,-82.2
97920,227.5,-77.8
97940,227.6,-77.2
97960,227.8,-79.0
97980,227.9,-79.3
98000,228.0,-78.6
98020,228.1,-81.8
98040,228.2,-77.3
98060,228.4,-77.8
98080,228.5,-79.7
98100,228.6,-78.8
98120,228.7,-80.9
98140,228.8,-81.0
98160,229.0,-80.1
98180,229.1,-76.3
98200,229.2,-75.8
98220,229.3,-80.8
98240,229.4,-80.6
98260,229.6,-75.7
98280,229.7,-77.9
98300,229.8,-80.9
98320,229.9,-79.0
98340,230.0,-79.1
98360,230.2,-76.7
98380,230.3,-79.6
98400,230.4,-78.1
98420,230.5,-77.3
98440,230.6,-77.2
98460,230.8,-79.4
98480,230.9,-78.8
98500,231.0,-75.2
98520,231.1,-78.5
98540,231.2,-76.5
98560,231.4,-80.2
98580,231.5,-77.0
98600,231.6,-76.5
98620,231.7,-80.9
98640,231.8,-79.2
98660,232.0,-78.6
98680,232.1,-77.1
98700,232.2,-75.4
98720,232.3,-80.6
98740,232.4,-78.7
98760,232.6,-79.3
98780,232.7,-79.7
98800,232.8,-79.4
98820,232.9,-76.6
98840,233.0,-77.2
98860,233.2,-76.6
98880,233.3,-78.4
98900,233.4,-80.6
98920,233.5,-80.5
98940,233.6,-75.2
98960,233.8,-75.2
98980,233.9,-79.2
99000,234.0,-77.9
99020,234.1,-76.3
99040,234.2,-77.5
99060,234.4,-76.5
99080,234.5,-79.7
99100,234.6,-80.5
99120,234.7,-80.2
99140,234.8,-80.6
99160,235.0,-80.3
99180,235.1,-76.6
99200,235.2,-76.6
99220,235.3,-79.0
99240,235.4,-78.7
99260,235.6,-75.3
99280,235.7,-75.9
99300,235.8,-77.2
99320,235.9,-75.5
99340,236.0,-79.7
99360,236.2,-78.0
99380,236.3,-78.0
99400,236.4,-76.4
99420,236.5,-77.9
99440,236.6,-77.6
99460,236.8,-79.2
99480,236.9,-78.2
99500,237.0,-75.9
99520,237.1,-79.7
99540,237.2,-80.1
99560,237.4,-76.5
99580,237.5,-78.9
99600,237.6,-77.9
99620,237.7,-79.6
99640,237.8,-76.7
99660,238.0,-77.8
99680,238.1,-78.3
99700,238.2,-77.0
99720,238.3,-76.1
99740,238.4,-78.0
99760,238.6,-78.2
99780,238.7,-80.8
99800,238.8,-80.3
99820,238.9,-80.3
99840,239.0,-77.9
99860,239.2,-77.0
99880,239.3,-75.4
99900,239.4,-79.3
99920,239.5,-80.5
99940,239.6,-78.8
99960,239.8,-75.3
99980,239.9,-80.6
100000,240.0,-75.9
100020,240.1,-77.8
100040,240.2,-80.6
100060,240.4,-79.5
100080,240.5,-80.7
100100,240.6,-78.6
100120,240.7,-80.7
100140,240.8,-80.3
100160,241.0,-78.6
100180,241.1,-75.6
100200,241.2,-78.2
100220,241.3,-80.6
100240,241.4,-80.3
100260,241.6,-80.3
100280,241.7,-80.9
100300,241.8,-76.1
100320,241.9,-79.3
100340,242.0,-78.8
100360,242.2,-78.5
100380,242.3,-79.6
100400,242.4,-78.8
100420,242.5,-76.1
100440,242.6,-79.7
100460,242.8,-80.8
100480,242.9,-75.3
100500,243.0,-76.6
100520,243.1,-80.3
100540,243.2,-75.9
100560,243.4,-79.3
100580,243.5,-77.0
100600,243.6,-76.9
100620,243.7,-77.8
100640,243.8,-77.6
100660,244.0,-79.5
100680,244.1,-75.8
100700,244.2,-80.1
100720,244.3,-79.7
100740,244.4,-80.7
100760,244.6,-79.8
100780,244.7,-80.6
100800,244.8,-80.5
100820,244.9,-81.0
100840,245.0,-75.0
100860,245.2,-76.4
100880,245.3,-80.8
100900,245.4,-79.7
100920,245.5,-76.1
100940,245.6,-79.2
100960,245.8,-79.6
100980,245.9,-79.3
101000,246.0,-78.4
101020,246.1,-76.1
101040,246.2,-80.2
101060,246.4,-80.1
101080,246.5,-77.2
101100,246.6,-80.8
101120,246.7,-80.0
101140,246.8,-77.8
101160,247.0,-79.5
101180,247.1,-76.2
101200,247.2,-78.5
101220,247.3,-79.1
101240,247.4,-76.4
101260,247.6,-77.8
101280,247.7,-77.6
101300,247.8,-80.8
101320,247.9,-78.6
101340,248.0,-75.9
101360,248.2,-80.1
101380,248.3,-80.6
101400,248.4,-80.9
101420,248.5,-77.7
101440,248.6,-75.3
101460,248.8,-80.0
101480,248.9,-79.5
101500,249.0,-75.7
101520,249.1,-80.9
101540,249.2,-78.6
101560,249.4,-77.8
101580,249.5,-75.7
101600,249.6,-75.1
101620,249.7,-78.0
101640,249.8,-77.8
101660,250.0,-80.5
101680,250.1,-77.4
101700,250.2,-80.0
101720,250.3,-80.6
101740,250.4,-78.9
101760,250.6,-75.7
101780,250.7,-75.6
101800,250.8,-76.6
101820,250.9,-79.1
101840,251.0,-79.0
101860,251.2,-80.3
101880,251.3,-79.6
101900,251.4,-75.0
101920,251.5,-79.1
101940,251.6,-78.9
101960,251.8,-75.4
101980,251.9,-76.3
102000,252.0,-76.3
102020,252.1,-76.8
102040,252.2,-76.8
102060,252.4,-79.0
102080,252.5,-77.1
102100,252.6,-76.3
102120,252.7,-76.4
102140,252.8,-76.5
102160,253.0,-75.6
102180,253.1,-79.6
102200,253.2,-78.4
102220,253.3,-77.7
102240,253.4,-77.7
102260,253.6,-79.6
102280,253.7,-76.7
102300,253.8,-75.3
102320,253.9,-79.6
102340,254.0,-80.3
102360,254.2,-76.5
102380,254.3,-80.6
102400,254.4,-78.5
102420,254.5,-75.3
102440,254.6,-78.6
102460,254.8,-76.7
102480,254.9,-80.6
102500,255.0,-79.5
102520,255.1,-78.6
102540,255.2,-78.8
102560,255.4,-78.8
102580,255.5,-79.3
102600,255.6,-75.5
102620,255.7,-77.1
102640,255.8,-75.4
102660,256.0,-75.3
102680,256.1,-77.5
102700,256.2,-76.2
102720,256.3,-79.2
102740,256.4,-80.0
102760,256.6,-79.9
102780,256.7,-76.6
102800,256.8,-76.5
102820,256.9,-78.0
102840,257.0,-76.7
102860,257.2,-80.1
102880,257.3,-79.0
102900,257.4,-77.6
102920,257.5,-80.8
102940,257.6,-76.9
102960,257.8,-76.9
102980,257.9,-76.3
103000,258.0,-78.9
103020,258.1,-76.9
103040,258.2,-79.5
103060,258.4,-80.0
103080,258.5,-80.3
103100,258.6,-79.6
103120,258.7,-75.2
103140,258.8,-79.3
103160,259.0,-80.4
103180,259.1,-75.0
103200,259.2,-77.9
103220,259.3,-76.8
103240,259.4,-80.7
103260,259.6,-77.4
103280,259.7,-76.4
103300,259.8,-76.8
103320,259.9,-78.3
103340,260.0,-79.5
103360,260.2,-75.5
103380,260.3,-76.6
103400,260.4,-79.6
103420,260.5,-79.5
103440,260.6,-80.5
103460,260.8,-81.0
103480,260.9,-79.6
103500,261.0,-80.0
103520,261.1,-80.8
103540,261.2,-78.1
103560,261.4,-77.4
103580,261.5,-75.5
103600,261.6,-75.7
103620,261.7,-79.5
103640,261.8,-76.2
103660,262.0,-80.7
103680,262.1,-80.6
103700,262.2,-78.3
103720,262.3,-77.3
103740,262.4,-78.9
103760,262.6,-75.3
103780,262.7,-80.7
103800,262.8,-79.6
103820,262.9,-75.5
103840,263.0,-79.9
103860,263.2,-76.6
103880,263.3,-79.9
103900,263.4,-78.9
103920,263.5,-75.4
103940,263.6,-79.8
103960,263.8,-75.2
103980,263.9,-80.2
104000,264.0,-77.6
104020,264.1,-76.9
104040,264.2,-78.4
104060,264.4,-75.1
104080,264.5,-75.2
104100,264.6,-80.8
104120,264.7,-75.5
104140,264.8,-80.8
104160,265.0,-75.4
104180,265.1,-77.5
104200,265.2,-79.0
104220,265.3,-75.7
104240,265.4,-79.4
104260,265.6,-79.7
104280,265.7,-75.8
104300,265.8,-75.4
104320,265.9,-79.1
104340,266.0,-75.3
104360,266.2,-77.4
104380,266.3,-79.2
104400,266.4,-79.6
104420,266.5,-77.5
104440,266.6,-76.7
104460,266.8,-78.0
104480,266.9,-75.8
104500,267.0,-76.9
104520,267.1,-77.4
104540,267.2,-78.2
104560,267.4,-79.4
104580,267.5,-78.5
104600,267.6,-76.1
104620,267.7,-78.0
104640,267.8,-78.1
104660,268.0,-75.2
104680,268.1,-78.1
104700,268.2,-76.7
104720,268.3,-80.2
104740,268.4,-76.7
104760,268.6,-75.9
104780,268.7,-78.3
104800,268.8,-75.7
104820,268.9,-80.8
104840,269.0,-80.6
104860,269.2,-75.1
104880,269.3,-79.1
104900,269.4,-75.4
104920,269.5,-78.0
104940,269.6,-76.5
104960,269.8,-79.3
104980,269.9,-78.1
105000,270.0,-77.5
105020,270.1,-75.1
105040,270.2,-78.9
105060,270.4,-76.0
105080,270.5,-75.9
105100,270.6,-76.2
105120,270.7,-75.7
105140,270.8,-79.5
105160,271.0,-79.6
105180,271.1,-75.5
105200,271.2,-75.1
105220,271.3,-79.9
105240,271.4,-75.8
105260,271.6,-79.7
105280,271.7,-77.9
105300,271.8,-78.7
105320,271.9,-80.1
105340,272.0,-76.8
105360,272.2,-79.2
105380,272.3,-79.3
105400,272.4,-76.0
105420,272.5,-76.2
105440,272.6,-76.4
105460,272.8,-76.4
105480,272.9,-76.9
105500,273.0,-79.7
105520,273.1,-79.9
105540,273.2,-79.2
105560,273.4,-81.0
105580,273.5,-75.3
105600,273.6,-76.3
105620,273.7,-76.6
105640,273.8,-80.9
105660,274.0,-77.2
105680,274.1,-79.5
105700,274.2,-75.9
105720,274.3,-75.2
105740,274.4,-78.3
105760,274.6,-77.8
105780,274.7,-80.4
105800,274.8,-80.6
105820,274.9,-80.7
105840,275.0,-76.6
105860,275.2,-79.1
105880,275.3,-78.8
105900,275.4,-76.0
105920,275.5,-76.7
105940,275.6,-77.4
105960,275.8,-80.6
105980,275.9,-79.1
106000,276.0,-78.4
106020,276.1,-76.8
106040,276.2,-78.7
106060,276.4,-77.2
106080,276.5,-78.7
106100,276.6,-76.0
106120,276.7,-79.0
106140,276.8,-78.4
106160,277.0,-80.8
106180,277.1,-80.9
106200,277.2,-77.5
106220,277.3,-78.5
106240,277.4,-77.7
106260,277.6,-76.6
106280,277.7,-78.0
106300,277.8,-75.7
106320,277.9,-75.5
106340,278.0,-77.3
106360,278.2,-76.2
106380,278.3,-76.7
106400,278.4,-77.8
106420,278.5,-75.3
106440,278.6,-78.8
106460,278.8,-78.3
106480,278.9,-76.2
106500,279.0,-75.1
106520,279.1,-79.7
106540,279.2,-80.4
106560,279.4,-77.5
106580,279.5,-75.6
106600,279.6,-76.4
106620,279.7,-78.0
106640,279.8,-77.0
106660,280.0,-78.0
106680,280.1,-76.3
106700,280.2,-76.0
106720,280.3,-75.1
106740,280.4,-79.1
106760,280.6,-79.5
106780,280.7,-78.7
106800,280.8,-77.1
106820,280.9,-76.7
106840,281.0,-80.1
106860,281.2,-78.0
106880,281.3,-80.8
106900,281.4,-79.7
106920,281.5,-79.0
106940,281.6,-80.0
106960,281.8,-77.8
106980,281.9,-76.1
107000,282.0,-76.1
107020,282.1,-75.9
107040,282.2,-79.4
107060,282.4,-77.8
107080,282.5,-76.8
107100,282.6,-79.2
107120,282.7,-77.5
107140,282.8,-80.3
107160,283.0,-77.0
107180,283.1,-76.8
107200,283.2,-76.8
107220,283.3,-78.9
107240,283.4,-76.4
107260,283.6,-79.6
107280,283.7,-75.6
107300,283.8,-77.0
107320,283.9,-76.7
107340,284.0,-75.5
107360,284.2,-75.0
107380,284.3,-77.3
107400,284.4,-79.0
107420,284.5,-76.7
107440,284.6,-80.6
107460,284.8,-79.3
107480,284.9,-76.2
107500,285.0,-75.7
107520,285.1,-79.0
107540,285.2,-77.0
107560,285.4,-76.7
107580,285.5,-79.3
107600,285.6,-78.4
107620,285.7,-80.8
107640,285.8,-76.9
107660,286.0,-76.3
107680,286.1,-78.8
107700,286.2,-78.4
107720,286.3,-80.6
107740,286.4,-78.9
107760,286.6,-76.2
107780,286.7,-77.6
107800,286.8,-75.4
107820,286.9,-78.5
107840,287.0,-77.4
107860,287.2,-78.4
107880,287.3,-76.6
107900,287.4,-80.5
107920,287.5,-77.7
107940,287.6,-77.1
107960,287.8,-77.8
107980,287.9,-78.3
108000,288.0,-77.8
108020,288.1,-77.2
108040,288.2,-76.5
108060,288.4,-75.3
108080,288.5,-77.2
108100,288.6,-75.1
108120,288.7,-81.0
108140,288.8,-78.9
108160,289.0,-79.3
108180,289.1,-78.0
108200,289.2,-80.2
108220,289.3,-75.0
108240,289.4,-79.8
108260,289.6,-78.5
108280,289.7,-78.4
108300,289.8,-80.2
108320,289.9,-78.3
108340,290.0,-77.5
108360,290.2,-79.1
108380,290.3,-79.4
108400,290.4,-78.9
108420,290.5,-78.8
108440,290.6,-76.7
108460,290.8,-80.8
108480,290.9,-80.9
108500,291.0,-78.3
108520,291.1,-75.7
108540,291.2,-78.3
108560,291.4,-76.1
108580,291.5,-79.2
108600,291.6,-75.4
108620,291.7,-76.3
108640,291.8,-76.6
108660,292.0,-79.7
108680,292.1,-79.5
108700,292.2,-77.6
108720,292.3,-77.0
108740,292.4,-80.5
108760,292.6,-80.8
108780,292.7,-76.2
108800,292.8,-80.8
108820,292.9,-77.8
108840,293.0,-75.6
108860,293.2,-76.5
108880,293.3,-77.1
108900,293.4,-77.6
108920,293.5,-80.8
108940,293.6,-76.3
108960,293.8,-80.1
108980,293.9,-76.7
109000,294.0,-77.1
109020,294.1,-77.9
109040,294.2,-77.0
109060,294.4,-79.5
109080,294.5,-78.0
109100,294.6,-76.9
109120,294.7,-80.9
109140,294.8,-78.9
109160,295.0,-80.0
109180,295.1,-79.7
109200,295.2,-78.1
109220,295.3,-80.8
109240,295.4,-75.2
109260,295.6,-78.2
109280,295.7,-79.1
109300,295.8,-80.7
109320,295.9,-77.6
109340,296.0,-75.3
109360,296.2,-79.3
109380,296.3,-75.0
109400,296.4,-80.0
109420,296.5,-77.8
109440,296.6,-78.0
109460,296.8,-77.9
109480,296.9,-75.6
109500,297.0,-76.1
109520,297.1,-76.9
109540,297.2,-78.4
109560,297.4,-77.9
109580,297.5,-78.4
109600,297.6,-75.8
109620,297.7,-80.4
109640,297.8,-79.5
109660,298.0,-78.0
109680,298.1,-75.7
109700,298.2,-79.4
109720,298.3,-79.4
109740,298.4,-80.7
109760,298.6,-77.8
109780,298.7,-78.3
109800,298.8,-75.2
109820,298.9,-76.2
109840,299.0,-79.8
109860,299.2,-78.1
109880,299.3,-77.5
109900,299.4,-75.3
109920,299.5,-79.0
109940,299.6,-76.1
109960,299.8,-76.7
109980,299.9,-75.5
110000,300.0,-77.7
110020,300.1,-79.3
110040,300.2,-80.6
110060,300.4,-78.0
110080,300.5,-76.1
110100,300.6,-76.5
110120,300.7,-81.0
110140,300.8,-76.7
110160,301.0,-80.8
110180,301.1,-80.0
110200,301.2,-76.7
110220,301.3,-79.3
110240,301.4,-77.6
110260,301.6,-76.5
110280,301.7,-80.9
110300,301.8,-75.2
110320,301.9,-78.8
110340,302.0,-79.6
110360,302.2,-76.4
110380,302.3,-79.1
110400,302.4,-79.1
110420,302.5,-77.6
110440,302.6,-79.7
110460,302.8,-76.4
110480,302.9,-77.6
110500,303.0,-76.8
110520,303.1,-76.3
110540,303.2,-77.5
110560,303.4,-77.6
110580,303.5,-79.8
110600,303.6,-77.3
110620,303.7,-75.8
110640,303.8,-76.2
110660,304.0,-75.4
110680,304.1,-76.4
110700,304.2,-75.4
110720,304.3,-78.9
110740,304.4,-77.0
110760,304.6,-77.8
110780,304.7,-78.7
110800,304.8,-77.3
110820,304.9,-78.4
110840,305.0,-78.2
110860,305.2,-79.0
110880,305.3,-75.8
110900,305.4,-78.9
110920,305.5,-75.7
110940,305.6,-75.8
110960,305.8,-79.6
110980,305.9,-79.6
111000,306.0,-76.1
111020,306.1,-79.4
111040,306.2,-78.3
111060,306.4,-78.5
111080,306.5,-78.7
111100,306.6,-76.2
111120,306.7,-77.1
111140,306.8,-79.5
111160,307.0,-77.8
111180,307.1,-75.4
111200,307.2,-76.0
111220,307.3,-80.7
111240,307.4,-79.1
111260,307.6,-75.2
111280,307.7,-76.7
111300,307.8,-77.1
111320,307.9,-76.8
111340,308.0,-78.0
111360,308.2,-80.8
111380,308.3,-79.7
111400,308.4,-75.2
111420,308.5,-76.6
111440,308.6,-75.6
111460,308.8,-76.9
111480,308.9,-77.7
111500,309.0,-80.4
111520,309.1,-80.1
111540,309.2,-80.9
111560,309.4,-77.7
111580,309.5,-76.1
111600,309.6,-80.3
111620,309.7,-77.6
111640,309.8,-76.0
111660,310.0,-75.6
111680,310.1,-75.8
111700,310.2,-80.3
111720,310.3,-77.7
111740,310.4,-79.4
111760,310.6,-77.1
111780,310.7,-79.8
111800,310.8,-75.6
111820,310.9,-75.4
111840,311.0,-75.3
111860,311.2,-80.5
111880,311.3,-80.7
111900,311.4,-76.5
111920,311.5,-77.4
111940,311.6,-79.2
111960,311.8,-77.5
111980,311.9,-79.4
112000,312.0,-80.0
112020,312.1,-79.7
112040,312.2,-76.8
112060,312.4,-78.3
112080,312.5,-78.3
112100,312.6,-80.0
112120,312.7,-80.9
112140,312.8,-76.0
112160,313.0,-79.1
112180,313.1,-78.6
112200,313.2,-78.9
112220,313.3,-78.4
112240,313.4,-81.0
112260,313.6,-76.4
112280,313.7,-75.4
112300,313.8,-75.7
112320,313.9,-78.7
112340,314.0,-78.7
112360,314.2,-77.7
112380,314.3,-75.1
112400,314.4,-75.5
112420,314.5,-77.3
112440,314.6,-76.3
112460,314.8,-77.9
112480,314.9,-78.5
112500,315.0,-78.7
112520,315.1,-76.2
112540,315.2,-79.7
112560,315.4,-75.2
112580,315.5,-76.6
112600,315.6,-76.6
112620,315.7,-76.6
112640,315.8,-76.3
112660,316.0,-80.5
112680,316.1,-78.1
112700,316.2,-80.4
112720,316.3,-77.0
112740,316.4,-76.0
112760,316.6,-77.7
112780,316.7,-77.9
112800,316.8,-77.7
112820,316.9,-75.8
112840,317.0,-78.2
112860,317.2,-76.1
112880,317.3,-80.1
112900,317.4,-78.1
112920,317.5,-78.9
112940,317.6,-79.1
112960,317.8,-78.7
112980,317.9,-76.7
113000,318.0,-75.5
113020,318.1,-76.1
113040,318.2,-77.4
113060,318.4,-80.8
113080,318.5,-78.1
113100,318.6,-78.0
113120,318.7,-81.0
113140,318.8,-79.8
113160,319.0,-75.6
113180,319.1,-80.3
113200,319.2,-79.3
113220,319.3,-78.6
113240,319.4,-77.2
113260,319.6,-76.3
113280,319.7,-79.1
113300,319.8,-76.0
113320,319.9,-75.9
113340,320.0,-81.0
113360,320.2,-78.4
113380,320.3,-78.6
113400,320.4,-75.8
113420,320.5,-80.8
113440,320.6,-79.7
113460,320.8,-76.0
113480,320.9,-80.2
113500,321.0,-75.6
113520,321.1,-78.1
113540,321.2,-77.8
113560,321.4,-78.3
113580,321.5,-76.5
113600,321.6,-80.3
113620,321.7,-78.1
113640,321.8,-79.7
113660,322.0,-79.5
113680,322.1,-79.6
113700,322.2,-79.6
113720,322.3,-80.6
113740,322.4,-80.8
113760,322.6,-76.6
113780,322.7,-78.8
113800,322.8,-80.8
113820,322.9,-80.5
113840,323.0,-77.9
113860,323.2,-77.8
113880,323.3,-77.8
113900,323.4,-77.4
113920,323.5,-79.6
113940,323.6,-76.6
113960,323.8,-76.3
113980,323.9,-78.3
114000,324.0,-75.7
114020,324.1,-79.5
114040,324.2,-77.2
114060,324.4,-78.5
114080,324.5,-77.3
114100,324.6,-79.9
114120,324.7,-79.7
114140,324.8,-77.1
114160,325.0,-77.4
114180,325.1,-78.6
114200,325.2,-79.4
114220,325.3,-78.1
114240,325.4,-80.2
114260,325.6,-75.3
114280,325.7,-75.4
114300,325.8,-75.4
114320,325.9,-77.2
114340,326.0,-75.7
114360,326.2,-76.0
114380,326.3,-80.9
114400,326.4,-76.3
114420,326.5,-78.4
114440,326.6,-76.6
114460,326.8,-80.8
114480,326.9,-75.2
114500,327.0,-79.9
114520,327.1,-78.4
114540,327.2,-78.5
114560,327.4,-76.9
114580,327.5,-78.5
114600,327.6,-79.3
114620,327.7,-80.3
114640,327.8,-76.2
114660,328.0,-76.7
114680,328.1,-80.6
114700,328.2,-79.6
114720,328.3,-78.4
114740,328.4,-76.5
114760,328.6,-79.8
114780,328.7,-79.0
114800,328.8,-77.3
114820,328.9,-75.8
114840,329.0,-80.5
114860,329.2,-77.1
114880,329.3,-77.8
114900,329.4,-78.3
114920,329.5,-76.5
114940,329.6,-80.8
114960,329.8,-77.4
114980,329.9,-78.5
115000,330.0,-75.9
115020,330.1,-75.8
115040,330.2,-76.4
115060,330.4,-77.7
115080,330.5,-75.1
115100,330.6,-77.8
115120,330.7,-79.3
115140,330.8,-75.8
115160,331.0,-76.4
115180,331.1,-79.8
115200,331.2,-78.2
115220,331.3,-78.3
115240,331.4,-76.8
115260,331.6,-75.5
115280,331.7,-78.6
115300,331.8,-79.0
115320,331.9,-78.8
115340,332.0,-79.3
115360,332.2,-75.3
115380,332.3,-80.9
115400,332.4,-75.5
115420,332.5,-80.7
115440,332.6,-78.6
115460,332.8,-77.7
115480,332.9,-79.9
115500,333.0,-79.3
115520,333.1,-76.1
115540,333.2,-78.2
115560,333.4,-79.1
115580,333.5,-76.2
115600,333.6,-80.9
115620,333.7,-76.1
115640,333.8,-75.0
115660,334.0,-80.9
115680,334.1,-75.4
115700,334.2,-78.9
115720,334.3,-76.7
115740,334.4,-78.6
115760,334.6,-76.3
115780,334.7,-75.7
115800,334.8,-76.4
115820,334.9,-80.5
115840,335.0,-75.6
115860,335.2,-80.1
115880,335.3,-81.0
115900,335.4,-78.5
115920,335.5,-79.4
115940,335.6,-76.4
115960,335.8,-76.8
115980,335.9,-80.4
116000,336.0,-79.1
116020,336.1,-77.7
116040,336.2,-80.0
116060,336.4,-76.7
116080,336.5,-75.3
116100,336.6,-76.7
116120,336.7,-79.0
116140,336.8,-76.5
116160,337.0,-77.5
116180,337.1,-80.4
116200,337.2,-77.3
116220,337.3,-77.2
116240,337.4,-80.7
116260,337.6,-80.1
116280,337.7,-79.9
116300,337.8,-76.0
116320,337.9,-77.8
116340,338.0,-77.3
116360,338.2,-78.7
116380,338.3,-77.1
116400,338.4,-77.5
116420,338.5,-77.2
116440,338.6,-75.1
116460,338.8,-77.9
116480,338.9,-79.6
116500,339.0,-77.3
116520,339.1,-80.7
116540,339.2,-76.8
116560,339.4,-76.5
116580,339.5,-77.9
116600,339.6,-79.6
116620,339.7,-79.1
116640,339.8,-77.0
116660,340.0,-75.5
116680,340.1,-80.6
116700,340.2,-76.8
116720,340.3,-76.5
116740,340.4,-77.9
116760,340.6,-79.4
116780,340.7,-80.0
116800,340.8,-77.5
116820,340.9,-79.7
116840,341.0,-77.9
116860,341.2,-76.8
116880,341.3,-75.8
116900,341.4,-78.7
116920,341.5,-77.0
116940,341.6,-77.2
116960,341.8,-79.6
116980,341.9,-78.1
117000,342.0,-77.0
117020,342.1,-77.6
117040,342.2,-75.3
117060,342.4,-79.8
117080,342.5,-76.6
117100,342.6,-77.9
117120,342.7,-75.8
117140,342.8,-80.6
117160,343.0,-80.7
117180,343.1,-78.4
117200,343.2,-79.9
117220,343.3,-76.0
117240,343.4,-77.8
117260,343.6,-78.4
117280,343.7,-77.0
117300,343.8,-80.5
117320,343.9,-79.9
117340,344.0,-80.5
117360,344.2,-77.1
117380,344.3,-78.5
117400,344.4,-80.0
117420,344.5,-78.4
117440,344.6,-77.6
117460,344.8,-77.9
117480,344.9,-80.2
117500,345.0,-77.0
117520,345.1,-79.1
117540,345.2,-77.9
117560,345.4,-78.9
117580,345.5,-79.0
117600,345.6,-78.3
117620,345.7,-79.5
117640,345.8,-80.9
117660,346.0,-78.1
117680,346.1,-75.3
117700,346.2,-78.8
117720,346.3,-77.9
117740,346.4,-80.9
117760,346.6,-78.4
117780,346.7,-75.6
117800,346.8,-78.3
117820,346.9,-79.6
117840,347.0,-75.9
117860,347.2,-78.9
117880,347.3,-79.3
117900,347.4,-75.8
117920,347.5,-76.1
117940,347.6,-78.6
117960,347.8,-79.5
117980,347.9,-78.7
118000,348.0,-77.5
118020,348.1,-77.1
118040,348.2,-79.3
118060,348.4,-79.2
118080,348.5,-75.2
118100,348.6,-75.4
118120,348.7,-80.5
118140,348.8,-79.2
118160,349.0,-76.6
118180,349.1,-80.5
118200,349.2,-80.8
118220,349.3,-76.7
118240,349.4,-75.5
118260,349.6,-79.3
118280,349.7,-75.4
118300,349.8,-78.5
118320,349.9,-78.9
118340,350.0,-77.7
118360,350.2,-79.0
118380,350.3,-77.0
118400,350.4,-78.6
118420,350.5,-79.2
118440,350.6,-76.1
118460,350.8,-76.5
118480,350.9,-79.7
118500,351.0,-80.0
118520,351.1,-79.7
118540,351.2,-79.8
118560,351.4,-76.3
118580,351.5,-75.6
118600,351.6,-79.2
118620,351.7,-76.6
118640,351.8,-76.1
118660,352.0,-75.3
118680,352.1,-75.6
118700,352.2,-78.2
118720,352.3,-76.9
118740,352.4,-78.7
118760,352.6,-75.9
118780,352.7,-75.2
118800,352.8,-78.6
118820,352.9,-77.0
118840,353.0,-78.1
118860,353.2,-78.5
118880,353.3,-75.9
118900,353.4,-78.0
118920,353.5,-76.4
118940,353.6,-80.8
118960,353.8,-78.6
118980,353.9,-77.6
119000,354.0,-77.2
119020,354.1,-78.4
119040,354.2,-75.2
119060,354.4,-75.1
119080,354.5,-76.3
119100,354.6,-80.6
119120,354.7,-80.3
119140,354.8,-77.7
119160,355.0,-77.6
119180,355.1,-75.2
119200,355.2,-79.5
119220,355.3,-79.2
119240,355.4,-77.1
119260,355.6,-79.4
119280,355.7,-81.0
119300,355.8,-76.7
119320,355.9,-79.3
119340,356.0,-77.0
119360,356.2,-80.2
119380,356.3,-76.6
119400,356.4,-76.6
119420,356.5,-80.0
119440,356.6,-77.7
119460,356.8,-75.6
119480,356.9,-80.5
119500,357.0,-75.1
119520,357.1,-77.4
119540,357.2,-79.1
119560,357.4,-77.6
119580,357.5,-80.2
119600,357.6,-76.2
119620,357.7,-80.7
119640,357.8,-77.8
119660,358.0,-76.2
119680,358.1,-79.3
119700,358.2,-76.2
119720,358.3,-75.1
119740,358.4,-78.9
119760,358.6,-75.8
119780,358.7,-76.8
119800,358.8,-77.2
119820,358.9,-77.9
119840,359.0,-79.3
119860,359.2,-80.3
119880,359.3,-76.9
119900,359.4,-80.1
119920,359.5,-75.2
119940,359.6,-78.1
119960,359.8,-78.7
119980,359.9,-80.5
