t_ms,seq,msg
7,0,heartbeat
10,1,request:position
507,2,request:position
1007,3,heartbeat
1010,4,request:position
1507,5,request:position
2007,6,heartbeat
2010,7,request:position
2013,8,cmd:arm
2507,9,request:position
3007,10,heartbeat
3010,11,request:position
3013,12,cmd:takeoff
3507,13,request:position
4007,14,heartbeat
4010,15,request:position
4507,16,request:position
5007,17,heartbeat
5010,18,request:position
5013,19,mission:start
5507,20,request:position
6007,21,heartbeat
6010,22,request:position
6507,23,request:position
7007,24,heartbeat
7010,25,request:position
7507,26,request:position
8007,27,heartbeat
8010,28,request:position
8507,29,request:position
9007,30,heartbeat
9010,31,request:position
9507,32,request:position
10007,33,heartbeat
10010,34,request:position
10507,35,request:position
11007,36,heartbeat
11010,37,request:position
11507,38,request:position
12007,39,heartbeat
12010,40,request:position
12507,41,request:position
13007,42,heartbeat
13010,43,request:position
13507,44,request:position
14007,45,heartbeat
14010,46,request:position
14507,47,request:position
15007,48,heartbeat
15010,49,request:position
15507,50,request:position
16007,51,heartbeat
16010,52,request:position
16507,53,request:position
17007,54,heartbeat
17010,55,request:position
17507,56,request:position
18007,57,heartbeat
18010,58,request:position
18507,59,request:position
19007,60,heartbeat
19010,61,request:position
19507,62,request:position
20007,63,heartbeat
20010,64,request:position
20507,65,request:position
21007,66,heartbeat
21010,67,request:position
21507,68,request:position
22007,69,heartbeat
22010,70,request:position
22507,71,request:position
23007,72,heartbeat
23010,73,request:position
23507,74,request:position
24007,75,heartbeat
24010,76,request:position
24507,77,request:position
25007,78,heartbeat
25010,79,request:position
25507,80,request:position
26007,81,heartbeat
26010,82,request:position
26507,83,request:position
27007,84,heartbeat
27010,85,request:position
27507,86,request:position
28007,87,heartbeat
28010,88,request:position
28507,89,request:position
29007,90,heartbeat
29010,91,request:position
29507,92,request:position
30007,93,heartbeat
30010,94,request:position
30507,95,request:position
31007,96,heartbeat
31010,97,request:position
31507,98,request:position
32007,99,heartbeat
32010,100,request:position
32507,101,request:position
33007,102,heartbeat
33010,103,request:position
33507,104,request:position
34007,105,heartbeat
34010,106,request:position
34507,107,request:position
35007,108,heartbeat
35010,109,request:position
35507,110,request:position
36007,111,heartbeat
36010,112,request:position
36507,113,request:position
37007,114,heartbeat
37010,115,request:position
37507,116,request:position
38007,117,heartbeat
38010,118,request:position
38507,119,request:position
39007,120,heartbeat
39010,121,request:position
39507,122,request:position
40007,123,heartbeat
40010,124,request:position
40507,125,request:position
41007,126,heartbeat
41010,127,request:position
41507,128,request:position
42007,129,heartbeat
42010,130,request:position
42507,131,request:position
43007,132,heartbeat
43010,133,request:position
43507,134,request:position
44007,135,heartbeat
44010,136,request:position
44507,137,request:position
45007,138,heartbeat
45010,139,request:position
45507,140,request:position
46007,141,heartbeat
46010,142,request:position
46507,143,request:position
47007,144,heartbeat
47010,145,request:position
47507,146,request:position
48007,147,heartbeat
48010,148,request:position
48507,149,request:position
49007,150,heartbeat
49010,151,request:position
49507,152,request:position
50007,153,heartbeat
50010,154,request:position
50507,155,request:position
51007,156,heartbeat
51010,157,request:position
51507,158,request:position
52007,159,heartbeat
52010,160,request:position
52507,161,request:position
53007,162,heartbeat
53010,163,request:position
53507,164,request:position
54007,165,heartbeat
54010,166,request:position
54507,167,request:position
55007,168,heartbeat
55010,169,request:position
55507,170,request:position
56007,171,heartbeat
56010,172,request:position
56507,173,request:position
57007,174,heartbeat
57010,175,request:position
57507,176,request:position
58007,177,heartbeat
58010,178,request:position
58507,179,request:position
59007,180,heartbeat
59010,181,request:position
59507,182,request:position
60007,183,heartbeat
60010,184,request:position
