t_ms,rssi_dbm,sysid,compid,seq,msg
16,-46,20,190,0,heartbeat
19,-45,20,190,1,request:position
516,-45,20,190,2,request:position
1016,-48,20,190,3,heartbeat
1019,-44,20,190,4,request:position
1516,-48,20,190,5,request:position
2016,-46,20,190,6,heartbeat
2019,-48,20,190,7,request:position
2022,-45,20,190,8,cmd:arm
2516,-47,20,190,9,request:position
3016,-46,20,190,10,heartbeat
3019,-48,20,190,11,request:position
3022,-48,20,190,12,cmd:takeoff
3516,-48,20,190,13,request:position
4016,-47,20,190,14,heartbeat
4019,-47,20,190,15,request:position
4516,-46,20,190,16,request:position
5016,-44,20,190,17,heartbeat
5019,-47,20,190,18,request:position
5022,-48,20,190,19,mission:start
5516,-47,20,190,20,request:position
6016,-48,20,190,21,heartbeat
6019,-46,20,190,22,request:position
6516,-46,20,190,23,request:position
7016,-48,20,190,24,heartbeat
7019,-45,20,190,25,request:position
7516,-45,20,190,26,request:position
8016,-48,20,190,27,heartbeat
8019,-49,20,190,28,request:position
8516,-49,20,190,29,request:position
9016,-49,20,190,30,heartbeat
9019,-45,20,190,31,request:position
9516,-46,20,190,32,request:position
10016,-48,20,190,33,heartbeat
10019,-49,20,190,34,request:position
10516,-47,20,190,35,request:position
11016,-49,20,190,36,heartbeat
11019,-49,20,190,37,request:position
11516,-48,20,190,38,request:position
12016,-50,20,190,39,heartbeat
12019,-49,20,190,40,request:position
12516,-47,20,190,41,request:position
13016,-47,20,190,42,heartbeat
13019,-48,20,190,43,request:position
13516,-50,20,190,44,request:position
14016,-48,20,190,45,heartbeat
14019,-50,20,190,46,request:position
14516,-50,20,190,47,request:position
15016,-48,20,190,48,heartbeat
15019,-49,20,190,49,request:position
15516,-48,20,190,50,request:position
16016,-46,20,190,51,heartbeat
16019,-50,20,190,52,request:position
16516,-48,20,190,53,request:position
17016,-49,20,190,54,heartbeat
17019,-50,20,190,55,request:position
17516,-47,20,190,56,request:position
18016,-47,20,190,57,heartbeat
18019,-51,20,190,58,request:position
18516,-49,20,190,59,request:position
19016,-48,20,190,60,heartbeat
19019,-51,20,190,61,request:position
19516,-51,20,190,62,request:position
20016,-48,20,190,63,heartbeat
20019,-47,20,190,64,request:position
20516,-49,20,190,65,request:position
21016,-50,20,190,66,heartbeat
21019,-49,20,190,67,request:position
21516,-51,20,190,68,request:position
22016,-49,20,190,69,heartbeat
22019,-48,20,190,70,request:position
22516,-48,20,190,71,request:position
23016,-47,20,190,72,heartbeat
23019,-49,20,190,73,request:position
23516,-50,20,190,74,request:position
24016,-48,20,190,75,heartbeat
24019,-50,20,190,76,request:position
24516,-48,20,190,77,request:position
25016,-51,20,190,78,heartbeat
25019,-49,20,190,79,request:position
25516,-51,20,190,80,request:position
26016,-48,20,190,81,heartbeat
26019,-51,20,190,82,request:position
26516,-51,20,190,83,request:position
27016,-52,20,190,84,heartbeat
27019,-50,20,190,85,request:position
27516,-50,20,190,86,request:position
28016,-51,20,190,87,heartbeat
28019,-51,20,190,88,request:position
28516,-49,20,190,89,request:position
29016,-52,20,190,90,heartbeat
29019,-52,20,190,91,request:position
29516,-52,20,190,92,request:position
30016,-50,20,190,93,heartbeat
30019,-52,20,190,94,request:position
30516,-52,20,190,95,request:position
31016,-49,20,190,96,heartbeat
31019,-52,20,190,97,request:position
31516,-50,20,190,98,request:position
32016,-53,20,190,99,heartbeat
32019,-53,20,190,100,request:position
32516,-51,20,190,101,request:position
33016,-52,20,190,102,heartbeat
33019,-52,20,190,103,request:position
33516,-51,20,190,104,request:position
34016,-53,20,190,105,heartbeat
34019,-50,20,190,106,request:position
34516,-53,20,190,107,request:position
35016,-52,20,190,108,heartbeat
35019,-50,20,190,109,request:position
35516,-50,20,190,110,request:position
36016,-50,20,190,111,heartbeat
36019,-54,20,190,112,request:position
36516,-53,20,190,113,request:position
37016,-51,20,190,114,heartbeat
37019,-52,20,190,115,request:position
37516,-52,20,190,116,request:position
38016,-51,20,190,117,heartbeat
38019,-53,20,190,118,request:position
38516,-50,20,190,119,request:position
39016,-53,20,190,120,heartbeat
39019,-51,20,190,121,request:position
39516,-50,20,190,122,request:position
40016,-50,20,190,123,heartbeat
40019,-53,20,190,124,request:position
40516,-51,20,190,125,request:position
41016,-53,20,190,126,heartbeat
41019,-51,20,190,127,request:position
41516,-54,20,190,128,request:position
42016,-54,20,190,129,heartbeat
42019,-51,20,190,130,request:position
42516,-55,20,190,131,request:position
43016,-54,20,190,132,heartbeat
43019,-54,20,190,133,request:position
43516,-51,20,190,134,request:position
44016,-51,20,190,135,heartbeat
44019,-52,20,190,136,request:position
44516,-55,20,190,137,request:position
45016,-54,20,190,138,heartbeat
45019,-52,20,190,139,request:position
45516,-55,20,190,140,request:position
46016,-53,20,190,141,heartbeat
46019,-55,20,190,142,request:position
46288,-79,20,190,143,cmd:land
46516,-51,20,190,143,request:position
46791,-79,20,190,144,cmd:land
47016,-53,20,190,144,heartbeat
47019,-51,20,190,145,request:position
47516,-53,20,190,146,request:position
48016,-55,20,190,147,heartbeat
48019,-55,20,190,148,request:position
48516,-56,20,190,149,request:position
49016,-54,20,190,150,heartbeat
49019,-54,20,190,151,request:position
49516,-53,20,190,152,request:position
50016,-56,20,190,153,heartbeat
50019,-56,20,190,154,request:position
50516,-55,20,190,155,request:position
51016,-55,20,190,156,heartbeat
51019,-56,20,190,157,request:position
51516,-52,20,190,158,request:position
52016,-54,20,190,159,heartbeat
52019,-52,20,190,160,request:position
52516,-54,20,190,161,request:position
53016,-56,20,190,162,heartbeat
53019,-56,20,190,163,request:position
53516,-52,20,190,164,request:position
54016,-53,20,190,165,heartbeat
54019,-57,20,190,166,request:position
54516,-54,20,190,167,request:position
55016,-55,20,190,168,heartbeat
55019,-57,20,190,169,request:position
55516,-53,20,190,170,request:position
56016,-55,20,190,171,heartbeat
56019,-56,20,190,172,request:position
56516,-57,20,190,173,request:position
57016,-53,20,190,174,heartbeat
57019,-56,20,190,175,request:position
57516,-53,20,190,176,request:position
58016,-57,20,190,177,heartbeat
58019,-54,20,190,178,request:position
58516,-54,20,190,179,request:position
59016,-55,20,190,180,heartbeat
59019,-57,20,190,181,request:position
59516,-55,20,190,182,request:position
60016,-57,20,190,183,heartbeat
60019,-58,20,190,184,request:position
