t_s,px,py,pz,vx,vy,vz,true_px,true_py,true_pz,true_vx,true_vy,true_vz
0.1,0.046,0.260,0.735,0.024,0.044,0.057,0.000,0.000,0.000,0.000,0.000,0.000
0.2,-0.345,-0.389,-0.627,0.117,0.041,0.135,0.000,0.000,0.000,0.000,0.000,0.000
0.3,-0.559,0.079,0.554,-0.031,0.034,0.126,0.000,0.000,0.000,0.000,0.000,0.000
0.4,0.109,0.905,-0.720,0.135,-0.129,0.037,0.000,0.000,0.000,0.000,0.000,0.000
0.5,0.084,0.085,1.004,-0.085,0.023,0.209,0.000,0.000,0.000,0.000,0.000,0.000
0.6,0.219,-0.631,0.273,-0.022,0.145,0.174,0.000,0.000,0.000,0.000,0.000,0.000
0.7,-0.161,0.312,0.220,-0.062,0.185,0.046,0.000,0.000,0.000,0.000,0.000,0.000
0.8,0.156,-0.078,-0.895,0.090,-0.148,0.028,0.000,0.000,0.000,0.000,0.000,0.000
0.9,-0.078,0.162,0.337,0.102,0.077,-0.083,0.000,0.000,0.000,0.000,0.000,0.000
1.0,-0.270,-0.445,0.236,0.002,0.072,0.221,0.000,0.000,0.000,0.000,0.000,0.000
1.1,0.733,0.298,0.209,-0.107,-0.087,0.109,0.000,0.000,0.000,0.000,0.000,0.000
1.2,-1.128,-0.359,0.436,-0.153,0.067,-0.046,0.000,0.000,0.000,0.000,0.000,0.000
1.3,-1.071,0.796,-0.056,-0.112,-0.010,-0.058,0.000,0.000,0.000,0.000,0.000,0.000
1.4,0.816,0.256,-0.893,-0.197,0.130,-0.024,0.000,0.000,0.000,0.000,0.000,0.000
1.5,-0.535,0.109,-0.604,-0.110,-0.054,0.081,0.000,0.000,0.000,0.000,0.000,0.000
1.6,-0.290,0.018,-0.459,-0.039,-0.276,0.028,0.000,0.000,0.000,0.000,0.000,0.000
1.7,-0.478,-0.062,0.414,0.080,0.073,0.064,0.000,0.000,0.000,0.000,0.000,0.000
1.8,-0.449,-0.035,-0.294,-0.158,0.083,-0.191,0.000,0.000,0.000,0.000,0.000,0.000
1.9,0.142,0.021,0.505,0.054,0.048,0.100,0.000,0.000,0.000,0.000,0.000,0.000
2.0,-0.452,0.104,0.172,-0.131,-0.169,0.049,0.000,0.000,-0.000,-0.000,-0.000,-0.000
2.1,0.067,-0.393,-0.106,-0.072,-0.019,-0.110,0.000,-0.000,-0.000,0.000,-0.002,-0.000
2.2,-0.239,0.586,0.131,-0.160,-0.006,0.072,0.000,-0.001,-0.000,0.000,-0.035,-0.000
2.3,0.255,0.611,-0.018,-0.022,-0.017,0.127,0.000,-0.010,-0.000,0.000,-0.143,-0.002
2.4,0.875,0.264,-0.502,0.033,-0.368,-0.209,0.000,-0.033,-0.001,0.000,-0.338,-0.006
2.5,-0.249,0.009,0.998,0.007,-0.770,-0.094,0.000,-0.080,-0.001,0.000,-0.604,-0.009
2.6,1.095,-0.069,-0.115,-0.136,-0.901,0.040,0.000,-0.155,-0.002,0.000,-0.913,-0.011
2.7,0.314,-0.728,-0.510,0.078,-1.135,-0.124,0.000,-0.263,-0.003,-0.000,-1.244,-0.011
2.8,0.275,-0.556,0.260,-0.056,-1.669,-0.079,0.000,-0.404,-0.004,-0.000,-1.582,-0.009
2.9,-0.466,-0.135,-0.690,-0.043,-1.908,0.116,0.000,-0.579,-0.005,-0.000,-1.919,-0.008
3.0,0.341,-0.852,-0.204,0.034,-2.265,0.115,-0.000,-0.788,-0.006,-0.000,-2.252,-0.006
3.1,-0.314,-0.968,-0.598,-0.051,-2.619,0.046,-0.000,-1.029,-0.007,-0.000,-2.575,-0.004
3.2,0.670,-1.242,0.257,0.150,-2.793,-0.097,-0.000,-1.300,-0.007,-0.000,-2.825,0.004
3.3,-0.288,-1.943,-0.851,0.032,-2.886,-0.010,-0.000,-1.589,-0.006,-0.000,-2.912,0.011
3.4,0.314,-1.710,0.376,-0.261,-2.913,0.079,-0.000,-1.877,-0.005,-0.000,-2.825,0.009
3.5,-0.687,-2.581,0.282,-0.047,-2.797,-0.192,-0.000,-2.149,-0.004,-0.000,-2.607,0.002
3.6,-0.298,-2.708,0.240,-0.093,-2.320,0.076,-0.000,-2.396,-0.004,-0.000,-2.309,-0.003
3.7,0.104,-2.742,-1.110,-0.031,-2.004,-0.108,-0.000,-2.610,-0.005,-0.000,-1.971,-0.006
3.8,-0.031,-3.165,0.417,-0.139,-1.605,-0.074,-0.000,-2.789,-0.005,-0.000,-1.617,-0.006
3.9,0.206,-2.970,-0.135,0.055,-1.100,0.111,-0.000,-2.933,-0.006,-0.000,-1.259,-0.006
4.0,0.110,-4.057,-0.214,0.073,-0.867,0.103,-0.000,-3.041,-0.007,-0.000,-0.900,-0.005
4.1,0.934,-3.503,0.175,0.081,-0.528,0.226,-0.000,-3.113,-0.007,-0.000,-0.545,-0.004
4.2,0.166,-3.289,-0.269,-0.075,-0.347,0.040,-0.000,-3.151,-0.007,-0.000,-0.224,0.001
4.3,0.495,-2.442,-0.311,0.163,0.129,-0.011,-0.000,-3.161,-0.007,-0.000,0.017,0.007
4.4,0.250,-2.660,0.169,0.103,0.128,0.061,-0.000,-3.151,-0.006,-0.000,0.167,0.010
4.5,-0.446,-2.709,-0.644,-0.002,0.417,-0.135,-0.000,-3.130,-0.005,-0.000,0.248,0.010
4.6,0.075,-2.864,-0.042,0.070,0.231,-0.008,-0.000,-3.103,-0.004,-0.000,0.287,0.009
4.7,-0.442,-3.697,-0.876,0.073,0.375,-0.099,-0.000,-3.073,-0.003,-0.000,0.305,0.007
4.8,0.411,-2.512,-0.556,-0.056,0.425,0.010,-0.000,-3.042,-0.003,-0.000,0.313,0.006
4.9,0.033,-3.280,-0.101,-0.133,0.402,0.077,-0.000,-3.011,-0.002,-0.000,0.317,0.005
5.0,0.279,-3.890,-0.244,0.071,0.227,-0.087,-0.000,-2.979,-0.002,-0.000,0.318,0.004
5.1,0.145,-3.091,0.256,0.025,0.449,0.100,-0.000,-2.947,-0.001,-0.000,0.319,0.003
5.2,0.314,-3.237,0.170,-0.118,0.511,-0.027,-0.000,-2.915,-0.001,-0.000,0.319,0.002
5.3,0.310,-3.314,-0.723,-0.258,0.170,-0.106,-0.000,-2.883,-0.001,-0.000,0.319,0.002
5.4,0.408,-3.462,0.279,-0.089,0.451,-0.029,-0.000,-2.851,-0.001,-0.000,0.318,0.002
5.5,0.208,-2.193,0.021,-0.014,0.125,-0.075,-0.000,-2.820,-0.001,-0.000,0.318,0.001
5.6,0.614,-2.340,0.001,0.113,0.202,-0.033,-0.000,-2.788,-0.000,-0.000,0.318,0.001
5.7,-0.056,-2.495,-0.222,0.155,0.235,0.031,-0.000,-2.756,-0.000,-0.000,0.317,0.001
5.8,-0.902,-3.926,0.739,-0.056,0.181,-0.018,-0.000,-2.724,-0.000,-0.000,0.317,0.001
5.9,-0.138,-2.828,-1.145,-0.088,0.386,-0.196,-0.000,-2.693,-0.000,-0.000,0.316,0.001
6.0,0.404,-2.374,0.684,-0.034,0.288,0.047,-0.000,-2.661,-0.000,0.000,0.316,0.000
6.1,-0.126,-2.141,-0.444,-0.032,0.310,-0.023,0.000,-2.630,-0.000,0.001,0.315,0.000
6.2,0.169,-3.175,-0.306,0.068,0.371,0.107,0.001,-2.598,-0.000,0.021,0.315,0.000
6.3,0.017,-2.901,-0.501,0.159,0.169,-0.082,0.006,-2.567,-0.000,0.085,0.314,-0.001
6.4,0.237,-2.078,0.025,0.238,0.261,0.042,0.020,-2.535,-0.000,0.202,0.314,-0.002
6.5,0.153,-2.980,-0.615,0.343,0.337,0.130,0.047,-2.504,-0.001,0.359,0.313,-0.003
6.6,0.354,-2.308,0.075,0.300,0.520,0.088,0.092,-2.473,-0.001,0.542,0.312,-0.004
6.7,-0.698,-2.114,-1.223,0.770,0.274,0.062,0.156,-2.442,-0.001,0.736,0.311,-0.004
6.8,1.064,-2.150,-0.353,1.043,0.373,-0.084,0.240,-2.411,-0.002,0.936,0.310,-0.003
6.9,0.876,-2.149,-0.552,0.955,0.326,0.073,0.343,-2.380,-0.002,1.136,0.308,-0.003
7.0,0.266,-2.439,0.125,1.429,0.225,-0.118,0.467,-2.349,-0.002,1.336,0.306,-0.002
7.1,0.349,-2.825,-1.190,1.662,0.166,0.008,0.610,-2.319,-0.002,1.533,0.304,-0.002
7.2,0.273,-2.688,-0.934,1.737,0.279,0.022,0.774,-2.288,-0.003,1.728,0.301,-0.001
7.3,0.776,-1.753,0.425,1.909,0.070,0.063,0.956,-2.258,-0.003,1.919,0.298,-0.001
7.4,1.110,-2.641,0.141,2.296,0.162,0.097,1.157,-2.229,-0.003,2.107,0.295,-0.001
7.5,1.704,-2.564,0.047,2.094,0.472,0.008,1.377,-2.199,-0.003,2.291,0.292,-0.001
7.6,2.321,-2.246,0.163,2.426,0.211,-0.025,1.615,-2.170,-0.003,2.471,0.289,-0.001
7.7,2.006,-2.203,0.329,2.656,0.330,0.147,1.871,-2.142,-0.003,2.647,0.285,-0.000
7.8,1.782,-2.765,-0.522,2.791,0.368,-0.049,2.145,-2.113,-0.003,2.818,0.281,-0.000
7.9,2.342,-2.133,-0.259,3.001,0.208,-0.098,2.435,-2.085,-0.003,2.984,0.277,-0.000
8.0,2.433,-1.577,-0.048,3.076,0.321,-0.004,2.741,-2.058,-0.003,3.145,0.273,-0.000
8.1,2.945,-1.565,0.846,3.251,0.311,0.045,3.064,-2.031,-0.003,3.302,0.268,-0.000
8.2,4.057,-1.111,0.469,3.594,0.173,0.124,3.401,-2.004,-0.003,3.453,0.264,-0.000
8.3,4.486,-1.419,-0.040,3.492,0.169,-0.188,3.754,-1.978,-0.003,3.599,0.259,-0.000
8.4,3.793,-1.738,0.174,3.648,0.277,-0.038,4.121,-1.952,-0.003,3.740,0.255,-0.000
8.5,4.669,-2.250,0.568,3.806,0.342,0.013,4.502,-1.927,-0.003,3.876,0.250,-0.000
8.6,4.893,-1.867,-0.392,4.156,0.381,-0.094,4.896,-1.902,-0.003,4.007,0.245,-0.000
8.7,4.955,-1.938,0.287,4.054,0.230,-0.120,5.303,-1.878,-0.003,4.132,0.240,-0.000
8.8,5.443,-1.638,0.461,4.396,0.225,-0.106,5.722,-1.854,-0.003,4.253,0.235,-0.000
8.9,5.416,-2.142,0.105,4.344,0.366,-0.023,6.153,-1.831,-0.003,4.368,0.230,-0.000
9.0,7.384,-1.850,-0.215,4.396,0.235,0.039,6.596,-1.808,-0.003,4.479,0.225,-0.000
9.1,7.428,-0.490,0.664,4.663,0.085,0.044,7.049,-1.786,-0.003,4.582,0.220,0.000
9.2,7.391,-1.776,0.411,4.647,0.115,0.073,7.511,-1.764,-0.003,4.643,0.215,0.003
9.3,8.717,-1.242,-0.171,4.566,0.150,0.129,7.975,-1.743,-0.003,4.612,0.210,0.005
9.4,7.748,-1.198,0.406,4.415,0.309,-0.038,8.430,-1.722,-0.002,4.481,0.205,0.004
9.5,8.823,-1.856,0.503,4.387,0.130,0.020,8.868,-1.702,-0.002,4.277,0.201,0.001
9.6,9.528,-1.631,-0.149,4.183,0.318,-0.150,9.284,-1.682,-0.002,4.032,0.197,-0.001
9.7,9.596,-1.751,-0.451,3.632,0.311,0.098,9.674,-1.663,-0.002,3.770,0.193,-0.002
9.8,9.184,-2.070,-0.094,3.602,0.192,0.004,10.038,-1.644,-0.002,3.506,0.189,-0.002
9.9,9.212,-2.101,-0.284,3.166,0.295,0.106,10.375,-1.625,-0.002,3.246,0.186,-0.002
10.0,10.311,-1.751,-0.131,2.943,0.079,0.050,10.687,-1.607,-0.003,2.991,0.183,-0.002
10.1,10.686,-0.526,-0.431,2.655,0.289,-0.045,10.974,-1.588,-0.003,2.743,0.181,-0.001
10.2,10.416,-1.908,-0.561,2.525,0.126,-0.040,11.236,-1.570,-0.003,2.500,0.178,-0.001
10.3,11.539,-1.789,-0.536,2.276,0.204,-0.210,11.474,-1.553,-0.003,2.264,0.176,-0.001
10.4,12.798,-2.113,0.538,2.024,0.134,0.060,11.689,-1.535,-0.003,2.032,0.174,-0.001
10.5,12.308,-1.748,0.714,1.724,0.129,-0.052,11.881,-1.518,-0.003,1.805,0.173,-0.001
10.6,12.681,-1.559,-0.244,1.501,0.192,-0.018,12.050,-1.501,-0.003,1.582,0.171,-0.000
10.7,13.075,-1.929,0.077,1.428,0.268,0.061,12.197,-1.484,-0.003,1.363,0.170,-0.000
10.8,11.865,-0.920,0.201,1.120,0.118,0.097,12.323,-1.467,-0.003,1.147,0.169,-0.000
10.9,13.206,-0.716,-0.859,0.860,0.143,-0.037,12.427,-1.450,-0.003,0.933,0.168,-0.000
11.0,12.495,-0.611,0.576,0.716,0.045,-0.005,12.509,-1.433,-0.003,0.721,0.167,-0.000
11.1,12.608,-0.519,0.033,0.487,0.147,0.005,12.571,-1.416,-0.003,0.511,0.167,-0.000
11.2,12.971,-1.663,0.307,0.291,0.217,0.001,12.612,-1.400,-0.003,0.322,0.166,0.001
11.3,12.549,-1.687,0.368,0.145,0.273,-0.075,12.637,-1.383,-0.003,0.179,0.166,0.003
11.4,13.096,-1.016,-0.044,0.168,0.142,0.020,12.650,-1.367,-0.003,0.090,0.166,0.004
11.5,12.291,-1.748,-0.805,0.072,0.362,0.029,12.656,-1.350,-0.002,0.041,0.166,0.004
11.6,13.228,-0.950,-0.322,-0.091,0.194,-0.129,12.659,-1.333,-0.002,0.017,0.166,0.004
11.7,12.852,-1.491,0.194,0.020,0.096,-0.069,12.660,-1.317,-0.001,0.006,0.165,0.003
11.8,12.359,-2.015,0.172,-0.111,0.160,-0.129,12.661,-1.300,-0.001,0.001,0.165,0.002
11.9,12.607,-1.522,0.772,0.132,0.233,-0.178,12.660,-1.284,-0.001,-0.002,0.165,0.002
12.0,12.253,-1.304,0.583,0.051,0.352,0.230,12.660,-1.267,-0.001,-0.003,0.165,0.002
12.1,12.477,-1.055,-0.085,-0.080,0.303,0.207,12.660,-1.251,-0.001,-0.003,0.165,0.001
12.2,12.777,-1.732,0.967,-0.182,0.284,-0.144,12.660,-1.234,-0.000,-0.004,0.165,0.001
12.3,11.802,-0.758,0.298,0.143,0.258,0.035,12.659,-1.218,-0.000,-0.004,0.165,0.001
12.4,12.698,-1.292,0.128,-0.242,-0.222,-0.093,12.659,-1.201,-0.000,-0.004,0.164,0.001
12.5,13.290,-1.592,0.126,-0.121,0.102,0.064,12.658,-1.185,-0.000,-0.004,0.164,0.001
12.6,12.758,-0.671,0.445,0.083,0.239,0.138,12.658,-1.169,-0.000,-0.004,0.164,0.000
12.7,12.414,-1.128,-0.723,0.262,0.203,0.175,12.658,-1.152,-0.000,-0.004,0.164,0.000
12.8,12.228,-0.616,0.072,0.025,0.204,-0.033,12.657,-1.136,-0.000,-0.004,0.164,0.000
12.9,13.087,-0.906,-0.637,0.009,0.261,-0.103,12.657,-1.119,-0.000,-0.004,0.164,0.000
13.0,12.963,-1.913,-0.555,0.068,0.016,0.028,12.656,-1.103,-0.000,-0.004,0.164,0.000
13.1,13.332,-1.157,-0.443,-0.024,0.070,0.000,12.656,-1.087,-0.000,-0.004,0.164,-0.001
13.2,12.982,-0.911,1.303,0.180,0.133,-0.031,12.655,-1.070,-0.000,-0.004,0.163,-0.001
13.3,12.458,-0.926,-0.562,0.060,0.212,-0.018,12.655,-1.054,-0.000,-0.004,0.163,-0.001
13.4,12.894,-1.338,0.327,-0.108,0.216,-0.132,12.655,-1.038,-0.000,-0.004,0.163,-0.001
13.5,12.832,-1.428,0.395,0.085,0.127,-0.213,12.654,-1.021,-0.001,-0.004,0.163,-0.001
13.6,12.708,-1.542,-0.139,-0.076,0.308,0.027,12.654,-1.005,-0.001,-0.004,0.163,-0.001
13.7,12.983,-1.267,-0.176,0.174,0.141,-0.019,12.653,-0.989,-0.001,-0.004,0.163,-0.001
13.8,12.358,-0.322,0.058,0.064,0.145,0.078,12.653,-0.972,-0.001,-0.004,0.163,-0.000
13.9,13.310,-2.170,0.087,0.137,0.294,-0.018,12.652,-0.956,-0.001,-0.004,0.162,-0.000
14.0,13.056,-0.914,0.312,-0.031,0.110,-0.030,12.652,-0.940,-0.001,-0.004,0.162,-0.000
14.1,12.405,-0.586,0.214,-0.142,0.207,-0.034,12.652,-0.924,-0.001,-0.004,0.162,-0.000
14.2,13.049,-0.767,-0.480,-0.107,0.176,0.030,12.651,-0.908,-0.001,-0.004,0.162,-0.000
14.3,12.909,-0.514,0.447,-0.007,0.008,0.134,12.651,-0.891,-0.001,-0.004,0.162,-0.000
14.4,11.290,-0.465,-0.413,0.040,0.407,0.077,12.650,-0.875,-0.001,-0.004,0.162,-0.000
14.5,12.756,-0.541,-0.298,-0.014,0.191,0.075,12.650,-0.859,-0.001,-0.004,0.162,-0.000
14.6,11.954,-1.655,-0.036,0.155,0.132,-0.021,12.650,-0.843,-0.001,-0.004,0.162,-0.000
14.7,12.832,-0.967,0.752,0.034,0.177,-0.046,12.649,-0.827,-0.001,-0.004,0.161,-0.000
14.8,12.629,-1.878,0.706,0.018,0.129,-0.156,12.649,-0.811,-0.001,-0.004,0.161,-0.000
14.9,12.806,-1.009,0.343,0.111,0.251,0.010,12.648,-0.794,-0.001,-0.004,0.161,-0.000
15.0,12.072,-0.712,-0.305,-0.085,0.209,-0.018,12.648,-0.778,-0.001,-0.004,0.161,-0.000
15.1,12.731,-0.199,0.042,0.141,0.195,-0.137,12.648,-0.762,-0.001,-0.004,0.161,-0.001
15.2,11.813,-0.990,0.227,0.205,0.221,0.055,12.647,-0.746,-0.001,-0.004,0.161,-0.001
15.3,13.010,-0.761,0.150,-0.049,0.223,-0.044,12.647,-0.730,-0.001,-0.004,0.161,-0.001
15.4,12.819,-0.408,-0.067,-0.053,0.254,0.042,12.646,-0.714,-0.001,-0.004,0.161,-0.001
15.5,12.163,-1.270,0.052,-0.015,0.089,-0.050,12.646,-0.698,-0.001,-0.004,0.160,-0.001
15.6,11.811,-0.570,0.888,-0.018,0.153,0.094,12.645,-0.682,-0.002,-0.004,0.160,-0.001
15.7,12.021,-1.260,-0.659,-0.095,0.173,0.091,12.645,-0.666,-0.002,-0.004,0.160,-0.001
15.8,13.123,-0.576,0.052,-0.102,0.111,-0.024,12.645,-0.650,-0.002,-0.004,0.160,-0.001
15.9,12.852,-0.388,-0.124,-0.125,0.056,-0.015,12.644,-0.634,-0.002,-0.004,0.160,-0.000
16.0,12.468,-0.402,-0.350,-0.007,0.140,0.019,12.644,-0.618,-0.002,-0.004,0.160,-0.000
16.1,12.171,-0.460,0.918,-0.052,0.151,-0.046,12.643,-0.602,-0.002,-0.004,0.160,-0.000
16.2,12.281,-1.188,-1.167,-0.013,0.082,0.062,12.643,-0.586,-0.002,-0.004,0.159,-0.000
16.3,11.515,-0.641,0.231,0.077,0.102,-0.025,12.643,-0.570,-0.002,-0.004,0.159,-0.000
16.4,12.361,-0.124,0.290,0.000,0.107,0.020,12.642,-0.554,-0.002,-0.004,0.159,-0.000
16.5,12.691,-0.495,-0.336,-0.000,0.192,0.103,12.642,-0.538,-0.002,-0.004,0.159,-0.000
16.6,12.981,-0.325,0.590,0.106,0.164,-0.070,12.641,-0.522,-0.002,-0.004,0.159,-0.000
16.7,12.481,-0.419,0.318,-0.121,0.157,0.042,12.641,-0.506,-0.002,-0.004,0.159,-0.000
16.8,11.924,-0.345,-0.559,0.069,0.031,0.066,12.641,-0.491,-0.002,-0.004,0.159,-0.000
16.9,11.958,-0.402,-0.507,0.002,0.175,-0.018,12.640,-0.475,-0.002,-0.004,0.159,-0.000
17.0,12.225,-0.433,-0.467,-0.087,0.085,-0.009,12.640,-0.459,-0.002,-0.004,0.158,-0.000
17.1,12.627,-0.654,-0.087,-0.107,0.149,0.009,12.639,-0.443,-0.002,-0.002,0.159,-0.000
17.2,12.482,0.023,0.839,0.211,0.027,0.150,12.640,-0.426,-0.002,0.022,0.176,-0.000
17.3,12.353,0.038,-0.430,0.144,0.106,-0.091,12.646,-0.407,-0.002,0.103,0.229,-0.002
17.4,13.058,-1.289,-0.285,0.387,0.301,0.007,12.663,-0.379,-0.002,0.249,0.327,-0.005
17.5,13.155,-0.649,-0.179,0.385,0.383,-0.114,12.697,-0.340,-0.003,0.447,0.459,-0.008
17.6,13.001,0.169,0.146,0.640,0.493,0.074,12.753,-0.287,-0.004,0.677,0.612,-0.009
17.7,13.386,-0.336,0.499,0.789,0.814,-0.138,12.833,-0.217,-0.005,0.922,0.776,-0.008
17.8,13.164,-0.819,0.236,1.257,0.834,0.120,12.938,-0.131,-0.005,1.172,0.944,-0.007
17.9,12.954,-0.424,0.199,1.460,1.110,0.152,13.068,-0.028,-0.006,1.422,1.113,-0.006
18.0,13.605,-0.449,0.339,1.782,1.395,-0.028,13.222,0.091,-0.007,1.668,1.279,-0.005
18.1,13.948,-0.052,0.054,2.019,1.571,-0.078,13.401,0.227,-0.007,1.910,1.442,-0.004
18.2,13.736,-0.397,0.230,2.151,1.699,0.027,13.604,0.380,-0.008,2.147,1.602,-0.003
18.3,13.609,0.325,-0.067,2.437,1.806,0.032,13.830,0.548,-0.008,2.378,1.757,-0.003
18.4,14.642,1.451,0.529,2.626,2.037,-0.138,14.079,0.731,-0.008,2.602,1.908,-0.002
18.5,15.258,1.333,0.180,2.790,2.080,0.161,14.350,0.929,-0.008,2.819,2.054,-0.002
18.6,15.058,1.226,0.183,2.948,2.122,0.130,14.643,1.142,-0.008,3.029,2.195,-0.001
18.7,14.748,1.865,0.198,3.262,2.240,-0.078,14.956,1.368,-0.009,3.232,2.330,-0.001
18.8,15.590,1.232,0.274,3.430,2.478,-0.047,15.289,1.607,-0.009,3.426,2.460,-0.001
18.9,15.725,1.891,-0.174,3.554,2.597,-0.112,15.641,1.860,-0.009,3.613,2.585,-0.001
19.0,14.667,2.222,-0.657,3.930,2.905,-0.009,16.011,2.124,-0.009,3.791,2.704,-0.001
19.1,15.544,3.382,0.345,3.938,2.822,0.121,16.399,2.400,-0.009,3.960,2.816,-0.000
19.2,17.189,2.023,0.085,4.081,2.955,-0.115,16.802,2.687,-0.009,4.097,2.907,0.003
19.3,17.593,2.145,0.023,4.088,3.087,-0.029,17.216,2.980,-0.008,4.169,2.955,0.007
19.4,17.678,3.856,-0.326,4.064,2.938,-0.054,17.634,3.276,-0.007,4.173,2.955,0.009
19.5,18.543,3.384,-0.094,4.036,2.752,0.110,18.049,3.570,-0.006,4.127,2.922,0.009
19.6,19.115,4.231,-0.199,4.181,3.071,-0.116,18.458,3.860,-0.006,4.054,2.870,0.007
19.7,18.744,4.035,0.176,3.931,2.671,0.030,18.860,4.144,-0.005,3.969,2.809,0.006
19.8,19.713,4.844,-0.360,3.741,2.704,0.165,19.252,4.422,-0.004,3.881,2.747,0.005
19.9,19.548,4.114,-0.049,3.927,2.703,-0.072,19.636,4.693,-0.004,3.794,2.685,0.004
20.0,20.308,5.290,-0.329,3.792,2.783,-0.336,20.011,4.959,-0.004,3.710,2.625,0.003
20.1,19.853,4.688,-0.383,3.632,2.382,0.052,20.378,5.218,-0.003,3.628,2.567,0.002
20.2,21.308,5.351,-0.892,3.426,2.403,0.010,20.737,5.472,-0.003,3.550,2.512,0.002
20.3,21.455,5.257,0.754,3.330,2.572,0.152,21.088,5.721,-0.003,3.474,2.458,0.001
20.4,20.912,4.785,1.092,3.316,2.534,-0.048,21.432,5.964,-0.003,3.402,2.407,0.001
20.5,22.450,5.755,0.537,3.441,2.269,-0.084,21.768,6.202,-0.003,3.333,2.358,0.001
20.6,21.613,5.818,0.069,3.316,2.136,0.149,22.098,6.436,-0.003,3.266,2.311,0.001
20.7,22.779,6.218,-0.427,3.020,2.401,-0.019,22.422,6.664,-0.003,3.202,2.266,0.001
20.8,22.949,7.716,0.759,3.019,2.089,0.036,22.739,6.889,-0.003,3.140,2.222,0.000
20.9,22.571,6.604,-0.130,2.857,2.091,-0.156,23.050,7.109,-0.003,3.081,2.180,0.000
21.0,21.031,8.420,0.509,3.030,2.055,-0.081,23.355,7.325,-0.003,3.024,2.140,0.000
21.1,23.647,7.732,0.107,2.864,1.963,0.164,23.655,7.537,-0.002,2.969,2.101,0.000
21.2,23.789,7.046,-0.150,2.716,2.091,-0.033,23.949,7.745,-0.002,2.916,2.063,0.000
21.3,23.719,7.647,-1.491,2.809,1.915,-0.011,24.238,7.949,-0.002,2.865,2.027,0.000
21.4,24.575,8.224,-0.436,3.055,2.069,0.113,24.522,8.150,-0.002,2.815,1.992,0.000
21.5,24.374,8.441,0.875,2.687,1.740,0.155,24.801,8.348,-0.002,2.768,1.958,0.000
21.6,24.401,8.538,0.142,2.677,1.963,-0.053,25.076,8.542,-0.002,2.722,1.926,0.000
21.7,25.480,9.103,-0.270,2.809,1.771,0.002,25.345,8.733,-0.002,2.677,1.894,0.000
21.8,25.664,8.591,0.257,2.570,1.827,0.067,25.611,8.921,-0.002,2.634,1.864,0.000
21.9,26.312,9.225,0.143,2.715,1.933,0.079,25.872,9.106,-0.002,2.592,1.834,0.000
22.0,26.159,8.833,0.128,2.503,1.807,0.129,26.129,9.288,-0.002,2.551,1.805,0.000
22.1,26.340,9.293,-0.805,2.439,1.774,0.056,26.383,9.467,-0.002,2.512,1.778,0.000
22.2,25.979,9.750,0.483,2.612,1.637,-0.022,26.632,9.643,-0.002,2.474,1.751,0.000
22.3,26.831,10.312,-0.391,2.611,1.677,0.096,26.877,9.817,-0.002,2.437,1.724,0.000
22.4,27.731,9.241,0.438,2.373,1.520,0.041,27.119,9.988,-0.002,2.401,1.699,0.000
22.5,27.913,10.331,-0.875,2.289,1.724,0.041,27.358,10.157,-0.002,2.367,1.674,0.000
22.6,27.632,10.137,0.362,2.241,1.660,0.030,27.593,10.323,-0.002,2.333,1.651,0.000
22.7,27.795,10.336,-0.218,2.285,1.587,-0.043,27.824,10.487,-0.002,2.300,1.627,0.000
22.8,27.493,11.018,-0.566,2.142,1.539,0.161,28.053,10.649,-0.002,2.268,1.605,0.000
22.9,27.822,10.827,-0.648,2.187,1.450,0.170,28.278,10.808,-0.002,2.237,1.583,0.000
23.0,28.897,10.919,0.272,2.155,1.425,-0.006,28.500,10.965,-0.002,2.207,1.561,0.000
23.1,28.378,11.567,-0.061,2.128,1.512,0.021,28.719,11.120,-0.002,2.177,1.540,0.000
23.2,29.145,10.915,0.293,2.216,1.412,0.062,28.936,11.273,-0.002,2.149,1.520,0.000
23.3,29.175,12.276,-0.059,2.002,1.499,0.091,29.149,11.424,-0.002,2.121,1.500,0.000
23.4,29.553,11.536,-0.046,2.049,1.460,-0.178,29.360,11.573,-0.002,2.093,1.481,0.000
23.5,29.044,12.560,0.112,2.014,1.289,0.036,29.568,11.721,-0.002,2.067,1.462,0.000
23.6,29.952,11.063,0.070,2.030,1.316,0.077,29.773,11.866,-0.002,2.041,1.444,0.000
23.7,30.540,11.229,0.233,2.146,1.466,-0.182,29.976,12.009,-0.002,2.016,1.426,0.000
23.8,30.050,12.171,0.423,2.127,1.578,0.108,30.176,12.151,-0.002,1.991,1.409,0.000
23.9,30.089,12.526,-0.860,2.021,1.239,-0.163,30.374,12.291,-0.002,1.967,1.392,0.000
24.0,30.630,11.785,0.147,1.916,1.300,0.087,30.570,12.430,-0.002,1.944,1.375,0.000
24.1,30.979,12.873,0.002,2.107,1.327,-0.006,30.763,12.566,-0.002,1.921,1.359,0.000
24.2,31.004,13.046,0.119,1.924,1.364,-0.098,30.954,12.701,-0.002,1.899,1.343,0.000
24.3,31.379,13.751,0.098,2.093,1.579,-0.022,31.143,12.835,-0.002,1.877,1.328,0.000
24.4,31.072,13.099,0.351,1.973,1.408,0.007,31.329,12.967,-0.002,1.856,1.313,0.000
24.5,31.521,12.750,0.770,1.777,1.256,0.058,31.514,13.098,-0.002,1.835,1.298,0.000
24.6,31.871,13.171,0.013,1.819,1.342,-0.071,31.696,13.227,-0.002,1.814,1.284,0.000
24.7,31.989,12.490,-0.626,1.842,1.315,0.131,31.877,13.354,-0.002,1.794,1.270,0.000
24.8,32.374,12.991,-0.682,1.783,1.127,-0.178,32.055,13.481,-0.002,1.775,1.256,0.000
24.9,32.329,14.166,-0.855,1.793,1.292,-0.097,32.232,13.606,-0.002,1.756,1.242,0.000
25.0,32.520,13.448,-0.698,1.728,1.321,0.070,32.406,13.729,-0.002,1.737,1.229,0.000
