t_s,z_m,truth_p_m,truth_v_mps
0.10,-0.0629,-0.0015,-0.0309
0.20,0.1248,-0.0017,0.0277
0.30,-0.1383,0.0011,0.0279
0.40,0.0305,0.0080,0.1106
0.50,0.0705,0.0212,0.1538
0.60,0.1696,0.0367,0.1562
0.70,0.1599,0.0469,0.0467
0.80,0.0694,0.0514,0.0441
0.90,0.1089,0.0568,0.0647
1.00,0.1225,0.0611,0.0205
1.10,0.1075,0.0635,0.0266
1.20,-0.1080,0.0660,0.0248
1.30,0.2278,0.0644,-0.0582
1.40,0.2652,0.0591,-0.0470
1.50,0.0215,0.0531,-0.0734
1.60,0.1068,0.0453,-0.0816
1.70,-0.1110,0.0359,-0.1070
1.80,-0.1945,0.0287,-0.0378
1.90,0.1619,0.0270,0.0054
2.00,0.0894,0.0308,0.0692
2.10,0.0246,0.0395,0.1063
2.20,-0.1280,0.0520,0.1431
2.30,0.1175,0.0686,0.1889
2.40,0.2202,0.0857,0.1535
2.50,0.3007,0.1015,0.1625
2.60,0.2743,0.1184,0.1752
2.70,0.2521,0.1367,0.1897
2.80,0.2508,0.1586,0.2495
2.90,0.0625,0.1836,0.2493
3.00,0.1724,0.2117,0.3131
3.10,0.3538,0.2411,0.2751
3.20,0.1357,0.2717,0.3367
3.30,0.2841,0.3095,0.4201
3.40,0.3023,0.3527,0.4428
3.50,0.4902,0.3955,0.4137
3.60,0.4966,0.4366,0.4083
3.70,0.4796,0.4785,0.4309
3.80,0.5421,0.5190,0.3791
3.90,0.5748,0.5587,0.4133
4.00,0.5119,0.6032,0.4776
4.10,0.4775,0.6494,0.4457
4.20,0.6492,0.6952,0.4712
4.30,0.8075,0.7404,0.4328
4.40,0.7033,0.7813,0.3841
4.50,0.8389,0.8203,0.3965
4.60,0.7193,0.8605,0.4062
4.70,0.8439,0.9017,0.4183
4.80,0.9604,0.9446,0.4404
4.90,0.8496,0.9884,0.4354
5.00,1.0677,1.0286,0.3685
5.10,1.0985,1.0650,0.3591
5.20,1.0600,1.1024,0.3889
5.30,1.1564,1.1425,0.4131
5.40,1.2690,1.1805,0.3475
5.50,1.2360,1.2169,0.3796
5.60,1.3979,1.2564,0.4121
5.70,1.1105,1.3008,0.4749
5.80,1.3830,1.3486,0.4810
5.90,1.3787,1.3977,0.5019
6.00,1.4985,1.4465,0.4735
6.10,1.4904,1.4914,0.4243
6.20,1.5756,1.5338,0.4237
6.30,1.6109,1.5748,0.3962
6.40,1.5464,1.6144,0.3963
6.50,1.5550,1.6510,0.3351
6.60,1.7186,1.6860,0.3659
6.70,1.6571,1.7182,0.2775
6.80,1.8803,1.7441,0.2399
6.90,1.7475,1.7719,0.3176
7.00,1.9495,1.8013,0.2695
7.10,1.6967,1.8268,0.2397
7.20,1.9241,1.8503,0.2319
7.30,1.7524,1.8739,0.2399
7.40,2.0437,1.8923,0.1268
7.50,2.0642,1.9015,0.0578
7.60,1.8303,1.9086,0.0846
7.70,1.9260,1.9166,0.0750
7.80,1.8563,1.9257,0.1075
7.90,1.9082,1.9356,0.0908
8.00,2.0435,1.9459,0.1144
8.10,1.8866,1.9533,0.0332
8.20,1.9412,1.9561,0.0233
8.30,2.0215,1.9558,-0.0290
8.40,2.0855,1.9514,-0.0600
8.50,1.8188,1.9474,-0.0189
8.60,2.0739,1.9464,-0.0012
8.70,1.8092,1.9439,-0.0500
8.80,2.0293,1.9391,-0.0443
8.90,2.0692,1.9357,-0.0244
9.00,1.9009,1.9370,0.0503
9.10,1.7522,1.9431,0.0715
9.20,2.0626,1.9500,0.0674
9.30,1.8470,1.9538,0.0086
9.40,1.9707,1.9527,-0.0321
9.50,2.1641,1.9465,-0.0915
9.60,1.8703,1.9326,-0.1858
9.70,1.9200,1.9155,-0.1574
9.80,1.8692,1.9004,-0.1442
9.90,1.8695,1.8848,-0.1671
10.00,1.8482,1.8666,-0.1967
10.10,1.9431,1.8462,-0.2111
10.20,1.7028,1.8279,-0.1552
10.30,1.7427,1.8152,-0.0996
10.40,1.7965,1.8072,-0.0604
10.50,1.7429,1.8004,-0.0747
10.60,1.7197,1.7938,-0.0581
10.70,1.8790,1.7863,-0.0926
10.80,1.8784,1.7788,-0.0562
10.90,1.5343,1.7754,-0.0129
11.00,1.6972,1.7778,0.0622
11.10,1.8810,1.7852,0.0861
11.20,1.7964,1.7946,0.1022
11.30,1.8187,1.8017,0.0388
11.40,1.6514,1.8076,0.0792
11.50,1.9389,1.8168,0.1057
11.60,1.7473,1.8307,0.1722
11.70,1.7575,1.8525,0.2623
11.80,1.6835,1.8774,0.2359
11.90,1.8098,1.9001,0.2181
12.00,1.9420,1.9236,0.2528
12.10,1.9834,1.9497,0.2691
12.20,2.0207,1.9737,0.2102
12.30,1.8832,1.9996,0.3079
12.40,2.0316,2.0307,0.3143
12.50,2.0130,2.0628,0.3279
12.60,2.0177,2.0924,0.2637
12.70,1.9729,2.1189,0.2657
12.80,2.0830,2.1488,0.3329
12.90,2.2176,2.1824,0.3388
13.00,2.1811,2.2182,0.3777
13.10,2.3470,2.2491,0.2407
13.20,2.2970,2.2666,0.1092
13.30,2.3209,2.2781,0.1202
13.40,2.3421,2.2941,0.1997
13.50,2.2604,2.3203,0.3240
13.60,2.2910,2.3508,0.2863
13.70,2.3111,2.3765,0.2280
13.80,2.4813,2.3996,0.2343
13.90,2.4225,2.4231,0.2361
14.00,2.4120,2.4459,0.2186
14.10,2.2666,2.4665,0.1938
14.20,2.4913,2.4817,0.1105
14.30,2.3998,2.4914,0.0844
14.40,2.2625,2.5010,0.1068
14.50,2.5964,2.5102,0.0773
14.60,2.5961,2.5170,0.0585
14.70,2.5783,2.5174,-0.0509
14.80,2.4704,2.5122,-0.0519
14.90,2.5405,2.5051,-0.0914
15.00,2.3082,2.4934,-0.1410
15.10,2.4794,2.4809,-0.1099
15.20,2.4391,2.4704,-0.1008
15.30,2.4986,2.4579,-0.1477
15.40,2.3776,2.4433,-0.1443
15.50,2.5113,2.4386,0.0499
15.60,2.4974,2.4443,0.0647
15.70,2.3887,2.4504,0.0572
15.80,2.4886,2.4560,0.0548
15.90,2.4147,2.4648,0.1211
16.00,2.4596,2.4766,0.1138
16.10,2.4379,2.4895,0.1438
16.20,2.6389,2.5041,0.1501
16.30,2.5621,2.5152,0.0717
16.40,2.4811,2.5259,0.1418
16.50,2.3907,2.5386,0.1126
16.60,2.6021,2.5515,0.1445
16.70,2.4840,2.5669,0.1633
16.80,2.7494,2.5780,0.0583
16.90,2.4552,2.5846,0.0740
17.00,2.5849,2.5947,0.1286
17.10,2.6438,2.6054,0.0864
17.20,2.5471,2.6161,0.1261
17.30,2.7545,2.6280,0.1130
17.40,2.7445,2.6403,0.1333
17.50,2.6407,2.6517,0.0929
17.60,2.7318,2.6610,0.0934
17.70,2.6031,2.6713,0.1126
17.80,2.6412,2.6836,0.1331
17.90,2.6655,2.6949,0.0938
18.00,2.8307,2.7032,0.0725
18.10,2.8636,2.7147,0.1578
18.20,2.9042,2.7268,0.0839
18.30,2.8352,2.7344,0.0678
18.40,2.7005,2.7401,0.0457
18.50,2.8961,2.7456,0.0644
18.60,2.6487,2.7526,0.0760
18.70,2.7927,2.7563,-0.0027
18.80,2.7858,2.7554,-0.0149
18.90,2.7128,2.7536,-0.0198
19.00,2.8952,2.7537,0.0217
19.10,2.8121,2.7544,-0.0084
19.20,2.7398,2.7503,-0.0745
19.30,2.6454,2.7448,-0.0346
19.40,2.7616,2.7425,-0.0117
19.50,2.8344,2.7423,0.0070
19.60,2.6376,2.7421,-0.0098
19.70,2.6753,2.7445,0.0581
19.80,2.7554,2.7516,0.0839
19.90,2.7413,2.7623,0.1295
20.00,2.7373,2.7717,0.0589
20.10,2.8317,2.7786,0.0795
20.20,2.8357,2.7843,0.0335
20.30,2.7987,2.7887,0.0555
20.40,2.8409,2.7983,0.1359
20.50,2.9442,2.8137,0.1716
20.60,2.7265,2.8316,0.1867
20.70,2.9291,2.8517,0.2146
20.80,2.8927,2.8700,0.1512
20.90,2.7614,2.8805,0.0596
21.00,3.0314,2.8857,0.0455
21.10,2.9020,2.8901,0.0408
21.20,2.8961,2.8954,0.0659
21.30,2.9378,2.8995,0.0158
21.40,2.9316,2.9027,0.0484
21.50,2.9846,2.9065,0.0271
21.60,2.8062,2.9083,0.0095
21.70,2.8471,2.9107,0.0383
21.80,3.0582,2.9150,0.0492
21.90,2.9398,2.9234,0.1182
22.00,2.9969,2.9340,0.0924
22.10,2.7282,2.9452,0.1328
22.20,2.9102,2.9614,0.1919
22.30,3.0419,2.9758,0.0951
22.40,3.0293,2.9850,0.0884
22.50,2.8804,2.9923,0.0588
22.60,3.0296,2.9992,0.0787
22.70,3.0819,3.0066,0.0694
22.80,3.0025,3.0167,0.1317
22.90,3.0207,3.0343,0.2217
23.00,2.8952,3.0576,0.2442
23.10,3.0045,3.0806,0.2149
23.20,3.1959,3.1032,0.2371
23.30,3.0482,3.1277,0.2534
23.40,2.9751,3.1549,0.2903
23.50,3.3302,3.1836,0.2846
23.60,3.2774,3.2137,0.3163
23.70,3.2429,3.2429,0.2672
23.80,3.1875,3.2681,0.2379
23.90,3.1201,3.2909,0.2175
24.00,3.2968,3.3045,0.0538
24.10,3.3566,3.3118,0.0927
24.20,3.2307,3.3213,0.0974
24.30,3.3463,3.3315,0.1073
24.40,3.3859,3.3439,0.1411
24.50,3.3253,3.3558,0.0954
24.60,3.3019,3.3632,0.0527
24.70,3.2474,3.3698,0.0796
24.80,3.3976,3.3784,0.0931
24.90,3.3843,3.3931,0.2008
25.00,3.4097,3.4155,0.2465
25.10,3.5399,3.4415,0.2738
25.20,3.4426,3.4690,0.2761
25.30,3.4302,3.4949,0.2422
25.40,3.4375,3.5213,0.2861
25.50,3.5868,3.5534,0.3554
25.60,3.4538,3.5906,0.3894
25.70,3.6497,3.6331,0.4608
25.80,3.4257,3.6792,0.4607
25.90,3.7384,3.7240,0.4345
26.00,3.7303,3.7642,0.3705
26.10,3.7118,3.8004,0.3539
26.20,3.7391,3.8382,0.4007
26.30,3.6855,3.8802,0.4395
26.40,3.9093,3.9229,0.4149
26.50,4.0450,3.9661,0.4497
26.60,4.1042,4.0116,0.4602
26.70,4.0849,4.0549,0.4051
26.80,4.0051,4.0920,0.3381
26.90,4.2516,4.1257,0.3353
27.00,4.2365,4.1591,0.3324
27.10,4.4382,4.1951,0.3872
27.20,4.0360,4.2310,0.3321
27.30,4.3211,4.2596,0.2400
27.40,4.0719,4.2902,0.3717
27.50,4.4345,4.3299,0.4224
27.60,4.2809,4.3749,0.4764
27.70,4.4440,4.4288,0.6025
27.80,4.5853,4.4856,0.5323
27.90,4.6567,4.5359,0.4750
28.00,4.7256,4.5826,0.4584
28.10,4.7268,4.6284,0.4576
28.20,4.6316,4.6687,0.3487
28.30,4.7929,4.7054,0.3844
28.40,4.7028,4.7430,0.3676
28.50,4.7676,4.7797,0.3664
28.60,5.0348,4.8152,0.3439
28.70,4.8077,4.8478,0.3087
28.80,4.8222,4.8772,0.2782
28.90,4.8990,4.9075,0.3294
29.00,4.8970,4.9431,0.3821
29.10,4.9613,4.9816,0.3877
29.20,5.1520,5.0248,0.4762
29.30,4.9327,5.0685,0.3974
29.40,5.1350,5.1125,0.4823
29.50,5.0893,5.1605,0.4782
29.60,5.2090,5.2084,0.4807
29.70,5.2208,5.2561,0.4719
29.80,5.2802,5.3018,0.4424
29.90,5.1501,5.3493,0.5075
30.00,5.4343,5.3980,0.4678
