t_s,ax,ay,az,gx,gy,gz
0.00,-0.010,-0.080,9.880,0.36,-0.18,-0.06
0.01,0.065,-0.045,9.915,0.06,-0.12,0.12
0.02,0.045,-0.060,9.880,0.18,-0.06,0.06
0.03,0.045,-0.040,9.895,0.36,-0.12,-0.06
0.04,0.090,-0.010,9.875,0.24,0.06,0.00
0.05,0.090,-0.025,9.870,0.18,-0.12,0.18
0.06,0.070,-0.045,9.925,0.42,-0.12,0.00
0.07,0.015,-0.065,9.880,0.30,-0.18,0.00
0.08,-0.020,-0.040,9.915,0.18,-0.18,0.24
0.09,0.040,-0.005,9.895,0.18,-0.18,-0.06
0.10,0.010,-0.030,9.915,0.30,-0.12,-0.06
0.11,0.090,-0.015,9.915,0.30,-0.12,0.00
0.12,0.070,-0.040,9.855,0.24,-0.18,0.06
0.13,0.045,-0.020,9.845,0.36,-0.18,0.00
0.14,0.030,-0.025,9.915,0.30,0.06,0.00
0.15,0.105,0.000,9.945,0.30,-0.12,0.12
0.16,0.045,-0.015,9.860,0.30,-0.18,0.06
0.17,0.060,-0.075,9.830,0.42,-0.18,-0.06
0.18,0.045,-0.035,9.885,0.24,-0.18,0.06
0.19,0.050,-0.085,9.875,0.24,-0.12,0.24
0.20,0.025,-0.045,9.910,0.42,-0.30,0.12
0.21,0.020,-0.050,9.850,0.18,-0.24,0.06
0.22,0.060,0.005,9.905,0.30,-0.06,0.00
0.23,0.085,-0.030,9.880,0.30,-0.12,0.12
0.24,0.010,-0.060,9.835,0.42,-0.12,0.06
0.25,0.035,-0.055,9.875,0.42,-0.06,-0.06
0.26,0.060,-0.085,9.840,0.18,-0.36,0.06
0.27,0.025,-0.060,9.890,0.24,0.00,0.06
0.28,0.050,-0.050,9.905,0.24,-0.12,0.12
0.29,0.060,0.010,9.920,0.24,-0.12,0.06
0.30,0.060,-0.020,9.910,0.42,-0.18,0.06
0.31,0.035,-0.065,9.895,0.36,-0.24,-0.06
0.32,0.055,-0.005,9.880,0.42,-0.12,0.12
0.33,0.070,-0.040,9.900,0.24,-0.24,0.12
0.34,0.080,0.035,9.905,0.24,-0.12,-0.12
0.35,0.125,0.065,9.895,0.36,0.00,-0.00
0.36,0.070,-0.050,9.935,0.42,-0.12,-0.00
0.37,0.055,-0.005,9.915,0.30,0.00,-0.00
0.38,0.025,-0.015,9.840,0.18,-0.12,-0.00
0.39,0.060,-0.010,9.855,0.36,-0.06,0.12
0.40,0.025,-0.015,9.865,0.36,0.00,-0.06
0.41,0.030,-0.030,9.875,0.36,-0.24,0.00
0.42,0.045,-0.075,9.890,0.36,-0.12,0.12
0.43,0.075,-0.000,9.920,0.36,0.00,0.06
0.44,0.055,-0.025,9.895,0.42,-0.24,0.18
0.45,0.090,-0.005,9.880,0.18,-0.36,-0.18
0.46,0.040,-0.020,9.865,0.42,-0.06,-0.12
0.47,0.060,-0.000,9.845,0.30,-0.12,-0.06
0.48,0.015,-0.055,9.920,0.24,-0.00,-0.12
0.49,0.055,-0.015,9.845,0.36,-0.12,0.12
0.50,0.055,-0.055,9.880,0.36,-0.06,0.06
0.51,0.050,-0.060,9.860,0.42,0.06,-0.06
0.52,0.070,-0.015,9.855,0.24,-0.18,0.24
0.53,0.045,-0.070,9.945,0.36,-0.24,0.06
0.54,0.060,-0.050,9.895,0.36,-0.12,0.06
0.55,0.110,0.010,9.850,0.48,-0.12,0.00
0.56,0.020,-0.045,9.845,0.24,-0.18,0.24
0.57,0.030,-0.035,9.955,0.36,-0.12,-0.00
0.58,0.055,-0.010,9.870,0.24,-0.18,0.18
0.59,0.070,0.005,9.915,0.30,-0.12,0.24
0.60,0.015,-0.020,9.865,0.24,0.06,0.00
0.61,0.065,-0.000,9.885,0.36,-0.12,-0.00
0.62,0.110,-0.040,9.875,0.36,0.06,0.12
0.63,0.060,-0.035,9.905,0.24,-0.06,0.00
0.64,0.045,-0.035,9.865,0.36,-0.30,0.06
0.65,0.050,-0.060,9.870,0.18,-0.12,0.12
0.66,0.040,-0.020,9.925,0.54,0.00,0.06
0.67,0.020,-0.040,9.860,0.36,-0.18,-0.00
0.68,0.055,-0.025,9.845,0.18,-0.18,0.00
0.69,0.035,-0.005,9.875,0.30,-0.18,-0.12
0.70,0.005,-0.035,9.905,0.42,-0.18,0.06
0.71,0.065,-0.015,9.910,0.36,-0.24,0.24
0.72,0.005,-0.080,9.830,0.36,0.06,-0.06
0.73,0.055,-0.030,9.910,0.36,-0.18,0.12
0.74,0.090,-0.040,9.885,0.42,-0.06,0.18
0.75,0.075,-0.060,9.880,0.24,-0.12,0.12
0.76,0.035,-0.045,9.855,0.24,-0.00,0.06
0.77,0.040,-0.040,9.855,0.42,-0.00,-0.00
0.78,0.095,-0.045,9.900,0.30,-0.06,0.06
0.79,0.070,-0.030,9.905,0.48,-0.06,0.06
0.80,0.040,-0.005,9.880,0.12,-0.12,0.06
0.81,0.030,-0.025,9.880,0.30,-0.24,0.30
0.82,0.065,-0.005,9.900,0.12,0.06,0.00
0.83,0.020,-0.030,9.885,0.36,0.06,0.06
0.84,0.090,-0.010,9.890,0.36,-0.30,0.30
0.85,0.115,-0.015,9.920,0.24,-0.12,-0.12
0.86,0.055,-0.035,9.865,0.24,-0.12,0.12
0.87,0.060,-0.015,9.885,0.18,-0.06,-0.00
0.88,0.035,-0.090,9.890,0.36,0.06,0.06
0.89,0.060,-0.040,9.955,0.18,-0.00,-0.18
0.90,0.040,-0.005,9.880,0.24,-0.06,-0.12
0.91,0.090,-0.045,9.890,0.42,-0.12,-0.18
0.92,0.070,-0.020,9.935,0.36,-0.06,0.06
0.93,0.055,-0.050,9.910,0.18,-0.18,0.00
0.94,0.070,-0.030,9.905,0.30,-0.30,-0.06
0.95,0.015,-0.085,9.925,0.54,-0.12,0.12
0.96,0.065,0.005,9.900,0.36,-0.24,0.06
0.97,0.015,0.000,9.890,0.36,0.18,-0.06
0.98,0.050,-0.040,9.925,0.48,-0.06,-0.12
0.99,0.040,-0.040,9.900,0.30,-0.24,0.06
1.00,0.050,-0.025,9.920,0.42,-0.12,-0.00
1.01,0.075,0.010,9.910,0.12,-0.12,0.00
1.02,0.015,-0.035,9.905,0.48,-0.00,0.18
1.03,0.015,-0.070,9.920,0.36,-0.36,0.18
1.04,0.040,-0.045,9.875,0.24,-0.18,0.00
1.05,0.015,-0.050,9.905,0.42,-0.00,0.12
1.06,0.050,-0.105,9.915,0.36,-0.12,0.06
1.07,0.080,-0.040,9.920,0.30,-0.42,0.06
1.08,0.070,-0.030,9.870,0.24,-0.24,-0.06
1.09,0.085,-0.025,9.910,0.18,-0.18,0.00
1.10,0.055,-0.005,9.860,0.30,-0.12,0.06
1.11,0.070,0.015,9.870,0.42,-0.06,0.00
1.12,0.045,-0.050,9.890,0.36,-0.24,0.00
1.13,0.090,-0.000,9.885,0.36,-0.12,0.06
1.14,0.045,-0.060,9.915,0.24,-0.36,-0.06
1.15,0.060,-0.070,9.850,0.30,-0.18,0.12
1.16,0.030,-0.025,9.855,0.12,-0.18,-0.00
1.17,0.090,-0.005,9.895,0.30,-0.00,0.12
1.18,0.045,-0.030,9.900,0.48,-0.00,-0.00
1.19,0.025,0.000,9.955,0.36,-0.18,-0.06
1.20,0.025,-0.025,9.895,0.42,-0.18,0.00
1.21,0.045,-0.045,9.890,0.24,0.00,0.06
1.22,0.070,-0.015,9.870,0.30,-0.06,0.00
1.23,0.070,-0.020,9.880,0.18,-0.12,0.06
1.24,0.060,-0.065,9.885,0.30,-0.24,0.12
1.25,0.050,-0.065,9.930,0.06,-0.12,-0.06
1.26,0.095,0.025,9.920,0.36,-0.18,0.24
1.27,0.090,-0.005,9.880,0.30,-0.12,-0.00
1.28,0.040,-0.040,9.870,0.12,-0.24,0.18
1.29,0.050,-0.025,9.875,0.48,0.06,-0.06
1.30,0.030,-0.020,9.850,0.36,-0.00,0.06
1.31,-0.035,-0.065,9.875,0.06,-0.12,0.18
1.32,0.085,-0.030,9.895,0.42,0.00,-0.12
1.33,0.040,-0.025,9.860,0.30,-0.18,0.00
1.34,0.050,-0.030,9.860,0.30,-0.12,-0.06
1.35,0.015,-0.035,9.910,0.18,-0.30,-0.06
1.36,0.010,-0.025,9.870,0.36,-0.18,0.18
1.37,0.055,-0.025,9.920,0.30,-0.12,-0.12
1.38,0.080,0.010,9.915,0.36,-0.12,0.12
1.39,0.045,-0.055,9.920,0.42,-0.06,0.18
1.40,0.080,-0.020,9.890,0.30,-0.06,0.06
1.41,0.075,-0.040,9.960,0.30,-0.48,0.06
1.42,0.015,-0.015,9.890,0.42,-0.12,0.06
1.43,0.040,-0.035,9.870,0.30,-0.42,0.12
1.44,0.070,-0.030,9.910,0.36,0.06,0.06
1.45,0.065,-0.020,9.795,0.06,-0.12,0.00
1.46,0.015,-0.065,9.930,0.18,-0.12,0.06
1.47,0.055,-0.035,9.860,0.18,-0.00,0.18
1.48,0.055,-0.050,9.860,0.30,-0.12,0.12
1.49,0.070,-0.030,9.905,0.18,-0.12,0.18
1.50,0.110,0.035,9.865,0.30,-0.12,-0.00
1.51,0.010,-0.080,9.920,0.18,-0.18,0.12
1.52,0.040,-0.045,9.905,0.36,-0.06,-0.12
1.53,0.085,-0.010,9.905,0.24,-0.00,0.18
1.54,0.040,-0.005,9.870,0.36,-0.18,0.12
1.55,0.075,0.010,9.870,0.24,-0.06,0.12
1.56,0.050,-0.035,9.915,0.36,-0.12,-0.06
1.57,0.035,-0.030,9.900,0.42,0.06,0.18
1.58,0.010,-0.015,9.910,0.18,-0.24,0.12
1.59,0.050,-0.010,9.860,0.24,-0.12,-0.12
1.60,0.035,0.015,9.865,0.18,-0.00,0.12
1.61,0.085,-0.030,9.890,0.42,-0.06,-0.06
1.62,0.020,-0.055,9.855,0.24,-0.12,0.06
1.63,0.080,-0.055,9.875,0.30,-0.36,-0.06
1.64,0.055,-0.035,9.925,0.42,0.06,0.00
1.65,0.050,-0.045,9.850,0.30,0.00,-0.06
1.66,0.035,-0.070,9.975,0.42,-0.00,0.18
1.67,0.080,-0.040,9.870,0.18,0.00,0.24
1.68,0.080,-0.040,9.915,0.30,-0.06,-0.06
1.69,0.070,-0.015,9.830,0.30,-0.12,0.12
1.70,0.065,-0.020,9.895,0.30,-0.24,0.06
1.71,-0.015,-0.040,9.890,0.30,-0.00,0.18
1.72,0.035,-0.020,9.870,0.12,-0.30,0.06
1.73,0.070,-0.010,9.855,0.30,-0.24,0.00
1.74,0.050,0.025,9.795,0.24,0.00,0.12
1.75,0.045,-0.035,9.890,0.18,-0.24,0.12
1.76,0.060,-0.050,9.855,0.24,-0.12,-0.00
1.77,0.035,-0.055,9.870,0.36,-0.06,0.12
1.78,-0.005,-0.075,9.875,0.30,-0.12,0.12
1.79,0.065,-0.055,9.925,0.36,-0.06,0.00
1.80,0.055,-0.070,9.900,0.48,-0.24,-0.00
1.81,0.035,-0.045,9.805,0.24,-0.12,0.00
1.82,0.070,-0.025,9.870,0.36,-0.06,-0.00
1.83,0.070,-0.025,9.880,0.12,-0.12,-0.06
1.84,0.055,-0.005,9.875,0.24,-0.06,0.24
1.85,0.055,-0.050,9.905,0.24,-0.12,0.06
1.86,0.065,-0.005,9.890,0.36,0.00,0.12
1.87,0.045,-0.035,9.910,0.30,-0.30,0.12
1.88,0.050,-0.000,9.920,0.42,-0.12,-0.12
1.89,0.085,0.005,9.870,0.30,-0.24,-0.00
1.90,0.030,-0.105,9.875,0.48,-0.00,0.06
1.91,0.120,0.005,9.885,0.24,-0.12,0.06
1.92,0.045,0.005,9.910,0.24,-0.06,0.12
1.93,0.025,-0.010,9.860,0.42,-0.00,0.12
1.94,0.030,-0.040,9.910,0.42,-0.12,0.06
1.95,0.010,-0.065,9.915,0.30,-0.12,0.12
1.96,0.075,-0.045,9.870,0.36,-0.00,-0.06
1.97,0.050,-0.020,9.820,0.42,-0.12,0.06
1.98,0.030,-0.040,9.855,0.24,-0.30,0.00
1.99,0.065,-0.015,9.905,0.36,-0.06,0.06
2.00,0.035,0.025,9.890,0.30,-0.18,-0.00
2.01,0.055,-0.025,9.915,0.48,-0.18,0.06
2.02,0.045,-0.035,9.935,0.18,-0.00,-0.00
2.03,0.040,-0.010,9.850,0.30,-0.30,0.06
2.04,0.070,-0.035,9.915,0.36,-0.24,-0.12
2.05,0.010,-0.075,9.885,0.30,-0.18,0.00
2.06,0.085,0.030,9.895,0.18,-0.12,-0.12
2.07,0.070,-0.010,9.885,0.36,-0.12,-0.12
2.08,0.020,-0.055,9.845,0.42,-0.30,-0.00
2.09,0.080,0.015,9.960,0.42,0.00,0.06
2.10,-0.005,-0.080,9.855,0.18,-0.12,0.18
2.11,0.055,-0.035,9.900,0.18,-0.06,0.30
2.12,0.030,-0.040,9.860,0.18,-0.12,0.06
2.13,0.075,-0.055,9.895,0.48,-0.12,0.06
2.14,0.010,-0.070,9.840,0.48,-0.18,-0.12
2.15,0.045,-0.050,9.885,0.30,-0.06,-0.00
2.16,0.030,-0.050,9.940,0.36,-0.12,0.06
2.17,0.060,-0.015,9.845,0.24,-0.06,-0.00
2.18,0.000,-0.010,9.850,0.36,-0.36,-0.06
2.19,0.090,-0.040,9.840,0.30,-0.06,0.12
2.20,0.060,-0.050,9.885,0.24,0.00,0.12
2.21,0.055,-0.015,9.925,0.18,0.06,-0.00
2.22,0.085,-0.010,9.890,0.30,-0.00,0.18
2.23,0.015,-0.035,9.860,0.12,-0.12,0.06
2.24,0.110,-0.055,9.850,0.42,-0.06,-0.06
2.25,0.050,-0.030,9.880,0.24,-0.06,0.06
2.26,0.030,-0.050,9.915,0.42,-0.18,-0.00
2.27,0.050,-0.060,9.880,0.06,-0.12,-0.18
2.28,0.040,-0.060,9.875,0.12,-0.12,0.24
2.29,0.030,-0.025,9.880,0.18,-0.24,0.00
2.30,0.035,-0.010,9.865,0.18,-0.06,0.06
2.31,-0.000,-0.085,9.845,0.24,-0.30,-0.12
2.32,0.075,-0.010,9.895,0.24,-0.24,0.00
2.33,0.055,-0.020,9.840,0.42,-0.18,0.18
2.34,0.045,-0.040,9.855,0.24,-0.06,0.12
2.35,0.030,-0.020,9.920,0.24,-0.06,0.12
2.36,0.075,-0.005,9.890,0.48,0.00,0.12
2.37,0.045,-0.050,9.880,0.36,-0.12,0.18
2.38,0.060,-0.030,9.905,0.30,-0.06,0.12
2.39,0.055,-0.055,9.920,0.30,-0.18,-0.06
2.40,0.020,-0.065,9.880,0.36,-0.24,0.12
2.41,0.005,-0.050,9.870,0.36,-0.30,0.06
2.42,0.055,-0.015,9.940,0.36,-0.24,0.12
2.43,0.085,0.015,9.855,0.24,-0.06,0.18
2.44,0.045,-0.015,9.905,0.42,-0.06,-0.18
2.45,0.040,-0.060,9.880,0.24,0.06,0.06
2.46,0.095,-0.020,9.915,0.30,-0.18,0.00
2.47,0.080,-0.070,9.855,0.36,-0.12,0.12
2.48,0.085,-0.030,9.895,0.36,0.06,0.12
2.49,0.085,-0.050,9.920,0.42,-0.24,-0.12
2.50,0.095,-0.020,9.940,0.42,-0.18,0.12
2.51,0.020,-0.075,9.880,0.42,-0.18,-0.12
2.52,0.040,-0.060,9.905,0.30,0.06,-0.06
2.53,0.055,-0.035,9.835,0.30,-0.18,0.06
2.54,0.060,-0.010,9.870,0.42,-0.18,0.00
2.55,0.060,-0.040,9.875,0.36,-0.30,0.06
2.56,0.070,-0.025,9.865,0.18,-0.18,0.18
2.57,0.005,-0.055,9.935,0.30,-0.18,0.06
2.58,0.030,-0.045,9.870,0.54,-0.06,0.06
2.59,0.030,-0.030,9.935,0.30,-0.12,0.12
2.60,0.060,-0.005,9.870,0.48,-0.12,0.12
2.61,0.000,-0.090,9.865,0.24,-0.18,-0.06
2.62,0.025,-0.055,9.845,0.24,-0.00,-0.06
2.63,0.020,-0.055,9.930,0.18,-0.06,-0.12
2.64,0.070,-0.030,9.915,0.30,-0.18,0.06
2.65,0.015,-0.010,9.910,0.24,-0.06,0.12
2.66,0.020,-0.040,9.855,0.36,-0.06,0.06
2.67,0.025,-0.050,9.860,0.24,-0.06,0.06
2.68,0.080,0.000,9.900,0.24,-0.18,-0.12
2.69,0.060,-0.035,9.965,0.24,-0.18,0.00
2.70,0.055,-0.025,9.855,0.36,-0.06,0.06
2.71,0.075,-0.020,9.900,0.30,-0.24,-0.06
2.72,0.080,-0.050,9.960,0.36,-0.18,-0.18
2.73,0.080,-0.040,9.920,0.18,-0.06,0.12
2.74,0.060,-0.030,9.880,0.42,-0.06,0.18
2.75,0.060,-0.020,9.865,0.30,-0.06,-0.00
2.76,0.075,-0.025,9.865,0.24,-0.12,0.12
2.77,0.025,-0.050,9.900,0.30,-0.36,0.12
2.78,0.080,0.005,9.840,0.18,-0.12,-0.06
2.79,0.055,-0.025,9.850,0.24,-0.12,0.12
2.80,0.055,-0.060,9.890,0.36,-0.06,0.06
2.81,0.035,-0.055,9.940,0.24,-0.30,0.24
2.82,0.055,-0.005,9.915,0.30,-0.00,-0.12
2.83,0.040,-0.065,9.905,0.18,-0.18,0.06
2.84,0.045,-0.020,9.915,0.06,-0.24,0.18
2.85,0.065,-0.060,9.825,0.18,-0.12,0.06
2.86,0.070,-0.005,9.895,0.42,-0.30,-0.00
2.87,0.065,-0.045,9.850,0.42,-0.12,0.18
2.88,0.055,-0.020,9.895,0.24,-0.06,-0.06
2.89,0.030,-0.010,9.865,0.06,-0.12,-0.00
2.90,0.025,-0.045,9.895,0.24,-0.12,0.06
2.91,0.055,-0.040,9.885,0.36,-0.00,0.06
2.92,0.105,-0.020,9.875,0.36,-0.12,0.00
2.93,0.030,-0.045,9.885,0.36,-0.12,0.06
2.94,0.065,0.010,9.885,0.42,-0.12,0.06
2.95,0.045,-0.030,9.895,0.36,-0.12,-0.12
2.96,0.030,-0.045,9.855,0.36,-0.18,0.12
2.97,0.115,-0.005,9.855,0.42,-0.06,-0.00
2.98,0.045,-0.035,9.875,0.36,-0.18,0.06
2.99,0.090,-0.015,9.900,0.30,-0.06,0.06
3.00,0.050,-0.050,9.890,0.36,-0.12,0.24
3.01,0.050,-0.020,9.885,0.36,-0.18,0.06
3.02,0.030,-0.080,9.915,0.18,0.00,0.12
3.03,0.065,-0.040,9.855,0.36,0.00,-0.06
3.04,0.020,-0.025,9.865,0.24,-0.06,0.06
3.05,0.080,-0.025,9.860,0.30,-0.18,0.18
3.06,0.075,-0.010,9.970,0.36,0.12,-0.06
3.07,0.025,-0.045,9.875,0.24,-0.12,-0.12
3.08,0.000,-0.065,9.945,0.48,-0.06,-0.06
3.09,0.075,-0.025,9.870,0.30,-0.18,0.12
3.10,0.060,-0.055,9.890,0.36,-0.12,0.00
3.11,0.045,-0.060,9.830,0.36,-0.06,0.00
3.12,0.075,0.005,9.875,0.24,-0.18,0.18
3.13,0.045,-0.080,9.885,0.24,0.06,-0.06
3.14,0.040,-0.030,9.890,0.30,-0.18,0.12
3.15,0.085,-0.030,9.920,0.24,-0.36,-0.18
3.16,0.025,-0.050,9.900,0.30,-0.24,0.06
3.17,0.030,-0.085,9.930,0.18,-0.06,0.18
3.18,0.055,-0.015,9.895,0.24,-0.24,0.06
3.19,0.010,-0.040,9.885,0.30,-0.06,0.00
3.20,0.130,0.015,9.925,0.30,-0.24,0.18
3.21,0.065,-0.040,9.895,0.30,-0.12,0.06
3.22,0.065,0.030,9.930,0.36,-0.06,-0.06
3.23,0.050,-0.030,9.820,0.30,-0.24,0.12
3.24,0.035,-0.080,9.865,0.36,-0.24,-0.00
3.25,0.045,-0.055,9.980,0.36,-0.18,0.12
3.26,0.025,-0.030,9.875,0.36,-0.12,0.06
3.27,0.020,-0.050,9.850,0.30,-0.06,0.12
3.28,0.030,-0.020,9.885,0.24,-0.06,-0.00
3.29,0.040,-0.050,9.865,0.24,0.00,0.18
3.30,0.070,0.005,9.865,0.24,-0.18,0.12
3.31,0.045,-0.045,9.825,0.42,0.00,0.06
3.32,0.055,-0.040,9.940,0.36,-0.30,-0.06
3.33,0.075,-0.040,9.910,0.30,-0.06,0.06
3.34,0.065,-0.020,9.885,0.24,-0.06,0.00
3.35,0.060,0.005,9.850,0.30,-0.24,0.12
3.36,0.055,-0.050,9.855,0.30,-0.12,0.12
3.37,0.060,-0.030,9.920,0.18,-0.12,0.12
3.38,0.095,0.020,9.810,0.36,-0.36,0.06
3.39,0.030,-0.030,9.890,0.30,-0.06,-0.06
3.40,0.045,-0.020,9.890,0.24,-0.00,0.00
3.41,0.040,-0.000,9.915,0.18,-0.12,0.06
3.42,0.020,-0.035,9.825,0.30,-0.30,-0.00
3.43,0.030,-0.025,9.885,0.42,-0.12,0.18
3.44,0.020,-0.065,9.890,0.30,-0.24,0.18
3.45,0.025,-0.055,9.910,-0.06,-0.06,0.12
3.46,0.005,-0.045,9.920,0.24,-0.06,0.06
3.47,0.025,-0.060,9.855,0.48,-0.12,0.06
3.48,0.075,-0.000,9.950,0.24,0.06,0.06
3.49,0.080,0.015,9.890,0.42,-0.36,0.12
3.50,0.000,-0.050,9.930,0.36,-0.36,-0.00
3.51,0.070,-0.020,9.955,0.12,-0.18,-0.00
3.52,0.055,-0.030,9.875,0.18,-0.36,-0.06
3.53,0.120,0.040,9.875,0.36,-0.06,0.06
3.54,0.065,0.015,9.920,0.24,-0.18,0.06
3.55,0.055,-0.015,9.900,0.42,0.00,-0.06
3.56,0.055,-0.060,9.885,0.36,-0.06,0.12
3.57,0.080,-0.020,9.905,0.42,-0.12,0.18
3.58,0.065,0.010,9.930,0.24,-0.12,0.06
3.59,0.085,-0.035,9.885,0.48,-0.06,0.00
3.60,0.070,-0.030,9.885,0.24,0.00,-0.00
3.61,0.080,-0.070,9.905,0.06,-0.06,-0.06
3.62,0.025,-0.075,9.855,0.06,-0.00,0.06
3.63,0.045,-0.035,9.885,0.36,-0.06,-0.12
3.64,0.070,-0.025,9.810,0.30,-0.18,-0.06
3.65,0.060,-0.010,9.915,0.30,0.06,0.12
3.66,0.065,-0.040,9.855,0.30,-0.06,0.12
3.67,0.015,-0.060,9.885,0.12,-0.24,-0.00
3.68,0.030,-0.065,9.905,0.42,-0.24,0.12
3.69,0.020,-0.080,9.895,0.54,-0.12,-0.00
3.70,0.065,-0.040,9.895,0.42,-0.18,0.12
3.71,0.075,-0.005,9.940,0.30,-0.06,0.24
3.72,0.055,-0.005,9.910,0.36,-0.18,0.00
3.73,0.045,-0.030,9.875,0.42,-0.12,0.24
3.74,0.070,-0.025,9.860,0.54,-0.00,0.06
3.75,0.045,0.005,9.905,0.24,-0.12,0.18
3.76,0.025,-0.090,9.850,0.36,-0.12,-0.00
3.77,0.045,-0.040,9.890,0.30,0.00,0.18
3.78,0.060,-0.030,9.890,0.30,-0.18,-0.00
3.79,0.045,-0.005,9.865,0.36,0.06,-0.00
3.80,0.080,-0.020,9.880,0.30,-0.18,0.06
3.81,0.050,-0.040,9.825,0.30,0.00,0.06
3.82,0.090,-0.070,9.910,0.18,-0.36,0.12
3.83,0.045,-0.070,9.905,0.36,-0.06,0.18
3.84,0.070,-0.010,9.905,0.36,-0.00,0.00
3.85,0.095,-0.015,9.870,0.24,-0.06,0.06
3.86,0.050,-0.055,9.920,0.54,-0.06,0.06
3.87,0.090,-0.060,9.905,0.24,-0.24,0.18
3.88,0.055,-0.050,9.960,0.18,-0.12,-0.24
3.89,0.120,0.020,9.895,0.36,-0.42,0.12
3.90,0.070,-0.035,9.870,0.30,-0.30,-0.12
3.91,0.060,-0.005,9.885,0.30,0.06,0.12
3.92,0.035,-0.040,9.935,0.12,-0.24,0.12
3.93,0.065,-0.045,9.845,0.24,-0.18,0.12
3.94,0.020,-0.070,9.905,0.30,-0.00,0.12
3.95,0.060,-0.020,9.865,0.24,-0.06,0.24
3.96,0.100,-0.015,9.920,0.18,-0.12,0.12
3.97,0.025,-0.030,9.915,0.36,-0.06,0.06
3.98,0.050,-0.015,9.945,0.18,-0.06,0.12
3.99,0.055,-0.010,9.895,0.30,-0.06,0.36
4.00,0.095,-0.000,9.925,0.24,-0.24,0.30
4.01,0.070,-0.060,9.910,0.30,-0.12,-0.00
4.02,0.055,-0.020,9.865,0.12,-0.06,-0.12
4.03,0.030,-0.030,9.870,0.12,-0.00,-0.18
4.04,0.015,-0.045,9.890,0.42,-0.00,-0.00
4.05,0.055,-0.030,9.880,0.30,0.06,0.18
4.06,0.090,-0.045,9.925,0.30,0.00,0.06
4.07,0.035,-0.055,9.850,0.36,-0.06,0.24
4.08,0.105,-0.000,9.905,0.18,-0.12,0.12
4.09,0.020,-0.065,9.945,0.36,-0.06,0.06
4.10,0.050,-0.005,9.895,0.30,-0.24,0.24
4.11,0.050,-0.065,9.905,0.24,-0.18,0.18
4.12,0.030,-0.040,9.880,0.30,-0.24,-0.00
4.13,0.040,-0.050,9.865,0.36,-0.06,-0.12
4.14,0.045,-0.075,9.900,0.48,-0.18,0.00
4.15,0.090,-0.030,9.895,0.36,-0.06,-0.06
4.16,0.080,-0.060,9.940,0.12,-0.18,0.06
4.17,0.035,-0.015,9.900,0.30,-0.24,0.00
4.18,0.035,-0.010,9.950,0.30,-0.36,0.06
4.19,0.035,-0.070,9.865,0.42,0.06,0.18
4.20,0.050,-0.020,9.880,0.48,-0.48,-0.00
4.21,0.075,-0.005,9.925,0.30,0.06,0.06
4.22,0.015,-0.070,9.900,0.30,-0.06,-0.00
4.23,0.055,-0.000,9.830,0.42,-0.18,-0.06
4.24,0.085,-0.010,9.935,0.30,0.00,0.06
4.25,0.090,-0.010,9.895,0.30,-0.18,0.06
4.26,0.110,-0.015,9.895,0.24,-0.12,0.12
4.27,0.065,-0.005,9.880,0.30,0.12,0.12
4.28,0.065,-0.020,9.925,0.42,-0.18,0.18
4.29,0.080,-0.005,9.855,0.30,-0.30,-0.06
4.30,0.040,-0.050,9.915,0.18,-0.00,-0.06
4.31,0.055,-0.040,9.890,0.30,-0.06,0.00
4.32,0.055,-0.020,9.890,0.12,-0.12,0.12
4.33,0.065,-0.040,9.880,0.18,-0.12,-0.06
4.34,0.020,-0.055,9.920,0.18,-0.24,0.06
4.35,0.075,0.020,9.900,0.12,0.06,0.06
4.36,0.060,-0.015,9.905,0.30,-0.24,0.00
4.37,0.055,-0.015,9.925,0.30,-0.30,0.06
4.38,0.020,-0.055,9.895,0.18,-0.06,0.06
4.39,0.080,-0.045,9.900,0.48,-0.18,0.00
4.40,0.035,-0.010,9.915,0.30,0.06,0.00
4.41,0.010,-0.025,9.905,0.24,-0.18,0.00
4.42,0.050,0.005,9.875,0.36,-0.24,0.00
4.43,0.030,-0.065,9.900,0.18,-0.06,0.18
4.44,0.040,-0.045,9.870,0.30,-0.30,0.06
4.45,0.075,-0.035,9.880,0.36,-0.00,-0.12
4.46,0.115,-0.005,9.940,0.24,-0.00,0.12
4.47,0.025,-0.035,9.900,0.36,-0.18,0.06
4.48,0.035,-0.045,9.880,0.30,-0.24,0.12
4.49,0.070,-0.015,9.905,0.48,-0.24,-0.18
4.50,0.030,0.020,9.930,0.12,-0.06,0.12
4.51,0.005,-0.030,9.885,0.36,-0.06,0.06
4.52,0.000,-0.030,9.880,0.42,-0.12,0.12
4.53,0.095,-0.015,9.865,0.24,-0.12,-0.00
4.54,0.050,0.000,9.900,0.24,-0.18,0.18
4.55,0.080,-0.055,9.880,0.24,-0.00,0.18
4.56,0.075,-0.030,9.885,0.42,-0.18,0.12
4.57,0.060,-0.035,9.860,0.24,-0.06,-0.12
4.58,0.035,-0.025,9.845,0.30,0.00,0.06
4.59,0.025,-0.065,9.915,0.24,-0.06,0.12
4.60,0.070,-0.035,9.905,0.30,-0.18,0.06
4.61,0.070,-0.030,9.870,0.06,-0.18,0.06
4.62,0.025,-0.065,9.865,0.36,-0.06,0.06
4.63,0.070,-0.025,9.900,0.18,-0.18,0.06
4.64,0.035,-0.035,9.860,0.36,-0.18,0.06
4.65,0.070,-0.055,9.925,0.30,-0.30,-0.18
4.66,0.045,-0.055,9.850,0.48,-0.06,-0.24
4.67,0.075,-0.015,9.945,0.36,-0.24,-0.18
4.68,0.050,-0.035,9.895,0.36,-0.18,0.18
4.69,0.080,-0.000,9.895,0.36,0.06,0.12
4.70,0.055,-0.020,9.875,0.30,-0.18,0.12
4.71,0.040,-0.050,9.875,0.30,-0.06,-0.18
4.72,0.050,-0.025,9.900,0.24,-0.18,0.06
4.73,0.020,-0.055,9.815,0.24,-0.00,-0.00
4.74,0.075,-0.050,9.935,0.36,-0.06,0.18
4.75,0.055,-0.030,9.900,0.42,-0.24,0.00
4.76,0.030,-0.065,9.940,0.30,-0.12,-0.06
4.77,0.015,-0.040,9.920,0.30,-0.06,0.06
4.78,0.020,-0.020,9.935,0.36,0.12,0.06
4.79,0.045,-0.030,9.945,0.42,0.00,-0.12
4.80,0.065,-0.055,9.890,0.18,-0.30,0.06
4.81,0.075,-0.005,9.895,0.18,-0.12,-0.18
4.82,0.065,-0.015,9.920,0.18,-0.18,-0.00
4.83,0.065,-0.090,9.890,0.18,-0.18,0.06
4.84,0.100,-0.030,9.865,0.48,0.00,0.18
4.85,0.065,0.015,9.900,0.30,-0.06,-0.18
4.86,0.045,-0.020,9.885,0.36,-0.12,-0.24
4.87,0.040,-0.040,9.905,0.24,-0.24,0.12
4.88,0.025,-0.040,9.890,0.24,-0.00,-0.06
4.89,0.055,-0.005,9.885,0.06,-0.00,0.06
4.90,0.095,0.015,9.835,0.36,-0.18,0.18
4.91,0.070,-0.025,9.900,0.30,-0.06,0.06
4.92,0.035,-0.030,9.830,0.36,0.00,0.06
4.93,0.045,-0.030,9.850,0.30,-0.12,-0.06
4.94,0.065,-0.030,9.940,0.00,0.06,0.36
4.95,0.055,0.010,9.900,0.24,-0.00,0.18
4.96,0.050,-0.040,9.920,0.36,0.12,0.00
4.97,0.060,0.035,9.885,0.36,-0.18,0.12
4.98,0.035,-0.025,9.850,0.36,-0.24,0.06
4.99,0.020,-0.080,9.860,0.18,0.00,-0.06
5.00,0.045,-0.000,9.880,0.30,-0.24,0.06
5.01,0.060,0.015,9.920,0.30,-0.18,0.06
5.02,0.075,0.010,9.890,0.42,-0.12,0.18
5.03,0.005,-0.040,9.875,0.18,0.06,-0.00
5.04,0.045,-0.040,9.855,0.18,-0.06,0.06
5.05,0.035,-0.045,9.925,0.06,-0.18,0.18
5.06,0.035,-0.035,9.890,0.30,-0.30,0.18
5.07,-0.005,-0.040,9.875,0.12,-0.12,0.06
5.08,0.060,0.000,9.870,0.24,-0.24,0.06
5.09,0.015,-0.035,9.920,0.18,-0.24,-0.12
5.10,0.085,0.000,9.910,0.36,-0.30,0.00
5.11,0.105,-0.005,9.875,0.30,-0.18,0.18
5.12,0.035,-0.025,9.895,0.18,-0.24,0.12
5.13,0.055,0.005,9.910,0.36,-0.18,-0.00
5.14,0.050,-0.040,9.935,0.18,-0.24,0.18
5.15,0.065,-0.015,9.895,0.36,-0.18,-0.00
5.16,0.030,-0.025,9.925,0.24,-0.06,0.06
5.17,0.080,-0.050,9.870,0.36,-0.06,0.06
5.18,0.060,-0.035,9.890,0.24,-0.06,-0.00
5.19,0.030,-0.060,9.895,0.24,-0.00,0.00
5.20,-0.000,-0.035,9.880,0.24,-0.18,0.06
5.21,0.035,-0.010,9.865,0.42,-0.12,0.12
5.22,0.055,-0.040,9.840,0.24,-0.18,0.06
5.23,0.045,-0.010,9.905,0.24,-0.30,0.00
5.24,0.090,-0.025,9.865,0.30,-0.06,0.12
5.25,0.035,-0.035,9.855,0.42,-0.06,0.06
5.26,-0.015,-0.020,9.880,0.30,-0.12,0.12
5.27,0.035,-0.035,9.850,0.24,0.12,0.00
5.28,0.110,-0.025,9.925,0.18,-0.12,-0.12
5.29,0.060,-0.015,9.910,0.36,-0.24,0.24
5.30,0.085,0.005,9.850,0.24,-0.12,0.06
5.31,0.085,0.030,9.890,0.30,-0.18,0.00
5.32,0.085,-0.025,9.895,0.18,-0.30,-0.06
5.33,0.040,-0.015,9.870,0.36,-0.00,0.06
5.34,0.055,-0.040,9.830,0.18,-0.18,0.12
5.35,0.040,-0.035,9.865,0.48,0.06,0.00
5.36,0.085,-0.045,9.950,0.42,-0.18,-0.00
5.37,0.030,-0.015,9.895,0.30,-0.12,-0.12
5.38,0.085,-0.020,9.885,0.30,-0.12,0.06
5.39,0.065,-0.045,9.860,0.12,-0.24,0.24
5.40,0.050,-0.025,9.870,0.42,-0.24,0.06
5.41,0.050,-0.015,9.915,0.42,-0.06,0.06
5.42,0.025,-0.010,9.920,0.30,-0.12,0.18
5.43,0.040,0.010,9.870,0.36,-0.12,0.30
5.44,0.035,0.025,9.940,0.24,-0.24,0.00
5.45,0.090,-0.010,9.890,0.36,0.06,0.06
5.46,0.030,-0.040,9.900,0.42,-0.30,0.12
5.47,0.065,-0.015,9.910,0.24,-0.18,0.00
5.48,0.035,-0.015,9.870,0.36,-0.12,0.18
5.49,0.060,-0.020,9.910,0.36,-0.24,0.12
5.50,0.025,-0.050,9.875,0.42,0.06,0.12
5.51,0.030,-0.010,9.865,0.24,-0.18,-0.06
5.52,0.065,-0.015,9.870,0.36,-0.18,0.06
5.53,0.020,-0.075,9.905,0.30,-0.06,0.24
5.54,0.090,-0.010,9.900,0.24,-0.12,0.06
5.55,0.060,-0.025,9.840,0.18,-0.12,0.12
5.56,0.040,-0.070,9.900,0.42,-0.30,-0.00
5.57,0.080,-0.015,9.890,0.24,0.06,0.18
5.58,0.040,-0.005,9.875,0.48,0.06,0.06
5.59,0.065,-0.050,9.915,0.36,0.00,0.06
5.60,0.030,-0.050,9.870,0.30,-0.24,0.06
5.61,0.085,-0.020,9.960,0.42,-0.30,0.06
5.62,0.025,-0.035,9.885,0.36,-0.06,0.12
5.63,0.075,-0.035,9.860,0.30,-0.00,-0.06
5.64,0.010,-0.030,9.920,0.24,-0.18,0.06
5.65,0.050,-0.025,9.890,0.12,-0.00,0.06
5.66,0.030,-0.035,9.875,0.30,-0.12,0.06
5.67,0.080,-0.020,9.900,0.30,-0.12,0.06
5.68,0.095,-0.005,9.895,0.42,-0.24,0.06
5.69,0.080,-0.020,9.880,0.30,-0.24,0.06
5.70,0.070,-0.045,9.880,0.30,-0.30,0.18
5.71,0.055,-0.020,9.945,0.18,-0.12,-0.00
5.72,0.015,-0.020,9.835,0.24,-0.06,0.12
5.73,0.065,-0.010,9.875,0.24,-0.00,0.06
5.74,0.070,-0.035,9.905,0.12,-0.24,0.18
5.75,0.070,-0.010,9.865,0.18,0.12,0.12
5.76,0.060,-0.035,9.915,0.30,-0.18,-0.12
5.77,0.040,-0.095,9.885,0.36,-0.24,0.06
5.78,0.045,-0.015,9.905,0.18,-0.24,0.00
5.79,0.040,-0.035,9.910,0.24,0.00,-0.06
5.80,-0.000,-0.090,9.855,0.18,-0.00,0.18
5.81,0.080,0.025,9.890,0.36,-0.18,-0.18
5.82,0.055,-0.015,9.840,0.36,-0.18,-0.06
5.83,0.085,0.000,9.870,0.18,0.06,0.00
5.84,0.050,-0.035,9.860,0.42,-0.06,0.06
5.85,0.045,-0.020,9.925,0.48,-0.06,0.06
5.86,0.055,-0.015,9.910,0.12,-0.30,-0.06
5.87,0.050,-0.020,9.905,0.30,0.12,0.18
5.88,0.070,-0.020,9.915,0.24,-0.18,-0.12
5.89,0.060,-0.015,9.900,0.24,-0.24,0.06
5.90,0.005,-0.000,9.930,0.42,-0.18,0.06
5.91,0.110,-0.020,9.885,0.30,-0.24,0.24
5.92,0.095,-0.035,9.890,0.42,-0.18,0.18
5.93,0.075,-0.045,9.865,0.30,-0.12,0.18
5.94,0.095,0.010,9.900,0.36,-0.12,0.12
5.95,0.085,-0.040,9.895,0.24,-0.24,0.12
5.96,0.055,-0.035,9.875,0.42,-0.12,-0.12
5.97,0.055,-0.020,9.905,0.36,-0.18,0.06
5.98,0.010,-0.080,9.915,0.30,-0.24,0.12
5.99,0.055,-0.010,9.905,0.42,-0.30,0.18
6.00,0.050,-0.035,9.865,0.30,0.12,-0.12
6.01,0.045,0.005,9.885,0.30,-0.12,0.06
6.02,0.050,-0.040,9.900,0.24,-0.18,-0.00
6.03,0.060,-0.010,9.870,0.42,0.12,0.12
6.04,0.045,-0.035,9.875,0.24,-0.12,0.18
6.05,0.015,-0.055,9.870,0.30,-0.18,-0.12
6.06,0.055,-0.050,9.905,0.30,-0.12,-0.06
6.07,0.075,-0.030,9.885,0.24,-0.18,0.06
6.08,0.045,-0.070,9.850,0.30,-0.24,-0.12
6.09,0.020,-0.025,9.900,0.36,-0.12,0.18
6.10,0.065,-0.015,9.885,0.24,-0.12,0.00
6.11,0.045,-0.030,9.870,0.30,-0.12,0.18
6.12,0.045,0.005,9.885,0.24,-0.06,-0.12
6.13,0.070,-0.045,9.875,0.54,-0.06,0.06
6.14,0.040,0.000,9.905,0.48,-0.24,0.18
6.15,0.060,-0.015,9.915,0.36,-0.18,0.06
6.16,0.080,-0.015,9.905,0.42,-0.12,0.12
6.17,0.050,-0.045,9.870,0.30,-0.12,0.18
6.18,0.075,-0.030,9.895,0.24,-0.06,0.18
6.19,0.065,-0.045,9.925,0.36,-0.12,0.06
6.20,0.045,-0.005,9.910,0.30,0.00,0.00
6.21,0.010,-0.065,9.880,0.24,-0.18,0.06
6.22,0.095,0.010,9.900,0.30,-0.24,0.12
6.23,0.050,-0.025,9.935,0.42,-0.12,-0.12
6.24,-0.000,-0.010,9.915,0.36,-0.00,0.12
6.25,0.060,-0.000,9.920,0.42,-0.30,0.06
6.26,0.025,-0.110,9.905,0.12,-0.12,0.24
6.27,0.055,-0.035,9.870,0.30,-0.24,0.06
6.28,0.055,-0.030,9.900,0.24,-0.12,0.06
6.29,0.075,-0.035,9.850,0.36,-0.18,0.18
6.30,0.040,-0.045,9.885,0.30,-0.12,0.12
6.31,0.065,-0.060,9.865,0.42,-0.12,0.12
6.32,0.015,-0.035,9.900,0.36,-0.06,-0.06
6.33,0.035,-0.025,9.845,0.42,-0.00,-0.06
6.34,0.050,-0.025,9.855,0.36,0.00,-0.00
6.35,0.035,-0.040,9.845,0.18,-0.30,-0.06
6.36,0.045,-0.050,9.865,0.18,-0.18,0.00
6.37,0.040,0.040,9.840,0.30,-0.12,0.18
6.38,0.025,-0.020,9.900,0.36,0.06,-0.00
6.39,0.020,-0.065,9.880,0.24,-0.06,0.18
6.40,0.065,-0.035,9.915,0.24,-0.36,0.06
6.41,0.070,-0.020,9.880,0.48,-0.12,-0.06
6.42,0.040,-0.040,9.915,0.24,-0.06,0.00
6.43,0.040,-0.045,9.860,0.30,-0.06,-0.00
6.44,0.095,0.010,9.895,0.36,-0.12,0.18
6.45,0.080,-0.005,9.885,0.24,-0.00,0.00
6.46,0.115,-0.025,9.875,0.42,-0.06,-0.06
6.47,0.035,-0.010,9.915,0.42,-0.24,0.00
6.48,0.060,-0.040,9.890,0.18,-0.18,-0.06
6.49,0.085,0.010,9.925,0.18,-0.00,-0.12
6.50,0.030,-0.055,9.925,0.54,-0.12,0.00
6.51,0.045,-0.035,9.960,0.54,-0.18,-0.06
6.52,0.045,-0.030,9.910,0.24,-0.24,0.12
6.53,0.065,-0.000,9.885,0.24,-0.06,0.00
6.54,0.040,-0.055,9.885,0.18,-0.00,-0.12
6.55,0.030,-0.035,9.930,0.24,0.00,0.12
6.56,0.020,-0.015,9.905,0.48,-0.12,-0.06
6.57,0.050,0.030,9.875,0.42,-0.12,0.18
6.58,0.005,-0.035,9.970,0.36,-0.18,0.12
6.59,0.055,0.000,9.935,0.18,-0.12,-0.00
6.60,-0.005,-0.070,9.885,0.42,-0.06,0.12
6.61,0.035,-0.040,9.845,0.30,-0.12,-0.06
6.62,0.060,-0.030,9.885,0.42,-0.06,-0.06
6.63,0.040,-0.075,9.895,0.30,-0.06,-0.06
6.64,0.100,-0.005,9.935,0.24,0.06,0.12
6.65,0.045,-0.050,9.860,0.30,-0.18,0.06
6.66,0.010,-0.070,9.935,0.30,-0.18,0.06
6.67,0.080,-0.000,9.855,0.18,-0.06,-0.06
6.68,0.035,-0.070,9.880,0.30,0.12,0.18
6.69,0.060,-0.060,9.905,0.42,-0.18,0.12
6.70,0.080,-0.070,9.915,0.24,-0.24,0.12
6.71,0.020,-0.035,9.920,0.18,-0.06,0.30
6.72,0.065,0.005,9.915,0.42,0.06,0.06
6.73,0.060,0.010,9.825,0.30,-0.24,0.00
6.74,0.055,-0.080,9.865,0.24,-0.00,0.00
6.75,0.035,-0.000,9.935,0.54,-0.06,0.24
6.76,0.120,-0.005,9.930,0.36,-0.06,-0.06
6.77,0.060,-0.030,9.920,0.24,-0.12,0.12
6.78,0.055,-0.065,9.915,0.36,-0.12,-0.00
6.79,0.030,-0.035,9.895,0.24,-0.00,0.06
6.80,0.100,-0.005,9.925,0.30,-0.18,0.18
6.81,0.030,-0.060,9.895,0.36,-0.06,0.18
6.82,0.085,-0.010,9.910,0.30,0.06,0.00
6.83,0.105,0.000,9.885,0.18,0.06,-0.18
6.84,0.050,0.020,9.890,0.36,-0.12,-0.00
6.85,0.015,-0.025,9.900,0.24,0.06,-0.12
6.86,0.015,-0.025,9.905,0.48,-0.00,0.42
6.87,0.075,-0.040,9.960,0.36,-0.06,-0.00
6.88,0.070,-0.030,9.900,0.36,-0.00,-0.12
6.89,0.065,-0.060,9.910,0.36,-0.30,0.06
6.90,0.010,-0.055,9.920,0.36,-0.18,0.12
6.91,0.015,-0.020,9.890,0.30,-0.00,0.06
6.92,0.010,-0.060,9.890,0.30,0.00,-0.12
6.93,0.010,-0.025,9.885,0.42,-0.06,-0.00
6.94,0.035,-0.075,9.860,0.42,-0.06,0.06
6.95,0.045,-0.040,9.890,0.30,-0.18,0.12
6.96,0.075,-0.020,9.890,0.06,-0.24,0.12
6.97,0.040,-0.055,9.875,0.24,-0.18,0.00
6.98,0.080,-0.015,9.940,0.30,-0.12,0.18
6.99,0.065,-0.025,9.940,0.36,-0.12,-0.00
7.00,0.075,-0.035,9.885,0.30,-0.06,-0.06
7.01,-0.025,-0.060,9.850,0.18,0.00,0.06
7.02,0.060,-0.025,9.850,0.24,-0.24,0.00
7.03,0.085,-0.005,9.880,0.06,-0.24,-0.00
7.04,0.070,-0.050,9.910,0.48,-0.30,0.18
7.05,-0.025,-0.075,9.940,0.24,-0.18,-0.12
7.06,0.065,-0.040,9.920,0.30,-0.00,0.12
7.07,0.065,-0.030,9.895,0.36,-0.24,0.06
7.08,0.045,-0.065,9.915,0.24,-0.12,0.06
7.09,0.095,0.020,9.910,0.30,-0.36,-0.00
7.10,0.065,-0.015,9.905,0.12,-0.24,0.06
7.11,0.080,-0.015,9.890,0.42,-0.18,0.12
7.12,0.030,-0.040,9.865,0.06,-0.00,0.06
7.13,0.045,-0.035,9.890,0.12,-0.06,0.36
7.14,0.020,-0.055,9.870,0.36,-0.18,0.12
7.15,0.040,-0.095,9.880,0.30,-0.06,0.00
7.16,0.040,-0.045,9.905,0.30,-0.06,-0.12
7.17,-0.000,-0.045,9.920,0.24,-0.18,0.06
7.18,0.065,-0.035,9.895,0.18,-0.18,-0.06
7.19,0.035,-0.020,9.915,0.36,-0.18,0.00
7.20,0.070,-0.030,9.910,0.12,-0.12,-0.24
7.21,0.055,-0.035,9.870,0.36,-0.12,0.06
7.22,0.055,-0.060,9.900,0.24,-0.30,0.18
7.23,0.025,-0.065,9.875,0.06,-0.12,0.06
7.24,0.050,-0.025,9.880,0.42,-0.24,-0.06
7.25,0.040,-0.020,9.890,0.24,0.12,0.12
7.26,0.045,-0.045,9.865,0.18,0.06,0.00
7.27,0.120,-0.010,9.885,0.24,0.00,0.06
7.28,0.045,-0.030,9.900,0.12,-0.12,0.12
7.29,0.035,-0.085,9.920,0.36,-0.12,0.12
7.30,0.010,-0.030,9.945,0.30,-0.12,-0.06
7.31,0.010,-0.060,9.900,0.12,-0.12,-0.12
7.32,0.075,-0.005,9.895,0.30,-0.12,0.06
7.33,0.080,-0.005,9.880,0.30,-0.12,0.18
7.34,0.085,-0.045,9.865,0.30,-0.18,0.06
7.35,0.090,-0.020,9.895,0.30,-0.00,-0.00
7.36,0.060,-0.045,9.890,0.18,-0.06,-0.06
7.37,0.075,-0.040,9.860,0.24,0.00,0.06
7.38,0.025,-0.005,9.935,0.30,-0.18,0.12
7.39,0.035,-0.010,9.940,0.30,-0.12,-0.00
7.40,0.050,-0.030,9.900,0.42,-0.00,0.12
7.41,0.045,-0.035,9.910,0.54,-0.06,0.12
7.42,0.050,0.015,9.880,0.24,-0.12,-0.06
7.43,0.050,-0.015,9.885,0.30,-0.12,0.12
7.44,0.050,-0.015,9.920,0.36,-0.18,0.06
7.45,0.040,-0.020,9.870,0.24,-0.06,0.18
7.46,0.040,-0.030,9.870,0.48,-0.00,0.06
7.47,0.045,-0.025,9.880,0.54,-0.12,0.24
7.48,0.085,0.000,9.855,0.24,0.12,-0.06
7.49,0.025,-0.075,9.920,0.30,0.18,0.00
7.50,0.110,-0.040,9.940,0.36,0.18,-0.00
7.51,0.035,0.015,9.930,0.36,-0.12,-0.00
7.52,0.040,-0.010,9.880,0.24,-0.06,0.30
7.53,0.085,-0.025,9.870,0.30,-0.12,-0.06
7.54,-0.005,-0.060,9.875,0.30,-0.00,0.12
7.55,0.050,-0.070,9.895,0.18,-0.18,-0.00
7.56,0.030,-0.025,9.820,0.42,-0.00,-0.06
7.57,0.095,-0.010,9.930,0.36,-0.30,0.12
7.58,0.035,-0.020,9.900,0.30,-0.24,-0.00
7.59,0.075,-0.015,9.880,0.30,-0.12,-0.06
7.60,0.045,-0.055,9.900,0.24,0.12,-0.12
7.61,0.035,-0.025,9.855,0.30,0.00,0.06
7.62,0.065,-0.015,9.895,0.12,-0.12,0.12
7.63,0.035,-0.030,9.875,0.42,0.00,-0.06
7.64,0.060,-0.025,9.910,0.36,-0.18,0.00
7.65,0.015,-0.045,9.910,0.36,-0.06,-0.12
7.66,0.040,-0.005,9.905,0.42,-0.12,-0.00
7.67,0.075,0.005,9.935,0.30,-0.24,0.00
7.68,0.045,-0.065,9.935,0.30,-0.36,-0.00
7.69,0.060,-0.045,9.895,0.36,-0.12,0.06
7.70,0.010,-0.080,9.855,0.18,-0.06,0.00
7.71,0.020,-0.055,9.900,0.30,-0.24,0.06
7.72,0.045,-0.080,9.865,0.30,-0.12,0.00
7.73,0.105,0.020,9.880,0.18,-0.12,0.06
7.74,0.045,-0.025,9.870,0.42,0.00,0.00
7.75,0.045,-0.010,9.935,0.24,-0.18,0.06
7.76,0.015,-0.065,9.875,0.36,-0.18,-0.00
7.77,0.055,-0.045,9.885,0.30,-0.00,0.00
7.78,-0.000,-0.060,9.895,0.36,-0.12,0.00
7.79,0.040,-0.055,9.905,0.30,0.12,0.06
7.80,-0.010,-0.025,9.880,0.24,-0.18,0.12
7.81,0.065,-0.010,9.855,0.24,0.06,0.00
7.82,0.035,-0.030,9.890,0.48,-0.12,-0.00
7.83,0.040,-0.035,9.870,0.30,-0.18,0.00
7.84,0.020,-0.040,9.950,0.36,-0.06,0.12
7.85,0.005,-0.085,9.875,0.36,0.12,0.06
7.86,0.065,-0.030,9.875,0.42,-0.12,0.06
7.87,0.035,-0.020,9.910,0.36,-0.12,0.36
7.88,0.060,-0.010,9.885,0.30,-0.24,0.06
7.89,0.035,-0.010,9.855,0.30,-0.12,-0.00
7.90,0.025,-0.050,9.890,0.18,-0.12,0.06
7.91,0.080,0.015,9.880,0.24,0.06,0.18
7.92,0.060,0.020,9.885,0.24,-0.18,0.12
7.93,0.060,-0.040,9.900,0.12,-0.12,-0.06
7.94,0.040,-0.020,9.840,0.30,0.12,-0.06
7.95,0.050,-0.015,9.865,0.36,-0.18,-0.06
7.96,0.075,-0.020,9.885,0.18,-0.12,0.06
7.97,-0.005,-0.045,9.865,0.48,-0.24,0.12
7.98,0.030,-0.005,9.850,0.30,0.00,0.06
7.99,0.080,-0.035,9.940,0.42,-0.06,-0.12
8.00,0.075,-0.040,9.855,0.30,-0.18,-0.18
8.01,0.035,-0.050,9.930,0.30,-0.24,0.06
8.02,0.095,-0.035,9.910,0.18,0.00,0.00
8.03,0.025,-0.050,9.890,0.36,-0.12,0.06
8.04,0.070,-0.010,9.895,0.54,-0.00,-0.00
8.05,0.065,-0.045,9.875,0.30,-0.12,0.00
8.06,0.075,0.025,9.875,0.24,-0.12,0.00
8.07,0.070,-0.025,9.885,0.18,-0.18,0.00
8.08,0.035,-0.035,9.860,0.18,-0.18,0.06
8.09,0.065,-0.030,9.860,0.30,-0.06,0.06
8.10,0.060,-0.010,9.910,0.30,0.00,0.12
8.11,0.055,-0.025,9.935,0.30,0.06,0.12
8.12,0.020,-0.050,9.915,0.36,-0.18,0.12
8.13,0.045,-0.055,9.825,0.42,-0.06,0.06
8.14,0.030,-0.030,9.920,0.36,-0.24,0.06
8.15,0.025,-0.085,9.890,0.36,0.00,0.06
8.16,0.000,-0.060,9.910,0.30,-0.06,-0.12
8.17,0.040,-0.105,9.940,0.36,-0.12,0.18
8.18,0.045,-0.000,9.865,0.18,-0.06,0.18
8.19,0.040,-0.040,9.875,0.30,-0.06,-0.06
8.20,0.005,-0.045,9.895,0.48,-0.12,0.12
8.21,0.030,-0.055,9.925,0.24,-0.06,-0.06
8.22,0.015,-0.060,9.880,0.42,-0.06,-0.00
8.23,0.045,-0.015,9.915,0.42,-0.00,0.18
8.24,0.080,-0.025,9.940,0.36,-0.18,-0.06
8.25,0.050,-0.055,9.870,0.24,-0.06,0.06
8.26,0.015,-0.040,9.925,0.24,-0.06,-0.06
8.27,0.045,-0.050,9.870,0.18,-0.06,0.12
8.28,0.025,-0.015,9.880,0.24,-0.00,-0.06
8.29,0.030,-0.040,9.900,0.24,-0.06,0.00
8.30,0.025,-0.030,9.920,0.42,-0.00,0.12
8.31,0.105,0.005,9.845,0.30,-0.06,0.06
8.32,0.080,-0.060,9.895,0.42,-0.24,0.12
8.33,0.010,-0.010,9.865,0.12,-0.06,0.12
8.34,0.070,-0.040,9.840,0.42,-0.06,0.12
8.35,0.045,-0.025,9.890,0.24,-0.12,0.00
8.36,0.070,-0.015,9.860,0.12,-0.18,0.18
8.37,0.075,-0.050,9.865,0.24,-0.18,0.12
8.38,0.020,-0.035,9.900,0.24,-0.12,0.06
8.39,0.015,-0.065,9.875,0.30,-0.12,0.06
8.40,0.050,-0.030,9.880,0.30,-0.00,-0.12
8.41,0.070,-0.015,9.910,0.60,-0.06,0.18
8.42,0.090,-0.020,9.880,0.42,0.06,-0.06
8.43,0.080,-0.020,9.875,0.42,0.06,0.00
8.44,0.025,0.000,9.850,0.24,-0.12,0.06
8.45,0.030,-0.020,9.885,0.24,-0.18,0.00
8.46,0.055,-0.035,9.965,0.30,-0.18,-0.00
8.47,0.055,-0.050,9.905,0.36,-0.12,0.00
8.48,0.060,-0.010,9.905,0.12,-0.12,0.06
8.49,0.055,-0.005,9.935,0.36,-0.00,0.06
8.50,0.055,0.000,9.905,0.18,-0.24,-0.00
8.51,-0.005,-0.095,9.885,0.36,-0.06,-0.18
8.52,0.075,-0.010,9.900,0.12,-0.12,0.06
8.53,0.060,-0.030,9.920,0.24,-0.30,-0.00
8.54,0.070,0.010,9.835,0.24,0.00,-0.00
8.55,0.025,-0.020,9.895,0.24,-0.06,0.06
8.56,0.015,-0.025,9.860,0.30,0.00,0.12
8.57,0.095,-0.035,9.935,0.18,-0.06,0.06
8.58,0.030,-0.035,9.940,0.42,-0.06,0.18
8.59,0.090,-0.015,9.865,0.36,-0.06,0.00
8.60,0.060,-0.015,9.875,0.18,0.12,0.06
8.61,0.060,0.030,9.865,0.24,-0.12,-0.12
8.62,0.010,-0.045,9.900,0.18,-0.06,0.12
8.63,0.020,-0.035,9.860,0.36,-0.06,0.06
8.64,0.040,-0.035,9.875,0.30,-0.18,0.12
8.65,0.095,-0.025,9.945,0.42,-0.18,0.00
8.66,0.045,-0.050,9.915,0.42,-0.12,0.06
8.67,0.060,-0.035,9.900,0.36,-0.30,-0.06
8.68,0.010,-0.055,9.870,0.30,-0.12,0.12
8.69,0.090,0.000,9.875,0.06,-0.06,0.06
8.70,0.055,-0.020,9.880,0.24,-0.06,-0.00
8.71,0.025,-0.080,9.920,0.36,-0.12,-0.00
8.72,-0.000,-0.015,9.885,0.30,-0.00,0.12
8.73,0.045,-0.000,9.890,0.12,-0.12,0.12
8.74,0.020,-0.060,9.890,0.18,0.06,-0.00
8.75,0.060,-0.035,9.885,0.48,-0.24,0.12
8.76,0.065,0.010,9.940,0.42,-0.12,0.12
8.77,0.105,-0.015,9.870,0.36,-0.00,-0.00
8.78,0.035,-0.030,9.860,0.24,-0.12,-0.06
8.79,0.050,0.035,9.865,0.30,-0.18,0.06
8.80,0.045,-0.055,9.930,0.42,-0.24,0.12
8.81,0.085,-0.020,9.905,0.24,0.00,0.06
8.82,0.030,-0.040,9.930,0.36,-0.12,0.18
8.83,0.050,0.010,9.910,0.42,-0.24,0.06
8.84,0.065,-0.015,9.885,0.30,-0.06,0.06
8.85,0.075,-0.055,9.910,0.12,-0.12,0.06
8.86,0.075,-0.050,9.910,0.24,-0.12,0.12
8.87,0.045,-0.055,9.825,0.36,-0.12,0.12
8.88,0.080,-0.040,9.860,0.30,-0.00,-0.12
8.89,0.060,-0.030,9.950,0.18,-0.06,0.12
8.90,0.050,-0.020,9.880,0.42,-0.06,-0.06
8.91,0.090,-0.040,9.925,0.24,-0.30,0.06
8.92,0.070,0.025,9.885,0.30,-0.24,0.18
8.93,0.015,-0.040,9.890,0.42,-0.12,0.06
8.94,0.020,-0.060,9.890,0.36,-0.30,-0.00
8.95,0.025,-0.060,9.845,0.36,-0.18,-0.18
8.96,0.035,-0.010,9.895,0.30,-0.12,0.00
8.97,0.055,-0.040,9.845,0.24,-0.18,0.00
8.98,0.045,-0.030,9.915,0.30,-0.00,0.30
8.99,0.065,-0.015,9.860,0.42,-0.18,0.06
9.00,0.030,-0.020,9.880,0.42,-0.18,0.06
9.01,0.035,0.000,9.890,0.54,-0.06,0.12
9.02,0.065,-0.015,9.865,0.30,-0.30,0.12
9.03,0.030,-0.025,9.865,0.42,-0.12,0.06
9.04,0.085,-0.045,9.925,0.36,-0.06,0.12
9.05,0.055,-0.045,9.880,0.36,-0.18,-0.06
9.06,0.060,-0.025,9.930,0.36,-0.06,0.12
9.07,0.080,-0.010,9.885,0.24,-0.06,0.12
9.08,0.005,-0.040,9.860,0.18,-0.24,-0.12
9.09,0.010,-0.040,9.920,0.18,-0.12,0.06
9.10,0.075,-0.005,9.850,0.24,-0.18,0.18
9.11,0.020,-0.050,9.875,0.42,-0.06,0.06
9.12,0.035,-0.045,9.955,0.24,-0.30,0.00
9.13,0.050,0.005,9.870,0.24,-0.06,0.00
9.14,0.040,-0.065,9.935,0.36,-0.24,0.30
9.15,0.045,-0.035,9.875,0.36,-0.12,0.24
9.16,0.060,-0.055,9.910,0.42,0.06,0.06
9.17,0.020,-0.025,9.900,0.42,-0.12,0.06
9.18,0.045,-0.020,9.915,0.12,-0.12,0.12
9.19,0.010,-0.080,9.900,0.24,-0.18,-0.00
9.20,0.060,-0.000,9.930,0.42,-0.24,0.18
9.21,0.075,-0.030,9.905,0.30,-0.12,0.12
9.22,0.030,-0.040,9.880,0.24,-0.00,0.06
9.23,0.080,-0.010,9.875,0.24,-0.18,-0.00
9.24,0.085,0.030,9.915,0.42,-0.18,0.06
9.25,0.025,-0.040,9.860,0.18,-0.18,0.12
9.26,0.075,-0.035,9.900,0.36,-0.12,0.18
9.27,0.035,-0.005,9.905,0.24,-0.18,-0.00
9.28,0.065,-0.005,9.845,0.48,-0.06,0.00
9.29,0.030,-0.015,9.845,0.42,-0.24,0.06
9.30,0.075,-0.005,9.885,0.30,-0.24,-0.00
9.31,0.055,-0.060,9.855,0.24,-0.12,0.18
9.32,0.060,-0.030,9.945,0.48,-0.18,0.12
9.33,0.010,-0.030,9.870,0.30,-0.18,-0.06
9.34,0.050,-0.030,9.865,0.30,-0.18,-0.06
9.35,0.055,-0.085,9.865,0.18,-0.30,0.12
9.36,0.075,0.005,9.905,0.30,-0.30,0.06
9.37,0.040,-0.035,9.885,0.18,-0.18,-0.00
9.38,0.020,-0.040,9.865,0.24,-0.06,0.18
9.39,0.035,-0.050,9.910,0.12,0.06,0.12
9.40,0.020,-0.055,9.885,0.18,-0.12,0.18
9.41,0.030,-0.025,9.905,0.18,-0.12,0.18
9.42,0.040,-0.030,9.900,0.18,-0.30,0.12
9.43,0.035,-0.095,9.895,0.30,-0.18,0.06
9.44,0.050,-0.040,9.910,0.36,-0.06,0.06
9.45,0.065,0.020,9.900,0.42,-0.12,-0.12
9.46,0.030,-0.045,9.915,0.42,-0.18,-0.06
9.47,0.020,-0.020,9.900,0.18,-0.06,0.06
9.48,0.000,-0.010,9.885,0.24,-0.24,0.06
9.49,-0.015,-0.040,9.880,0.30,-0.24,0.12
9.50,0.035,-0.035,9.870,0.36,-0.12,0.24
9.51,0.075,-0.020,9.910,0.24,-0.06,0.06
9.52,0.085,-0.035,9.930,0.36,-0.00,0.06
9.53,0.020,-0.050,9.930,0.48,-0.12,0.06
9.54,-0.010,-0.085,9.890,0.30,-0.06,0.12
9.55,0.055,-0.030,9.870,0.42,-0.12,0.12
9.56,0.055,-0.045,9.895,0.12,-0.12,0.06
9.57,0.075,-0.045,9.865,0.06,-0.06,-0.00
9.58,0.050,-0.020,9.860,0.48,-0.18,0.18
9.59,0.025,-0.040,9.940,0.36,-0.24,0.12
9.60,0.000,-0.010,9.865,0.42,-0.12,0.12
9.61,0.025,-0.020,9.925,0.24,-0.06,0.12
9.62,0.055,-0.035,9.935,0.12,-0.12,-0.06
9.63,0.035,0.020,9.885,0.30,-0.18,-0.12
9.64,0.035,-0.025,9.895,0.36,-0.12,0.12
9.65,0.050,-0.050,9.925,0.24,-0.24,-0.12
9.66,0.010,-0.045,9.860,0.36,-0.18,0.06
9.67,0.040,-0.040,9.875,0.24,-0.06,0.12
9.68,-0.000,-0.070,9.890,0.42,-0.12,0.12
9.69,0.060,-0.010,9.890,0.30,-0.12,0.06
9.70,0.045,-0.060,9.870,0.42,-0.12,0.06
9.71,0.040,-0.045,9.905,0.42,-0.12,-0.24
9.72,0.075,-0.060,9.870,0.36,-0.12,0.06
9.73,0.030,-0.045,9.845,0.42,-0.12,0.12
9.74,0.065,0.005,9.855,0.30,-0.06,0.00
9.75,0.065,0.005,9.895,0.18,-0.12,0.18
9.76,0.070,-0.015,9.900,0.18,-0.06,0.18
9.77,0.050,-0.025,9.875,0.36,-0.12,0.12
9.78,0.060,-0.045,9.850,0.30,0.12,0.00
9.79,0.085,-0.035,9.920,0.18,-0.24,0.00
9.80,0.055,-0.005,9.910,0.30,-0.18,0.06
9.81,0.030,-0.020,9.895,0.36,-0.12,0.12
9.82,0.005,-0.015,9.850,0.18,-0.12,-0.06
9.83,0.045,-0.035,9.885,0.36,0.18,-0.06
9.84,0.085,-0.030,9.880,0.24,-0.18,0.06
9.85,0.100,-0.025,9.875,0.42,0.06,0.18
9.86,0.060,-0.020,9.885,0.42,-0.06,0.00
9.87,0.055,-0.040,9.915,0.30,0.00,-0.12
9.88,0.065,-0.040,9.860,0.42,-0.12,0.12
9.89,0.040,-0.040,9.870,0.48,-0.24,0.30
9.90,0.040,-0.040,9.940,0.24,-0.00,-0.06
9.91,0.050,-0.030,9.880,0.18,-0.12,-0.06
9.92,0.080,-0.035,9.895,0.36,0.06,0.18
9.93,0.065,-0.020,9.920,0.42,-0.06,0.00
9.94,0.040,-0.025,9.825,0.24,-0.06,0.12
9.95,0.055,-0.060,9.875,0.18,-0.06,0.06
9.96,0.030,-0.060,9.915,0.42,-0.18,0.06
9.97,0.040,-0.030,9.890,0.36,-0.12,0.00
9.98,0.080,-0.010,9.935,0.36,-0.12,0.06
9.99,0.095,-0.025,9.890,0.36,-0.06,0.24
