t,leg,state,x_true,y_true,th_true,x_est,y_est,th_est,sd_x,sd_y,sd_th,v_cmd,w_cmd,v_true
0.00,1,READY,1.000,1.900,0.000,1.012,1.876,-0.010,0.017,0.017,0.011,0.300,-0.042,0.000
0.50,1,READY,1.095,1.900,-0.012,1.120,1.892,0.009,0.022,0.010,0.013,0.300,-0.099,0.301
1.00,1,READY,1.245,1.895,-0.039,1.253,1.888,-0.034,0.015,0.007,0.009,0.300,-0.030,0.303
1.50,1,READY,1.395,1.889,-0.049,1.395,1.881,-0.051,0.022,0.007,0.013,0.300,-0.006,0.297
2.00,1,READY,1.545,1.882,-0.043,1.534,1.878,-0.057,0.015,0.006,0.009,0.300,0.003,0.300
2.50,1,READY,1.695,1.875,-0.041,1.709,1.871,-0.034,0.022,0.005,0.013,0.300,-0.005,0.301
3.00,1,READY,1.845,1.869,-0.035,1.817,1.864,-0.050,0.015,0.005,0.009,0.300,0.026,0.297
3.50,1,READY,1.995,1.865,-0.025,1.954,1.859,-0.033,0.022,0.005,0.013,0.300,0.018,0.300
4.00,1,READY,2.145,1.862,-0.017,2.147,1.852,-0.022,0.015,0.004,0.009,0.300,0.020,0.299
4.50,1,READY,2.295,1.860,-0.011,2.299,1.851,-0.015,0.022,0.004,0.013,0.300,0.014,0.299
5.00,1,READY,2.445,1.859,-0.009,2.439,1.855,-0.003,0.015,0.004,0.009,0.300,-0.008,0.301
5.50,1,READY,2.595,1.857,-0.029,2.581,1.852,-0.039,0.022,0.004,0.013,0.300,-0.143,0.300
6.00,1,READY,2.744,1.846,-0.128,2.751,1.842,-0.120,0.015,0.004,0.009,0.300,-0.274,0.299
6.50,1,READY,2.892,1.819,-0.221,2.891,1.816,-0.220,0.021,0.006,0.013,0.300,-0.071,0.301
7.00,1,READY,3.038,1.784,-0.246,3.028,1.783,-0.238,0.014,0.005,0.009,0.300,-0.014,0.300
7.50,1,READY,3.183,1.748,-0.236,3.182,1.746,-0.231,0.021,0.006,0.013,0.300,0.067,0.299
8.00,1,READY,3.330,1.715,-0.197,3.314,1.717,-0.199,0.014,0.005,0.009,0.300,0.084,0.297
8.50,1,READY,3.477,1.689,-0.155,3.489,1.685,-0.141,0.021,0.005,0.013,0.300,0.083,0.299
9.00,1,READY,3.626,1.669,-0.111,3.613,1.669,-0.102,0.013,0.004,0.009,0.300,0.075,0.296
9.50,1,READY,3.775,1.655,-0.076,3.779,1.654,-0.070,0.021,0.004,0.013,0.300,0.065,0.300
10.00,1,READY,3.925,1.646,-0.045,3.912,1.648,-0.046,0.013,0.004,0.009,0.300,0.055,0.298
10.50,1,READY,4.075,1.641,-0.015,4.071,1.639,-0.044,0.023,0.004,0.014,0.300,0.064,0.297
11.00,1,READY,4.225,1.641,-0.001,4.213,1.639,0.005,0.015,0.004,0.009,0.300,0.017,0.300
11.50,1,READY,4.375,1.638,-0.056,4.349,1.637,-0.050,0.022,0.004,0.013,0.300,-0.145,0.300
12.00,1,READY,4.525,1.626,-0.103,4.497,1.627,-0.095,0.017,0.004,0.011,0.300,-0.046,0.298
12.50,1,READY,4.674,1.609,-0.111,4.674,1.605,-0.126,0.023,0.005,0.014,0.300,0.031,0.296
13.00,1,READY,4.823,1.593,-0.097,4.839,1.588,-0.087,0.017,0.005,0.010,0.300,0.015,0.297
13.50,1,READY,4.973,1.580,-0.079,4.961,1.574,-0.089,0.024,0.005,0.014,0.300,0.047,0.301
14.00,1,READY,5.122,1.570,-0.055,5.119,1.564,-0.044,0.018,0.005,0.010,0.288,0.006,0.297
14.50,1,READY,5.241,1.564,-0.055,5.242,1.559,-0.030,0.024,0.005,0.014,0.169,-0.032,0.178
15.00,1,READY,5.308,1.560,-0.047,5.315,1.556,-0.041,0.018,0.004,0.010,0.101,-0.003,0.107
15.50,1,READY,5.319,1.560,-0.047,5.318,1.556,-0.041,0.024,0.004,0.014,0.000,0.000,0.000
16.00,1,READY,5.319,1.560,-0.047,5.342,1.556,-0.049,0.018,0.004,0.010,0.000,0.000,0.000
16.50,1,READY,5.319,1.560,-0.047,5.332,1.557,-0.046,0.024,0.004,0.014,0.000,0.000,0.000
17.00,1,READY,5.319,1.560,-0.047,5.318,1.557,-0.061,0.018,0.004,0.010,0.000,0.000,0.000
17.50,2,READY,5.319,1.559,0.264,5.330,1.559,0.251,0.024,0.005,0.014,0.000,1.000,-0.001
18.00,2,READY,5.319,1.559,0.764,5.332,1.562,0.776,0.015,0.011,0.010,0.000,1.000,-0.002
18.50,2,READY,5.319,1.560,1.264,5.326,1.549,1.258,0.013,0.021,0.014,0.000,1.000,0.001
19.00,2,READY,5.319,1.560,1.765,5.319,1.572,1.767,0.009,0.018,0.010,0.000,1.000,0.001
19.50,2,READY,5.304,1.581,2.265,5.300,1.601,2.273,0.015,0.022,0.014,0.300,0.764,0.199
20.00,2,READY,5.192,1.669,2.630,5.198,1.673,2.632,0.016,0.014,0.010,0.300,0.573,0.300
20.50,2,READY,5.053,1.724,2.890,5.046,1.737,2.889,0.023,0.012,0.014,0.300,0.493,0.302
21.00,2,READY,4.904,1.747,3.070,4.895,1.758,3.068,0.018,0.008,0.010,0.300,0.287,0.300
21.50,2,READY,4.755,1.748,-3.096,4.765,1.753,-3.098,0.024,0.008,0.014,0.300,0.175,0.299
22.00,2,READY,4.605,1.736,-3.037,4.576,1.739,-3.034,0.017,0.007,0.011,0.300,0.066,0.301
22.50,2,READY,4.456,1.718,-3.018,4.450,1.722,-3.017,0.023,0.007,0.014,0.300,0.021,0.301
23.00,2,READY,4.307,1.700,-3.023,4.299,1.706,-3.008,0.017,0.007,0.011,0.300,-0.034,0.299
23.50,2,READY,4.158,1.683,-3.038,4.152,1.688,-3.032,0.022,0.007,0.013,0.300,-0.040,0.302
24.00,2,READY,4.008,1.670,-3.086,3.994,1.673,-3.082,0.017,0.006,0.010,0.300,-0.218,0.298
24.50,2,READY,3.858,1.671,3.061,3.842,1.671,3.069,0.021,0.006,0.013,0.300,-0.312,0.299
25.00,2,READY,3.710,1.696,2.893,3.710,1.691,2.894,0.013,0.006,0.008,0.300,-0.298,0.305
25.50,2,READY,3.568,1.743,2.750,3.585,1.732,2.751,0.020,0.009,0.013,0.300,-0.265,0.300
26.00,2,READY,3.434,1.809,2.629,3.451,1.798,2.627,0.013,0.008,0.009,0.300,-0.231,0.295
26.50,2,READY,3.306,1.887,2.582,3.309,1.881,2.585,0.018,0.012,0.013,0.300,0.029,0.296
27.00,2,READY,3.179,1.967,2.575,3.179,1.963,2.576,0.012,0.009,0.009,0.300,-0.029,0.303
27.50,2,READY,3.055,2.052,2.498,3.055,2.047,2.503,0.017,0.013,0.013,0.300,-0.152,0.302
28.00,2,READY,2.938,2.146,2.432,2.960,2.123,2.428,0.011,0.010,0.009,0.300,-0.093,0.296
28.50,2,READY,2.826,2.246,2.410,2.820,2.249,2.413,0.016,0.015,0.013,0.300,0.022,0.301
29.00,2,READY,2.714,2.346,2.423,2.706,2.354,2.415,0.011,0.010,0.009,0.300,0.012,0.302
29.50,2,READY,2.601,2.444,2.427,2.598,2.448,2.418,0.016,0.015,0.013,0.300,-0.008,0.303
30.00,2,READY,2.488,2.542,2.423,2.485,2.548,2.428,0.011,0.010,0.009,0.300,-0.032,0.297
30.50,2,READY,2.376,2.642,2.411,2.374,2.651,2.399,0.016,0.015,0.013,0.300,-0.013,0.298
31.00,2,READY,2.265,2.743,2.372,2.276,2.739,2.367,0.011,0.010,0.009,0.300,-0.143,0.299
31.50,2,READY,2.163,2.852,2.258,2.170,2.851,2.246,0.015,0.017,0.013,0.300,-0.283,0.299
32.00,2,READY,2.077,2.975,2.100,2.071,2.991,2.100,0.009,0.012,0.008,0.300,-0.326,0.300
32.50,2,READY,2.012,3.110,1.946,2.014,3.104,1.954,0.010,0.021,0.013,0.300,-0.287,0.300
33.00,2,READY,1.969,3.254,1.762,1.970,3.245,1.765,0.006,0.014,0.008,0.300,-0.405,0.298
33.50,2,READY,1.956,3.403,1.545,1.957,3.404,1.532,0.005,0.021,0.012,0.300,-0.426,0.299
34.00,2,READY,1.976,3.552,1.328,1.975,3.552,1.332,0.005,0.014,0.008,0.300,-0.381,0.298
34.50,2,READY,2.026,3.693,1.141,2.024,3.691,1.131,0.009,0.020,0.012,0.300,-0.291,0.304
35.00,2,READY,2.098,3.824,0.996,2.100,3.835,0.995,0.008,0.013,0.008,0.300,-0.243,0.300
35.50,2,READY,2.188,3.945,0.891,2.187,3.956,0.887,0.015,0.019,0.014,0.300,-0.068,0.307
36.00,2,READY,2.284,4.060,0.856,2.278,4.065,0.843,0.012,0.014,0.010,0.300,-0.046,0.298
36.50,2,READY,2.383,4.172,0.832,2.374,4.170,0.833,0.016,0.018,0.014,0.300,-0.048,0.302
37.00,2,READY,2.485,4.282,0.813,2.477,4.282,0.803,0.012,0.013,0.010,0.300,-0.027,0.301
37.50,2,READY,2.589,4.390,0.802,2.581,4.389,0.793,0.017,0.017,0.014,0.300,-0.021,0.300
38.00,2,READY,2.694,4.497,0.790,2.687,4.497,0.790,0.013,0.013,0.010,0.300,-0.022,0.300
38.50,2,READY,2.800,4.604,0.785,2.788,4.598,0.782,0.017,0.017,0.014,0.300,-0.013,0.301
39.00,2,READY,2.906,4.709,0.778,2.900,4.708,0.771,0.013,0.013,0.010,0.300,0.002,0.301
39.50,2,READY,3.012,4.813,0.774,3.014,4.820,0.783,0.017,0.017,0.014,0.259,-0.017,0.272
40.00,2,READY,3.089,4.889,0.780,3.090,4.890,0.793,0.013,0.013,0.010,0.155,-0.020,0.179
40.50,2,READY,3.133,4.932,0.800,3.142,4.942,0.784,0.017,0.017,0.014,0.000,1.000,0.089
41.00,2,READY,3.139,4.939,1.238,3.135,4.931,1.249,0.010,0.015,0.010,0.000,1.000,-0.001
41.50,2,READY,3.139,4.939,1.738,3.144,4.946,1.755,0.008,0.023,0.014,0.000,1.000,0.000
42.00,2,READY,3.139,4.939,2.238,3.152,4.953,2.243,0.010,0.015,0.011,0.000,1.000,0.000
42.50,2,READY,3.139,4.939,2.734,3.156,4.948,2.728,0.019,0.014,0.014,0.000,0.824,-0.001
43.00,2,READY,3.139,4.939,2.998,3.129,4.952,3.004,0.015,0.008,0.011,0.000,0.000,0.001
43.50,2,READY,3.139,4.939,3.005,3.123,4.954,3.003,0.022,0.008,0.014,0.000,0.000,0.000
44.00,2,READY,3.139,4.939,3.005,3.129,4.949,2.993,0.015,0.006,0.011,0.000,0.000,0.000
44.50,2,READY,3.139,4.939,3.005,3.144,4.947,2.999,0.022,0.006,0.014,0.000,0.000,0.000
45.00,3,READY,3.139,4.939,3.005,3.133,4.945,2.999,0.015,0.006,0.011,0.000,0.000,0.000
45.50,3,READY,3.076,4.946,3.077,3.054,4.956,3.068,0.022,0.006,0.014,0.000,1.000,0.140
46.00,3,READY,2.962,4.938,-2.939,2.970,4.943,-2.922,0.016,0.006,0.010,0.300,0.715,0.300
46.50,3,READY,2.823,4.882,-2.590,2.820,4.883,-2.587,0.025,0.012,0.018,0.300,0.522,0.302
47.00,3,READY,2.707,4.788,-2.335,2.714,4.797,-2.325,0.014,0.013,0.010,0.300,0.469,0.300
47.50,3,READY,2.616,4.670,-2.142,2.621,4.674,-2.149,0.015,0.020,0.014,0.300,0.281,0.300
48.00,3,READY,2.542,4.539,-2.051,2.533,4.525,-2.059,0.010,0.016,0.010,0.300,0.141,0.299
48.50,3,READY,2.471,4.408,-2.114,2.450,4.383,-2.124,0.013,0.021,0.014,0.300,-0.195,0.303
49.00,3,READY,2.387,4.283,-2.207,2.370,4.273,-2.217,0.011,0.015,0.010,0.300,-0.137,0.300
49.50,3,READY,2.294,4.165,-2.256,2.306,4.189,-2.254,0.016,0.019,0.014,0.300,0.003,0.302
50.00,3,READY,2.201,4.048,-2.214,2.205,4.062,-2.212,0.012,0.014,0.010,0.300,0.187,0.302
50.50,3,READY,2.117,3.923,-2.108,2.129,3.945,-2.092,0.014,0.020,0.014,0.300,0.198,0.302
51.00,3,READY,2.048,3.791,-1.983,2.050,3.808,-1.975,0.008,0.013,0.008,0.300,0.237,0.299
51.50,3,READY,1.996,3.650,-1.864,1.996,3.663,-1.867,0.008,0.020,0.012,0.300,0.239,0.299
52.00,3,READY,1.961,3.504,-1.772,1.964,3.533,-1.775,0.006,0.015,0.008,0.300,0.012,0.303
52.50,3,READY,1.930,3.357,-1.793,1.924,3.347,-1.797,0.006,0.021,0.012,0.300,-0.125,0.299
53.00,3,READY,1.892,3.212,-1.878,1.888,3.211,-1.888,0.006,0.014,0.008,0.300,-0.184,0.297
53.50,3,READY,1.839,3.072,-1.988,1.836,3.059,-1.978,0.009,0.020,0.012,0.300,-0.225,0.299
54.00,3,READY,1.771,2.938,-2.088,1.770,2.931,-2.090,0.008,0.013,0.008,0.300,-0.186,0.300
54.50,3,READY,1.691,2.811,-2.179,1.691,2.810,-2.185,0.012,0.018,0.012,0.300,-0.141,0.297
55.00,3,READY,1.601,2.692,-2.249,1.601,2.691,-2.253,0.009,0.011,0.008,0.300,0.247,0.302
55.50,3,READY,1.513,2.571,-2.158,1.518,2.575,-2.155,0.012,0.017,0.012,0.300,0.115,0.301
56.00,3,READY,1.433,2.444,-2.116,1.424,2.428,-2.111,0.009,0.013,0.009,0.300,0.022,0.300
56.50,3,READY,1.356,2.315,-2.116,1.356,2.316,-2.112,0.012,0.018,0.013,0.300,-0.042,0.299
57.00,3,READY,1.277,2.188,-2.138,1.280,2.191,-2.138,0.008,0.012,0.009,0.300,-0.037,0.300
57.50,3,READY,1.198,2.066,-2.151,1.188,2.052,-2.161,0.012,0.017,0.013,0.241,-0.018,0.257
58.00,3,READY,1.141,1.980,-2.164,1.144,1.984,-2.155,0.008,0.011,0.009,0.167,-0.105,0.164
58.50,3,READY,1.102,1.925,-2.194,1.100,1.918,-2.203,0.012,0.017,0.013,0.102,0.002,0.105
59.00,3,READY,1.089,1.906,-1.876,1.091,1.903,-1.881,0.007,0.012,0.009,0.000,1.000,-0.001
59.50,3,READY,1.089,1.906,-1.375,1.093,1.895,-1.362,0.006,0.021,0.013,0.000,1.000,-0.001
60.00,3,READY,1.089,1.906,-0.876,1.087,1.917,-0.873,0.010,0.014,0.009,0.000,1.000,0.001
60.50,3,READY,1.089,1.906,-0.386,1.099,1.909,-0.381,0.019,0.013,0.013,0.000,0.762,0.000
61.00,4,READY,1.089,1.906,-0.146,1.084,1.910,-0.141,0.015,0.007,0.009,0.000,0.000,0.000
61.50,4,READY,1.089,1.906,-0.146,1.093,1.906,-0.137,0.021,0.007,0.013,0.000,0.000,0.000
62.00,4,READY,1.089,1.906,-0.146,1.085,1.911,-0.140,0.015,0.006,0.009,0.000,0.000,0.000
