t_s,az_motors_off_g,az_motors_on_g
0.000,1.02668,1.05405
0.001,0.99068,1.22624
0.002,1.01871,1.27525
0.003,0.99913,1.23119
0.004,1.00047,1.18055
0.005,1.00448,1.11831
0.006,0.99613,1.03053
0.007,1.00626,0.86413
0.008,1.02266,0.70910
0.009,0.97448,0.61298
0.010,0.98413,0.72042
0.011,0.99413,0.94529
0.012,1.00579,1.16539
0.013,1.02097,1.24149
0.014,1.00067,1.24817
0.015,1.00013,1.21011
0.016,1.01573,1.15143
0.017,1.00702,1.08688
0.018,1.00047,0.96010
0.019,1.01059,0.76908
0.020,0.99474,0.63352
0.021,0.99144,0.66383
0.022,1.01388,0.84966
0.023,1.00098,1.06267
0.024,0.98771,1.21644
0.025,0.99826,1.25776
0.026,0.99401,1.22472
0.027,0.99467,1.17288
0.028,0.99757,1.13553
0.029,1.00086,1.02398
0.030,1.00205,0.87644
0.031,0.99911,0.70168
0.032,0.98697,0.63272
0.033,0.98484,0.75018
0.034,0.99618,0.97098
0.035,0.99335,1.16408
0.036,1.00825,1.24641
0.037,1.00776,1.25117
0.038,0.97683,1.20860
0.039,1.00230,1.16395
0.040,1.01582,1.07650
0.041,1.01088,0.95613
0.042,1.00326,0.77233
0.043,0.98913,0.63204
0.044,1.01006,0.66114
0.045,1.00458,0.85236
0.046,1.00303,1.07546
0.047,1.00063,1.21394
0.048,1.00729,1.27731
0.049,1.00325,1.23166
0.050,0.99540,1.19066
0.051,0.99783,1.12827
0.052,1.00569,1.05169
0.053,1.00211,0.88182
0.054,1.00490,0.69799
0.055,1.00785,0.63900
0.056,0.98957,0.73288
0.057,1.01398,0.95982
0.058,0.99635,1.16036
0.059,0.99639,1.26453
0.060,1.00314,1.26162
0.061,1.00457,1.20981
0.062,0.99174,1.15218
0.063,1.00542,1.07562
0.064,1.02536,0.95290
0.065,0.98396,0.75673
0.066,1.00604,0.64470
0.067,0.99949,0.66789
0.068,0.99714,0.83745
0.069,1.00199,1.06477
0.070,1.00667,1.21596
0.071,1.00220,1.26203
0.072,0.98616,1.21743
0.073,0.98631,1.17667
0.074,0.99694,1.13532
0.075,0.99274,1.02258
0.076,1.02442,0.86246
0.077,1.02200,0.68223
0.078,0.99676,0.63209
0.079,0.99737,0.74503
0.080,1.00512,0.98565
0.081,1.00057,1.16017
0.082,1.00194,1.27452
0.083,1.01154,1.24940
0.084,0.99803,1.21593
0.085,0.98861,1.17686
0.086,0.99421,1.09212
0.087,1.00064,0.97464
0.088,0.98252,0.77670
0.089,0.99755,0.64960
0.090,0.98537,0.66391
0.091,0.99702,0.84030
0.092,0.99914,1.09366
0.093,1.01043,1.22147
0.094,1.00010,1.26064
0.095,1.02764,1.21365
0.096,1.00476,1.17763
0.097,1.00565,1.13792
0.098,0.99203,1.01845
0.099,0.99161,0.85382
0.100,1.01625,0.70344
0.101,0.99583,0.62746
0.102,1.00441,0.75547
0.103,1.00128,0.96448
0.104,0.98861,1.17398
0.105,0.99348,1.25394
0.106,1.00279,1.24672
0.107,1.00035,1.21008
0.108,1.00366,1.16180
0.109,1.01226,1.07637
0.110,1.00977,0.93264
0.111,0.99560,0.78052
0.112,0.99752,0.64500
0.113,1.02006,0.67269
0.114,1.00956,0.86416
0.115,0.99375,1.08446
0.116,1.00343,1.22488
0.117,0.99410,1.27892
0.118,0.99831,1.22723
0.119,1.00276,1.17729
0.120,0.99722,1.14313
0.121,0.99004,1.01781
0.122,1.00382,0.83657
0.123,0.99973,0.68640
0.124,0.99861,0.63697
0.125,1.02140,0.73317
0.126,1.00102,0.97530
0.127,0.99892,1.18007
0.128,0.99104,1.24637
0.129,1.00623,1.25716
0.130,1.00243,1.19861
0.131,1.00962,1.15224
0.132,1.00420,1.09214
0.133,1.00749,0.93834
0.134,0.99627,0.75829
0.135,0.99740,0.64451
0.136,0.99606,0.66765
0.137,1.02248,0.86789
0.138,0.99294,1.06895
0.139,0.99732,1.21788
0.140,0.99500,1.28222
0.141,0.99825,1.20936
0.142,1.00343,1.16543
0.143,1.00637,1.13627
0.144,1.01048,1.03234
0.145,0.99513,0.86285
0.146,0.97906,0.67536
0.147,0.98965,0.62521
0.148,0.99394,0.75388
0.149,0.99697,0.98033
0.150,0.98165,1.15903
0.151,0.99060,1.26993
0.152,0.98724,1.23546
0.153,0.99576,1.19748
0.154,1.01591,1.14513
0.155,0.98363,1.08903
0.156,1.00274,0.95086
0.157,1.00728,0.74395
0.158,0.98691,0.62378
0.159,1.01049,0.66877
0.160,1.00978,0.84283
0.161,1.01988,1.10746
0.162,0.99188,1.23155
0.163,0.98893,1.26387
0.164,0.99098,1.23624
0.165,1.01375,1.18160
0.166,0.99059,1.11170
0.167,1.01017,1.02619
0.168,0.99526,0.85014
0.169,0.99105,0.68172
0.170,1.00527,0.64003
0.171,0.99062,0.74537
0.172,0.99452,0.97202
0.173,0.99521,1.17808
0.174,1.00474,1.26616
0.175,1.00125,1.25255
0.176,0.97032,1.21331
0.177,1.00061,1.16889
0.178,0.99604,1.08780
0.179,1.01196,0.95749
0.180,0.98593,0.76561
0.181,1.00007,0.61999
0.182,1.00375,0.66286
0.183,1.00434,0.86783
0.184,0.99839,1.08263
0.185,1.01877,1.23784
0.186,1.00650,1.25521
0.187,1.01225,1.23223
0.188,1.02710,1.16898
0.189,1.00322,1.13171
0.190,0.98584,1.01974
0.191,1.00315,0.84030
0.192,0.99401,0.66391
0.193,0.99833,0.62683
0.194,1.00878,0.76134
0.195,1.01445,0.96828
0.196,1.00630,1.16929
0.197,0.99637,1.25239
0.198,1.00255,1.26012
0.199,1.00405,1.18327
0.200,1.00253,1.15149
0.201,0.99739,1.08421
0.202,1.00420,0.93441
0.203,1.00360,0.75033
0.204,1.01507,0.62794
0.205,0.98264,0.67135
0.206,1.00101,0.86460
0.207,1.00367,1.08670
0.208,1.01744,1.23693
0.209,0.99856,1.25710
0.210,1.00520,1.21626
0.211,0.99603,1.16988
0.212,1.01053,1.11695
0.213,1.00181,1.00370
0.214,1.01450,0.85228
0.215,0.99605,0.68195
0.216,1.01078,0.64620
0.217,0.98306,0.74263
0.218,0.99973,0.98927
0.219,1.00471,1.16691
0.220,0.99181,1.27334
0.221,1.00343,1.26138
0.222,1.00429,1.19420
0.223,0.99988,1.15145
0.224,1.01167,1.07072
0.225,1.01007,0.94361
0.226,0.98668,0.74963
0.227,0.99373,0.62962
0.228,1.02030,0.66560
0.229,0.99571,0.86107
0.230,0.99458,1.09303
0.231,1.02262,1.22512
0.232,0.99764,1.26813
0.233,1.00836,1.22880
0.234,0.98316,1.17640
0.235,0.99558,1.12980
0.236,0.99007,1.01708
0.237,0.99990,0.84828
0.238,0.99420,0.66651
0.239,1.00962,0.61699
0.240,0.99991,0.73859
0.241,0.99949,0.98782
0.242,1.00978,1.19084
0.243,1.00116,1.25257
0.244,0.99482,1.25733
0.245,0.99558,1.18795
0.246,1.00223,1.16313
0.247,0.98650,1.07806
0.248,0.98940,0.91262
0.249,0.99654,0.75964
0.250,1.01312,0.63590
0.251,1.01259,0.68620
0.252,0.99246,0.87373
0.253,0.98294,1.06592
0.254,1.00138,1.24766
0.255,0.99873,1.25406
0.256,0.99000,1.21053
0.257,0.98776,1.17718
0.258,1.00433,1.12143
0.259,0.99851,1.00136
0.260,0.98951,0.85106
0.261,0.99080,0.68797
0.262,1.01143,0.62202
0.263,0.99997,0.75639
0.264,0.98861,0.97609
0.265,1.00322,1.18947
0.266,0.99787,1.25312
0.267,0.99104,1.24301
0.268,0.98956,1.18771
0.269,0.99038,1.15380
0.270,0.98605,1.08212
0.271,1.01735,0.94404
0.272,0.99468,0.72776
0.273,1.01040,0.62153
0.274,1.00559,0.67122
0.275,0.99671,0.87113
0.276,1.01299,1.09562
0.277,0.99222,1.23363
0.278,1.00470,1.25877
0.279,1.00157,1.21912
0.280,1.00476,1.18391
0.281,1.00291,1.12831
0.282,0.99171,1.02426
0.283,1.00062,0.83716
0.284,0.99172,0.67119
0.285,0.99658,0.64147
0.286,1.00105,0.76564
0.287,0.97726,0.99329
0.288,1.01381,1.17858
0.289,0.99534,1.25734
0.290,0.99376,1.25364
0.291,1.00389,1.21921
0.292,1.00394,1.16192
0.293,0.99316,1.06958
0.294,1.00556,0.94334
0.295,0.99634,0.75314
0.296,0.97034,0.63058
0.297,1.00299,0.68307
0.298,0.99330,0.85614
0.299,0.99516,1.09769
0.300,0.99998,1.21022
0.301,1.00811,1.26290
0.302,1.02747,1.21878
0.303,0.99587,1.17374
0.304,0.99478,1.12589
0.305,1.00934,1.02158
0.306,1.01705,0.82358
0.307,0.98606,0.68018
0.308,1.00586,0.62723
0.309,0.99277,0.76839
0.310,1.00569,0.98990
0.311,1.00108,1.17720
0.312,0.99916,1.27829
0.313,1.00594,1.24467
0.314,0.99691,1.19956
0.315,0.98432,1.16441
0.316,0.99935,1.09081
0.317,0.98718,0.93888
0.318,1.02300,0.75458
0.319,0.98900,0.62438
0.320,1.01890,0.67441
0.321,0.98220,0.87922
0.322,0.99436,1.10541
0.323,0.99751,1.24276
0.324,0.98563,1.24395
0.325,1.00592,1.23373
0.326,1.00798,1.16691
0.327,1.02919,1.11749
0.328,1.00704,1.02381
0.329,1.00076,0.82867
0.330,1.00406,0.66362
0.331,0.98792,0.62371
0.332,0.99115,0.76220
0.333,1.00604,1.00473
0.334,1.00808,1.17894
0.335,0.98417,1.25651
0.336,0.99299,1.24945
0.337,0.99012,1.18941
0.338,0.98839,1.14862
0.339,0.98160,1.08523
0.340,0.99614,0.93833
0.341,0.99178,0.73733
0.342,0.99590,0.64510
0.343,1.00364,0.68802
0.344,0.97797,0.88471
0.345,0.97997,1.10166
0.346,1.00684,1.22866
0.347,0.99758,1.25192
0.348,0.99991,1.21560
0.349,1.01211,1.18003
0.350,1.01628,1.12557
0.351,0.99956,1.00231
0.352,1.01042,0.82605
0.353,1.01477,0.65929
0.354,1.00744,0.64260
0.355,1.01793,0.76544
0.356,1.00926,0.98028
0.357,0.99278,1.20051
0.358,0.99149,1.26313
0.359,1.00781,1.24297
0.360,0.99266,1.20422
0.361,0.99867,1.15337
0.362,0.98393,1.08527
0.363,1.00346,0.92226
0.364,0.99602,0.73766
0.365,0.98363,0.62454
0.366,0.99779,0.70248
0.367,0.99068,0.86600
0.368,0.99886,1.11890
0.369,1.00752,1.22750
0.370,1.00592,1.25956
0.371,1.01165,1.23442
0.372,1.00873,1.16436
0.373,0.99905,1.11127
0.374,1.00711,1.00692
0.375,0.99990,0.84275
0.376,1.00297,0.67175
0.377,0.99148,0.62553
0.378,0.98273,0.75612
0.379,0.99007,0.99855
0.380,1.00196,1.18988
0.381,0.99806,1.25848
0.382,0.99993,1.23169
0.383,1.02381,1.19098
0.384,1.01146,1.14048
0.385,1.00515,1.07921
0.386,0.99003,0.91577
0.387,0.99415,0.76267
0.388,0.99737,0.65186
0.389,1.01438,0.65311
0.390,1.01526,0.88028
0.391,0.98996,1.11677
0.392,0.97026,1.24801
0.393,0.99486,1.25301
0.394,0.98814,1.23059
0.395,1.01340,1.18925
0.396,0.98154,1.11601
0.397,0.97636,0.99361
0.398,1.00304,0.82173
0.399,1.00663,0.66374
0.400,0.99822,0.63795
0.401,1.00649,0.78702
0.402,0.98911,0.99600
0.403,1.01441,1.19183
0.404,0.98435,1.25497
0.405,1.01982,1.23852
0.406,0.99890,1.20596
0.407,1.00072,1.16024
0.408,0.99974,1.06655
0.409,1.01800,0.91315
0.410,0.98967,0.74812
0.411,1.01107,0.64099
0.412,0.99473,0.69290
0.413,1.00709,0.87767
0.414,1.01623,1.10936
0.415,0.99644,1.24697
0.416,1.00778,1.24542
0.417,1.00045,1.21058
0.418,0.99315,1.15349
0.419,0.99671,1.12113
0.420,1.00946,1.02792
0.421,0.99024,0.81039
0.422,0.99831,0.67114
0.423,1.00537,0.64103
0.424,1.01623,0.78035
0.425,1.00518,1.01345
0.426,0.99626,1.19821
0.427,0.99595,1.25633
0.428,0.99998,1.24187
0.429,0.99827,1.18826
0.430,0.98808,1.14840
0.431,1.00488,1.04748
0.432,1.01251,0.92273
0.433,1.01513,0.72612
0.434,0.99807,0.63777
0.435,1.00711,0.70022
0.436,0.99647,0.88159
0.437,1.01136,1.12409
0.438,1.01220,1.24330
0.439,1.00874,1.26003
0.440,1.00717,1.22216
0.441,0.99891,1.15056
0.442,0.99424,1.11388
0.443,0.99610,1.00372
0.444,0.99187,0.81685
0.445,1.00475,0.67646
0.446,0.99780,0.62852
0.447,1.00144,0.78842
0.448,0.99644,1.02885
0.449,0.99243,1.19457
0.450,0.99614,1.25179
0.451,1.00145,1.24503
0.452,1.00417,1.19435
0.453,1.00295,1.15489
0.454,0.99184,1.08817
0.455,1.01697,0.91449
0.456,1.00053,0.73247
0.457,1.00622,0.63905
0.458,0.99955,0.69839
0.459,1.00678,0.88469
0.460,1.00108,1.12620
0.461,0.99979,1.24400
0.462,1.01229,1.26464
0.463,0.99828,1.21544
0.464,1.00365,1.16738
0.465,0.98617,1.12732
0.466,0.99900,0.99722
0.467,0.98948,0.82624
0.468,1.00536,0.66324
0.469,1.01143,0.62606
0.470,1.01271,0.77331
0.471,0.99954,1.00219
0.472,1.00019,1.19292
0.473,1.01723,1.26344
0.474,1.00625,1.22485
0.475,1.00740,1.19655
0.476,1.00766,1.13561
0.477,0.99734,1.07668
0.478,0.99112,0.91830
0.479,1.00566,0.73868
0.480,1.02019,0.61765
0.481,0.99708,0.70149
0.482,1.01653,0.89499
0.483,1.00722,1.11325
0.484,0.98921,1.25379
0.485,1.01500,1.25111
0.486,1.00472,1.19809
0.487,1.00222,1.15898
0.488,1.01449,1.10622
0.489,0.99248,1.00886
0.490,0.99098,0.80194
0.491,1.00720,0.65372
0.492,1.00993,0.62830
0.493,1.00596,0.77475
0.494,1.00797,1.02689
0.495,0.99015,1.19028
0.496,0.98209,1.26385
0.497,0.99975,1.24648
0.498,1.01464,1.18254
0.499,0.98692,1.14729
0.500,0.98100,1.07897
0.501,0.99085,0.92407
0.502,0.99710,0.71747
0.503,1.00726,0.62463
0.504,0.99778,0.70144
0.505,0.98424,0.91116
0.506,0.99523,1.11741
0.507,0.99644,1.24865
0.508,0.99630,1.23899
0.509,1.00293,1.21745
0.510,0.97830,1.17654
0.511,1.00096,1.09853
0.512,1.00063,1.01098
0.513,1.00030,0.82897
0.514,1.00918,0.65854
0.515,0.98880,0.62621
0.516,1.01187,0.80560
0.517,0.96857,1.00950
0.518,1.01661,1.19432
0.519,1.00869,1.26990
0.520,1.00244,1.23243
0.521,1.00497,1.20370
0.522,1.01532,1.13621
0.523,1.00663,1.04433
0.524,1.01675,0.92108
0.525,0.99194,0.71090
0.526,0.99149,0.62627
0.527,1.01100,0.67901
0.528,1.00564,0.88152
0.529,1.02148,1.12591
0.530,1.01207,1.24527
0.531,1.00551,1.24126
0.532,1.00173,1.20593
0.533,1.02081,1.17436
0.534,0.99280,1.10606
0.535,0.99301,1.00075
0.536,0.99658,0.80706
0.537,1.00049,0.66766
0.538,0.98959,0.62651
0.539,0.98285,0.78387
0.540,0.98726,1.04395
0.541,1.00818,1.21489
0.542,0.99127,1.25487
0.543,0.99036,1.23300
0.544,1.00696,1.19438
0.545,1.00020,1.14295
0.546,1.00515,1.05363
0.547,0.98676,0.91343
0.548,1.02574,0.72326
0.549,0.99054,0.61003
0.550,0.99552,0.70192
0.551,1.01305,0.88359
0.552,1.00670,1.12039
0.553,1.00071,1.24064
0.554,1.00693,1.26510
0.555,1.01675,1.21881
0.556,1.00487,1.16809
0.557,1.00825,1.10937
0.558,1.01616,0.98939
0.559,1.01240,0.83166
0.560,0.99369,0.66642
0.561,1.01967,0.62638
0.562,0.98942,0.79910
0.563,1.00419,1.01065
0.564,1.00254,1.20458
0.565,0.99890,1.26640
0.566,0.99612,1.24795
0.567,0.98885,1.18590
0.568,1.00413,1.16314
0.569,1.00020,1.06432
0.570,1.00161,0.89209
0.571,1.00285,0.70481
0.572,0.97540,0.63002
0.573,1.00055,0.68840
0.574,1.01098,0.92533
0.575,0.99682,1.13796
0.576,1.01503,1.25278
0.577,0.98885,1.24390
0.578,1.01454,1.18410
0.579,1.00391,1.16268
0.580,1.00062,1.12821
0.581,0.98209,0.97916
0.582,0.99743,0.79787
0.583,0.99730,0.65407
0.584,1.00347,0.64566
0.585,1.00730,0.78955
0.586,0.97849,1.02473
0.587,0.98792,1.19248
0.588,0.99727,1.26153
0.589,0.99696,1.23260
0.590,1.01182,1.19909
0.591,0.99107,1.15029
0.592,1.00988,1.07255
0.593,1.00372,0.89679
0.594,0.98995,0.72552
0.595,1.01009,0.62826
0.596,0.99480,0.68962
0.597,1.00218,0.91434
0.598,0.99739,1.13035
0.599,0.99959,1.24829
0.600,1.01005,1.25451
0.601,0.99539,1.20680
0.602,0.98516,1.16273
0.603,0.97826,1.11687
0.604,1.00646,0.97656
0.605,1.00026,0.80339
0.606,1.00875,0.65173
0.607,0.98703,0.63244
0.608,1.01204,0.79918
0.609,0.97290,1.01135
0.610,1.00123,1.19050
0.611,1.01188,1.26450
0.612,1.00511,1.23916
0.613,1.00304,1.19887
0.614,1.00653,1.14321
0.615,0.99445,1.05719
0.616,1.00421,0.90408
0.617,0.99490,0.71213
0.618,1.00601,0.62596
0.619,1.01113,0.70812
0.620,0.99206,0.90954
0.621,0.99120,1.13765
0.622,1.00035,1.24445
0.623,1.00004,1.25912
0.624,0.99857,1.19758
0.625,1.01952,1.18437
0.626,1.02323,1.11832
0.627,1.00950,0.98109
0.628,0.99157,0.82642
0.629,1.00986,0.65678
0.630,1.00961,0.64471
0.631,0.99321,0.79083
0.632,0.99732,1.02936
0.633,1.00412,1.19855
0.634,1.00030,1.25952
0.635,0.99593,1.23727
0.636,0.97927,1.17861
0.637,0.97896,1.13710
0.638,0.99962,1.05315
0.639,1.01609,0.90329
0.640,1.00268,0.71816
0.641,0.99138,0.62410
0.642,0.99851,0.71121
0.643,1.01183,0.90587
0.644,0.99750,1.13377
0.645,0.98125,1.24103
0.646,1.00325,1.24900
0.647,0.99957,1.21949
0.648,1.02508,1.16590
0.649,0.99116,1.10557
0.650,0.99988,0.99099
0.651,0.99052,0.80882
0.652,1.00948,0.67133
0.653,1.00047,0.64947
0.654,0.98222,0.79259
0.655,1.01209,1.03513
0.656,0.99753,1.21433
0.657,1.01102,1.26816
0.658,0.99452,1.22548
0.659,1.00089,1.19410
0.660,1.02828,1.13362
0.661,0.98011,1.04149
0.662,0.99418,0.89885
0.663,0.99279,0.71243
0.664,0.99830,0.62716
0.665,0.99752,0.70308
0.666,1.00022,0.89864
0.667,1.00728,1.13899
0.668,0.99405,1.26534
0.669,0.98881,1.25083
0.670,0.99041,1.19045
0.671,0.99415,1.16862
0.672,0.98992,1.08441
0.673,1.00830,1.00906
0.674,0.99546,0.80438
0.675,0.99920,0.65092
0.676,0.99774,0.64528
0.677,0.99341,0.80131
0.678,0.99016,1.04839
0.679,0.98615,1.19681
0.680,0.99753,1.26052
0.681,0.99598,1.24313
0.682,1.00281,1.19382
0.683,1.01747,1.14461
0.684,0.99661,1.05690
0.685,0.99686,0.90124
0.686,1.01130,0.70371
0.687,1.00081,0.63130
0.688,0.99967,0.71424
0.689,1.00978,0.91601
0.690,1.01207,1.13704
0.691,1.01506,1.27221
0.692,1.00690,1.27342
0.693,1.01596,1.21875
0.694,0.99459,1.15682
0.695,0.98684,1.11051
0.696,1.02299,0.98835
0.697,1.00417,0.80367
0.698,1.00593,0.65772
0.699,0.98351,0.64877
0.700,0.99359,0.82350
0.701,1.00634,1.03357
0.702,0.98169,1.21316
0.703,1.00092,1.27462
0.704,1.01280,1.22466
0.705,1.00278,1.20554
0.706,1.01341,1.14153
0.707,0.98945,1.04566
0.708,1.00282,0.88927
0.709,0.97974,0.69996
0.710,0.98079,0.63206
0.711,0.98938,0.71035
0.712,1.00607,0.93271
0.713,1.00486,1.13412
0.714,1.00135,1.25443
0.715,0.99383,1.24824
0.716,1.03392,1.19315
0.717,1.00241,1.15906
0.718,1.00014,1.10426
0.719,1.01063,0.97822
0.720,1.00677,0.81379
0.721,1.00181,0.66395
0.722,1.00715,0.63988
0.723,0.99299,0.82123
0.724,1.00212,1.02800
0.725,0.99072,1.19518
0.726,0.99387,1.27624
0.727,0.99479,1.22888
0.728,0.99990,1.20796
0.729,0.99194,1.15246
0.730,1.00343,1.05324
0.731,0.99433,0.88690
0.732,0.99018,0.70265
0.733,0.99876,0.62776
0.734,1.00169,0.72245
0.735,0.99013,0.93162
0.736,1.00164,1.14020
0.737,1.00113,1.26165
0.738,1.01634,1.26287
0.739,1.00227,1.19668
0.740,0.99459,1.15844
0.741,1.00103,1.09323
0.742,0.99618,0.98639
0.743,1.00187,0.81150
0.744,0.98477,0.64223
0.745,0.99463,0.63837
0.746,0.98793,0.80360
0.747,0.99360,1.03318
0.748,1.01167,1.22649
0.749,0.98900,1.26297
0.750,1.00447,1.21259
0.751,0.99669,1.18684
0.752,0.99136,1.12496
0.753,1.00525,1.06253
0.754,0.99582,0.90459
0.755,1.01635,0.71174
0.756,0.99290,0.62884
0.757,0.99569,0.71223
0.758,1.00349,0.92668
0.759,1.00490,1.14127
0.760,1.00911,1.25215
0.761,1.02195,1.25084
0.762,0.99728,1.19913
0.763,0.99234,1.18005
0.764,0.99466,1.09851
0.765,1.00944,0.98223
0.766,1.00142,0.77904
0.767,0.99717,0.64962
0.768,1.00048,0.65794
0.769,1.00756,0.80144
0.770,0.99570,1.03854
0.771,0.98396,1.20689
0.772,0.99879,1.26278
0.773,1.00102,1.23840
0.774,1.00347,1.18985
0.775,0.99673,1.15586
0.776,0.98693,1.04652
0.777,1.00292,0.90893
0.778,1.01324,0.71048
0.779,1.01242,0.64351
0.780,1.00439,0.71128
0.781,1.00615,0.92205
0.782,0.99862,1.14512
0.783,1.01194,1.24977
0.784,1.00541,1.24306
0.785,0.98408,1.21643
0.786,0.98655,1.17518
0.787,1.00083,1.09952
0.788,1.01321,0.97462
0.789,0.99248,0.80276
0.790,0.99438,0.65165
0.791,0.98976,0.64097
0.792,1.02196,0.82439
0.793,0.99189,1.03762
0.794,1.02277,1.22350
0.795,1.00311,1.25187
0.796,0.99556,1.24330
0.797,0.98902,1.19285
0.798,1.00670,1.13367
0.799,0.99996,1.05974
0.800,1.01932,0.88989
0.801,0.99397,0.72090
0.802,1.00308,0.61127
0.803,0.98750,0.73034
0.804,0.98727,0.91339
0.805,1.00047,1.15363
0.806,1.00241,1.25316
0.807,0.99636,1.24722
0.808,1.00598,1.22161
0.809,0.99933,1.17665
0.810,0.99922,1.10532
0.811,1.00041,0.97340
0.812,0.97436,0.76872
0.813,0.99738,0.63723
0.814,0.98913,0.66811
0.815,0.99985,0.80725
0.816,1.01481,1.05391
0.817,1.01290,1.21632
0.818,0.98371,1.27293
0.819,1.01247,1.24129
0.820,0.99452,1.17560
0.821,0.98491,1.14128
0.822,0.99537,1.06060
0.823,1.00154,0.86461
0.824,0.99229,0.69114
0.825,1.02127,0.62108
0.826,1.01243,0.72753
0.827,1.00058,0.92253
0.828,1.00260,1.13603
0.829,0.99651,1.25771
0.830,0.99689,1.26296
0.831,0.99137,1.18581
0.832,0.99200,1.17243
0.833,1.02645,1.08788
0.834,0.98414,0.97053
0.835,0.99749,0.78934
0.836,0.98526,0.65020
0.837,0.98762,0.65985
0.838,1.00213,0.81274
0.839,1.00344,1.05931
0.840,0.98888,1.21113
0.841,1.00635,1.25513
0.842,1.01049,1.22716
0.843,0.99103,1.20156
0.844,1.01739,1.13095
0.845,1.01070,1.05983
0.846,1.00108,0.89179
0.847,1.00544,0.70177
0.848,0.98534,0.62085
0.849,1.00152,0.70478
0.850,0.99171,0.92642
0.851,0.99285,1.13865
0.852,0.98806,1.23998
0.853,1.01102,1.25486
0.854,0.99370,1.22052
0.855,1.00644,1.16539
0.856,0.98153,1.09860
0.857,0.98078,0.97063
0.858,1.00317,0.79523
0.859,1.00260,0.66124
0.860,1.00698,0.64370
0.861,1.00539,0.82858
0.862,1.00054,1.06231
0.863,1.00439,1.22096
0.864,0.99727,1.26854
0.865,1.00525,1.23447
0.866,1.00850,1.18844
0.867,1.00048,1.14754
0.868,1.00388,1.03777
0.869,0.99615,0.88260
0.870,0.99618,0.69002
0.871,1.01724,0.62802
0.872,1.01146,0.72089
0.873,0.99152,0.92979
0.874,0.99298,1.14792
0.875,1.02125,1.25959
0.876,0.98580,1.23462
0.877,0.98701,1.20198
0.878,0.99850,1.17226
0.879,0.99366,1.10160
0.880,0.99279,0.96036
0.881,1.00891,0.76049
0.882,0.99205,0.63646
0.883,0.98935,0.65655
0.884,1.00386,0.81747
0.885,0.99361,1.06197
0.886,1.01189,1.22648
0.887,1.00292,1.26304
0.888,1.00503,1.22914
0.889,0.98788,1.17533
0.890,1.00575,1.13987
0.891,0.98573,1.04614
0.892,0.99683,0.88545
0.893,0.99408,0.69299
0.894,1.00786,0.63245
0.895,1.00069,0.72753
0.896,1.01314,0.93748
0.897,1.00916,1.14962
0.898,1.00478,1.24010
0.899,0.98859,1.25833
0.900,1.01302,1.20574
0.901,0.99751,1.15941
0.902,0.99685,1.11306
0.903,1.01065,0.95673
0.904,1.00420,0.78343
0.905,0.99577,0.64180
0.906,0.98764,0.65783
0.907,1.00950,0.83574
0.908,0.99411,1.03138
0.909,1.00411,1.22327
0.910,1.00753,1.26029
0.911,0.99465,1.21776
0.912,1.02249,1.18198
0.913,1.00655,1.13637
0.914,1.00697,1.04889
0.915,0.97587,0.87504
0.916,1.00263,0.70945
0.917,1.00281,0.61595
0.918,1.00115,0.72390
0.919,0.99344,0.93885
0.920,1.00635,1.15631
0.921,0.99075,1.25672
0.922,1.00206,1.25060
0.923,1.00321,1.22011
0.924,0.99205,1.15761
0.925,0.98078,1.08775
0.926,1.01340,0.94193
0.927,1.01387,0.79566
0.928,0.98525,0.63772
0.929,0.99597,0.67504
0.930,0.99881,0.82091
0.931,0.99270,1.06671
0.932,1.00580,1.20760
0.933,1.00878,1.25997
0.934,1.02294,1.22496
0.935,1.00923,1.17143
0.936,0.98865,1.14405
0.937,0.99775,1.04303
0.938,0.98776,0.85937
0.939,0.99990,0.72012
0.940,0.99764,0.62760
0.941,1.00476,0.73800
0.942,1.00976,0.93903
0.943,1.00201,1.16905
0.944,1.01826,1.24647
0.945,1.00800,1.25325
0.946,0.99271,1.19712
0.947,1.00720,1.15333
0.948,0.99840,1.08713
0.949,1.00432,0.96446
0.950,0.98927,0.76534
0.951,0.99261,0.65028
0.952,1.00254,0.63297
0.953,0.99050,0.81379
0.954,0.99888,1.07784
0.955,0.99543,1.23379
0.956,1.00107,1.24971
0.957,1.01726,1.22007
0.958,0.98875,1.18342
0.959,0.99471,1.12111
0.960,0.99460,1.04137
0.961,1.00561,0.86780
0.962,0.98455,0.70203
0.963,1.00431,0.63522
0.964,1.01144,0.73614
0.965,0.99624,0.96897
0.966,0.99851,1.14497
0.967,1.01042,1.25924
0.968,0.98166,1.23714
0.969,1.00235,1.19210
0.970,0.98463,1.17214
0.971,0.99844,1.09043
0.972,0.98850,0.96510
0.973,1.00437,0.75577
0.974,0.99891,0.65735
0.975,1.00509,0.66190
0.976,1.01074,0.84801
0.977,1.03430,1.06113
0.978,0.98508,1.22728
0.979,0.99970,1.27644
0.980,0.99042,1.24888
0.981,1.00026,1.19458
0.982,0.99323,1.12205
0.983,1.01368,1.03489
0.984,0.97715,0.86810
0.985,1.00672,0.69319
0.986,1.00012,0.63825
0.987,1.01803,0.71820
0.988,0.99916,0.96111
0.989,0.98039,1.15090
0.990,0.99855,1.25763
0.991,0.99897,1.24831
0.992,0.99409,1.20874
0.993,1.00171,1.13995
0.994,0.99489,1.09047
0.995,0.99593,0.95841
0.996,0.99856,0.75801
0.997,0.99525,0.66551
0.998,0.98456,0.67682
0.999,0.99661,0.85360
