t_s,current_A,heading_internal_deg,heading_external_deg
0.0,0.34,89.33,90.31
0.1,0.28,89.18,90.78
0.2,0.46,88.84,90.05
0.3,0.25,90.74,89.17
0.4,0.45,87.98,89.34
0.5,0.30,89.41,90.33
0.6,0.44,88.80,91.74
0.7,0.26,91.24,91.28
0.8,0.14,90.39,90.22
0.9,0.28,89.57,89.81
1.0,0.18,91.11,90.27
1.1,0.36,89.39,90.17
1.2,0.36,91.30,91.47
1.3,0.29,90.53,89.30
1.4,0.22,89.75,90.21
1.5,0.38,90.68,90.76
1.6,0.32,90.71,89.87
1.7,0.36,89.43,90.51
1.8,0.24,90.33,90.55
1.9,0.30,89.68,90.28
2.0,0.34,88.87,89.98
2.1,0.36,88.68,89.98
2.2,0.13,88.33,90.68
2.3,0.45,88.69,89.50
2.4,0.15,91.19,90.52
2.5,0.35,90.01,91.38
2.6,0.34,89.48,89.86
2.7,0.21,90.16,89.74
2.8,0.52,89.24,88.87
2.9,0.37,89.37,89.86
3.0,0.28,89.72,90.48
3.1,0.50,89.02,90.11
3.2,0.28,88.50,90.06
3.3,0.50,89.65,89.30
3.4,0.30,88.87,89.94
3.5,0.31,90.25,89.38
3.6,0.36,89.14,88.58
3.7,0.28,89.25,90.39
3.8,0.57,90.23,90.30
3.9,0.29,89.62,91.01
4.0,0.40,88.99,89.35
4.1,0.32,89.46,90.95
4.2,0.27,90.07,90.31
4.3,0.13,88.83,89.06
4.4,0.32,90.23,90.97
4.5,0.36,90.64,89.48
4.6,0.41,89.73,89.69
4.7,0.27,89.79,90.36
4.8,0.13,90.54,90.09
4.9,0.10,90.24,91.04
5.0,5.33,82.71,89.64
5.1,5.32,81.92,90.60
5.2,5.54,82.29,90.87
5.3,5.25,83.00,89.14
5.4,5.35,82.23,89.08
5.5,5.32,82.22,89.46
5.6,5.22,81.35,89.85
5.7,5.41,82.13,89.48
5.8,5.23,83.26,90.44
5.9,5.39,83.07,89.73
6.0,5.41,82.04,89.79
6.1,5.25,81.89,89.82
6.2,5.33,82.99,88.99
6.3,5.41,82.00,88.74
6.4,5.27,81.56,88.86
6.5,5.35,82.88,89.53
6.6,5.32,83.62,90.09
6.7,5.39,81.76,89.67
6.8,5.36,83.50,89.13
6.9,5.28,81.49,89.85
7.0,5.20,83.06,90.08
7.1,5.47,82.03,88.36
7.2,5.40,82.82,90.53
7.3,5.19,81.87,90.45
7.4,5.26,83.12,89.36
7.5,5.45,81.78,90.10
7.6,5.23,83.11,89.48
7.7,5.33,82.56,89.21
7.8,5.26,82.06,88.62
7.9,5.29,82.00,89.55
8.0,5.34,81.81,91.02
8.1,5.34,82.52,89.07
8.2,5.29,81.32,89.32
8.3,5.37,81.96,89.50
8.4,5.28,82.00,90.69
8.5,5.22,81.61,89.58
8.6,5.50,81.79,90.02
8.7,5.20,81.98,90.33
8.8,5.14,83.63,88.60
8.9,5.10,83.33,89.52
9.0,5.41,81.41,90.20
9.1,5.36,82.33,89.72
9.2,5.28,82.56,88.56
9.3,5.34,83.77,88.98
9.4,5.52,81.45,89.82
9.5,5.22,83.12,89.06
9.6,5.49,81.92,90.48
9.7,5.28,81.62,90.22
9.8,5.26,83.12,90.13
9.9,5.22,82.22,89.63
10.0,10.41,76.52,89.03
10.1,10.25,76.23,89.80
10.2,10.14,76.40,90.03
10.3,10.18,76.82,90.39
10.4,10.29,75.33,89.55
10.5,10.29,75.68,90.09
10.6,10.42,76.60,89.22
10.7,10.28,75.83,89.59
10.8,10.35,76.43,89.94
10.9,10.29,76.69,88.51
11.0,10.20,76.87,89.22
11.1,10.43,76.39,88.93
11.2,10.43,75.31,88.98
11.3,10.30,75.80,90.59
11.4,10.25,75.80,89.84
11.5,10.24,76.69,89.28
11.6,10.22,75.97,90.05
11.7,10.44,77.24,90.50
11.8,10.52,75.65,89.26
11.9,10.20,76.82,89.88
12.0,10.36,76.40,88.13
12.1,10.34,75.77,90.03
12.2,10.24,76.02,90.44
12.3,10.18,76.20,90.54
12.4,10.14,75.35,90.82
12.5,10.49,76.43,90.76
12.6,10.23,76.37,89.53
12.7,10.46,75.84,88.30
12.8,10.26,75.65,89.90
12.9,10.23,75.51,88.67
13.0,10.37,77.20,89.21
13.1,10.46,76.25,88.94
13.2,10.48,76.54,89.43
13.3,10.18,76.78,90.34
13.4,10.30,76.82,90.12
13.5,10.17,77.81,90.12
13.6,10.42,75.84,89.65
13.7,10.29,77.48,88.37
13.8,10.42,76.74,89.87
13.9,10.44,74.72,89.15
14.0,10.33,76.65,90.25
14.1,10.31,75.09,89.96
14.2,10.33,75.94,89.55
14.3,10.37,75.54,88.56
14.4,10.36,76.05,89.66
14.5,10.13,75.84,89.31
14.6,10.47,77.70,89.46
14.7,10.42,76.34,89.69
14.8,10.26,75.66,88.61
14.9,10.38,75.72,91.13
15.0,15.13,72.52,90.93
15.1,15.41,72.08,89.40
15.2,15.21,72.69,89.71
15.3,15.29,70.50,88.94
15.4,15.45,71.16,89.34
15.5,15.35,71.66,90.22
15.6,15.34,72.10,89.25
15.7,15.35,71.96,89.29
15.8,15.21,70.97,89.48
15.9,15.42,70.95,88.54
16.0,15.31,72.02,89.13
16.1,15.23,71.68,89.80
16.2,15.26,71.99,89.22
16.3,15.49,71.50,89.37
16.4,15.17,72.04,88.94
16.5,15.24,71.65,90.00
16.6,15.31,72.03,89.70
16.7,15.39,71.27,88.38
16.8,15.33,71.26,90.13
16.9,15.29,71.72,88.66
17.0,15.60,71.69,88.76
17.1,15.32,70.95,88.99
17.2,15.25,71.73,88.60
17.3,15.19,71.43,89.41
17.4,15.39,71.79,89.02
17.5,15.31,71.67,88.87
17.6,15.25,71.40,89.48
17.7,15.22,72.36,89.46
17.8,15.37,71.15,88.63
17.9,15.26,72.68,89.30
18.0,15.24,70.96,88.35
18.1,15.31,71.23,88.69
18.2,15.30,71.91,89.01
18.3,15.41,71.03,88.89
18.4,15.35,71.62,89.35
18.5,15.33,71.77,89.08
18.6,15.39,71.72,89.05
18.7,15.34,71.50,89.48
18.8,15.40,70.75,88.82
18.9,15.32,71.83,90.03
19.0,15.20,71.13,90.10
19.1,15.36,71.86,87.23
19.2,15.53,71.70,88.55
19.3,15.29,71.78,90.07
19.4,15.25,71.53,88.22
19.5,15.38,72.19,89.83
19.6,15.24,72.02,88.11
19.7,15.30,70.98,88.65
19.8,15.44,71.83,88.88
19.9,15.34,71.80,89.25
20.0,20.22,68.17,89.64
20.1,20.50,67.42,89.87
20.2,20.36,67.28,90.23
20.3,20.37,67.48,88.91
20.4,20.36,67.32,87.40
20.5,20.29,67.01,90.00
20.6,20.29,67.69,89.48
20.7,20.28,67.64,89.29
20.8,20.22,67.52,88.43
20.9,20.09,68.05,88.27
21.0,20.40,66.86,87.63
21.1,20.31,68.05,88.71
21.2,20.36,67.54,88.95
21.3,20.33,67.54,87.06
21.4,20.30,67.29,89.33
21.5,20.20,67.65,89.37
21.6,20.28,67.55,89.06
21.7,20.45,67.11,88.17
21.8,20.12,67.69,89.87
21.9,20.23,67.53,89.46
22.0,20.21,66.90,89.35
22.1,20.29,67.47,90.13
22.2,20.21,67.99,88.45
22.3,20.30,67.54,88.16
22.4,20.45,68.06,89.48
22.5,20.18,67.54,89.29
22.6,20.39,66.94,89.72
22.7,20.26,67.91,89.89
22.8,20.24,68.66,89.03
22.9,20.42,67.10,89.43
23.0,20.34,68.02,88.46
23.1,20.35,66.70,88.26
23.2,20.17,68.12,89.14
23.3,20.37,67.08,88.67
23.4,20.41,67.38,89.12
23.5,20.34,68.27,88.08
23.6,20.35,67.48,88.76
23.7,20.26,67.89,88.62
23.8,20.23,67.32,89.91
23.9,20.19,68.81,89.35
24.0,20.17,67.70,87.69
24.1,20.30,67.89,88.56
24.2,20.35,67.25,89.22
24.3,20.33,67.29,88.88
24.4,20.31,67.47,90.07
24.5,20.09,66.71,90.00
24.6,20.31,67.31,88.53
24.7,20.31,67.86,89.37
24.8,20.29,67.11,89.54
24.9,20.28,67.00,90.01
