id,kind,what,expect,faults,latency_s,mission_done,landed,crashed,max_dist_m,drift_m,max_innov_m,max_mag_dev,t_end_s,verdict
N1,TEST,"nominal laps, seed 1, wind 1 of 5","no fault; mission done; lands < 2 m from home",none,-1.00,1,1,0,56.3,0.0,0.67,0.079,119.04,PASS
N2,TEST,"nominal laps, seed 2, wind 2 of 5","no fault; mission done; lands < 2 m from home",none,-1.00,1,1,0,56.4,0.0,0.73,0.079,120.02,PASS
N3,TEST,"nominal laps, seed 3, wind 3 of 5","no fault; mission done; lands < 2 m from home",none,-1.00,1,1,0,56.5,0.0,0.66,0.079,119.43,PASS
N4,TEST,"nominal laps, seed 4, wind 4 of 5","no fault; mission done; lands < 2 m from home",none,-1.00,1,1,0,56.6,0.0,0.72,0.078,120.65,PASS
N5,TEST,"nominal laps, seed 5, wind 5 of 5","no fault; mission done; lands < 2 m from home",none,-1.00,1,1,0,56.8,0.0,0.61,0.079,121.52,PASS
M0,CONTROL,"Log A compass interference, guard OFF","harm reproduced: vehicle > 100 m from home",none,-1.00,0,1,0,179.6,0.0,0.00,0.000,250.57,PASS
M1,TEST,"Log A compass interference, guard ON","MAG_FIELD <= 1.0 s after arming; lands; never > 5 m out",MAG_FIELD,0.51,0,1,0,1.1,1.1,0.50,0.930,2.41,PASS
G0,CONTROL,"GNSS frozen at 20 s, guard OFF","harm reproduced: vehicle > 200 m from home",none,-1.00,0,0,0,1660.3,0.0,0.00,0.000,400.01,PASS
G1,TEST,"GNSS frozen at 20 s, guard ON","GNSS_STALE <= 0.55 s after; lands; drift <= 30 m",GNSS_STALE,0.50,0,1,0,65.2,24.8,2.14,0.075,38.01,PASS
G2,TEST,"GNSS jump 15 m east at 20 s, guard ON","GNSS_JUMP <= 0.35 s after; lands; drift <= 30 m",GNSS_JUMP,0.30,0,1,0,64.7,24.7,14.69,0.075,37.83,PASS
G3,TEST,"GNSS jump 1 m east at 20 s (inside gate), guard ON","no fault; mission done; lands",none,-1.00,1,1,0,55.6,0.0,1.09,0.079,118.74,PASS
K1,GAP,"compass mounted 70 deg rotated, field normal, guard ON","known gap: no heading check, so no fault (see landed)",none,-1.00,1,0,0,56.5,0.0,0.71,0.083,400.01,GAP-CONFIRMED
