# Log A - team B, quad Q2, firmware v1.5 config 91be, hover-and-translate test (15 x 10 m)
# params: cells=4 batt_capacity_mah=1500 batt_low_pct=30 batt_crit_pct=15 batt_low_cell_v=0.00 fence_radius=100 rtl_alt=15 rc_timeout=1.0
# pre-arm: mag_norm=1.000 volts=16.59 rc_valid=1
t,mode,x,y,z,vx,vy,vz,acx_cmd,acy_cmd,yaw_est_deg,mag_hdg_deg,mag_norm,volts,amps,used_mah,rem_pct
0.00,TAKEOFF,-0.01,-0.08,-0.08,-0.01,-0.01,0.01,0.10,0.31,0.3,0.3,1.000,16.59,0.3,0,100.0
0.50,TAKEOFF,0.02,-0.15,0.36,0.18,0.17,0.91,-0.29,0.09,-29.1,-149.7,0.156,15.99,23.7,3,99.8
1.00,TAKEOFF,0.12,0.17,1.04,0.26,0.07,1.53,-0.60,-0.25,-46.9,-64.4,0.074,16.10,20.0,6,99.6
1.50,TAKEOFF,0.25,-0.18,1.60,0.23,-0.02,1.69,-0.74,0.47,-46.5,-36.6,0.108,16.11,18.6,9,99.4
2.00,TAKEOFF,0.45,-0.09,2.59,0.07,-0.15,1.76,-0.79,0.57,-44.1,-33.9,0.112,16.10,18.3,11,99.2
2.50,TAKEOFF,0.21,-0.16,3.39,-0.03,-0.04,1.60,-0.22,0.50,-41.7,-34.2,0.115,16.08,18.3,14,99.1
3.00,TAKEOFF,0.44,-0.27,4.23,-0.05,0.18,1.68,-0.54,0.28,-39.8,-33.3,0.116,16.08,18.5,16,98.9
3.50,TAKEOFF,0.58,-0.02,4.95,0.03,0.10,1.64,-0.92,0.01,-38.4,-33.5,0.115,16.12,18.7,19,98.7
4.00,TAKEOFF,0.11,-0.06,5.88,0.22,0.02,1.62,-0.50,0.23,-37.4,-33.9,0.115,16.10,18.3,22,98.6
4.50,TAKEOFF,0.36,0.12,6.79,0.08,-0.02,1.59,-0.64,-0.02,-36.5,-33.1,0.117,16.05,18.7,24,98.4
5.00,TAKEOFF,0.45,-0.01,7.69,-0.05,-0.01,1.70,-0.57,0.20,-35.9,-32.2,0.113,16.02,18.6,27,98.2
5.50,TAKEOFF,0.24,0.22,8.51,0.02,0.05,1.57,-0.35,-0.29,-34.2,-21.4,0.168,16.07,17.2,29,98.1
6.00,TAKEOFF,0.47,0.11,9.15,-0.01,0.12,1.18,-0.66,-0.23,-30.0,-12.7,0.240,16.10,16.0,32,97.9
6.50,MISSION,0.48,-0.09,9.38,0.26,0.23,0.78,4.00,-0.15,-26.1,-15.4,0.207,16.13,16.4,34,97.8
7.00,MISSION,1.01,0.18,9.75,2.04,0.69,0.35,3.86,-1.04,-25.3,-26.1,0.136,16.07,17.8,36,97.6
7.50,MISSION,2.56,0.40,10.02,3.67,0.85,0.23,2.38,-2.02,-26.1,-27.2,0.133,16.05,18.1,39,97.4
8.00,MISSION,4.64,0.97,10.06,4.57,0.26,0.12,0.46,-2.05,-25.8,-22.5,0.161,16.02,17.5,41,97.3
8.50,MISSION,6.93,1.17,10.19,4.22,-0.48,0.09,-2.62,-1.03,-24.6,-21.1,0.156,16.02,17.5,43,97.1
9.00,MISSION,8.72,0.55,10.07,2.75,-0.98,0.02,-2.88,0.86,-24.7,-26.4,0.140,16.05,17.9,46,96.9
9.50,MISSION,9.53,0.11,9.84,1.23,-1.05,0.05,-3.95,0.63,-26.2,-39.5,0.102,16.00,19.0,48,96.8
10.00,MISSION,9.66,-0.58,9.91,-0.47,-1.21,0.05,-3.79,1.26,-30.3,-43.8,0.093,15.94,19.1,51,96.6
10.50,MISSION,8.87,-1.22,9.92,-1.90,-1.30,-0.13,-3.36,2.18,-33.2,-42.0,0.095,15.98,19.2,54,96.4
11.00,MISSION,7.65,-1.85,9.89,-3.22,-0.89,0.00,-2.49,3.13,-36.1,-45.7,0.092,16.00,19.2,56,96.2
11.50,MISSION,5.77,-2.13,9.98,-4.18,-0.10,-0.03,-0.92,3.30,-37.7,-37.8,0.107,15.99,18.7,59,96.1
12.00,MISSION,3.77,-1.89,9.90,-4.23,0.94,-0.00,1.51,1.37,-35.8,-22.0,0.159,15.98,17.1,62,95.9
12.50,MISSION,2.09,-1.01,9.99,-2.87,1.42,-0.09,1.78,-0.93,-32.8,-22.9,0.156,15.99,17.9,64,95.7
13.00,MISSION,0.94,-0.37,9.88,-1.17,1.41,0.00,3.93,-0.77,-30.9,-27.0,0.136,15.94,18.3,66,95.6
13.50,MISSION,0.93,0.24,10.08,0.80,1.64,0.06,3.68,-1.56,-32.6,-42.0,0.096,15.96,18.8,69,95.4
14.00,MISSION,1.70,1.34,9.96,2.84,1.66,0.03,2.59,-3.05,-35.6,-45.4,0.094,15.93,18.7,72,95.2
14.50,MISSION,3.67,1.84,10.14,4.29,0.93,-0.08,0.85,-3.91,-37.6,-48.8,0.088,15.91,19.1,74,95.0
15.00,MISSION,6.09,1.83,9.95,4.91,-0.50,0.01,-2.49,-2.07,-38.0,-31.3,0.117,15.96,18.5,77,94.9
15.50,MISSION,8.36,1.45,10.05,3.83,-1.64,-0.00,-3.96,0.57,-37.7,-43.2,0.094,15.91,19.1,80,94.7
16.00,MISSION,9.71,0.49,10.08,1.91,-1.94,0.03,-3.89,0.95,-38.8,-43.3,0.095,15.91,19.2,82,94.5
16.50,MISSION,10.17,-0.49,9.97,0.11,-2.22,-0.09,-3.60,1.74,-40.4,-48.8,0.087,15.88,19.0,85,94.3
17.00,MISSION,9.81,-2.09,10.00,-1.43,-2.15,0.02,-2.94,2.71,-41.8,-45.2,0.091,15.88,19.2,88,94.2
17.50,MISSION,8.79,-2.82,9.97,-2.78,-1.61,0.00,-2.14,3.38,-43.2,-47.0,0.090,15.88,19.1,90,94.0
18.00,MISSION,7.00,-3.23,10.04,-3.86,-0.76,-0.00,-0.92,3.89,-44.3,-52.5,0.084,15.87,19.4,93,93.8
18.50,MISSION,4.62,-3.30,10.12,-4.45,0.67,0.07,0.67,3.94,-45.0,-51.9,0.084,15.86,19.5,96,93.6
19.00,MISSION,2.81,-2.83,10.03,-4.16,1.99,0.08,2.94,1.01,-44.0,-32.5,0.118,15.88,18.4,98,93.5
19.50,MISSION,1.04,-1.63,9.91,-2.17,2.70,-0.01,2.22,-2.23,-41.4,-34.3,0.113,15.86,18.4,101,93.3
20.00,MISSION,0.58,-0.53,9.89,-0.09,2.33,0.01,3.71,-1.50,-40.1,-38.3,0.102,15.87,18.9,103,93.1
20.50,MISSION,0.99,0.84,10.11,1.93,2.35,-0.02,2.94,-2.71,-40.9,-44.0,0.095,15.82,19.1,106,92.9
21.00,MISSION,2.42,2.23,9.83,3.68,1.83,-0.06,1.31,-3.78,-43.2,-50.4,0.085,15.77,19.4,109,92.8
21.50,MISSION,4.31,2.53,9.93,4.84,0.66,-0.03,-0.40,-3.98,-44.2,-44.8,0.093,15.88,18.7,111,92.6
22.00,MISSION,7.01,2.59,9.88,5.08,-0.93,-0.05,-3.45,-2.02,-45.3,-46.3,0.091,15.81,19.2,114,92.4
22.50,MISSION,9.07,1.62,10.01,3.71,-2.19,-0.00,-3.88,0.98,-45.8,-45.4,0.091,15.86,19.4,117,92.2
23.00,MISSION,10.81,0.38,10.00,1.90,-2.75,0.00,-3.75,1.40,-46.3,-49.1,0.087,15.79,19.1,119,92.0
23.50,MISSION,10.94,-0.96,10.12,0.17,-2.95,0.01,-3.34,2.20,-47.0,-47.1,0.088,15.79,19.4,122,91.9
24.00,MISSION,10.51,-2.25,10.23,-1.40,-2.66,-0.04,-2.74,2.91,-47.1,-50.8,0.085,15.77,19.2,125,91.7
24.50,MISSION,9.86,-3.57,9.92,-2.76,-2.05,0.07,-1.83,3.55,-48.0,-53.7,0.082,15.77,19.4,127,91.5
25.00,MISSION,8.43,-4.41,9.81,-3.78,-1.08,0.02,-0.75,3.93,-48.8,-52.1,0.084,15.77,19.3,130,91.3
25.50,MISSION,6.13,-4.69,9.96,-4.43,0.30,-0.04,0.66,3.94,-49.6,-57.2,0.080,15.79,19.6,133,91.1
26.00,MISSION,3.52,-4.19,9.89,-4.53,1.69,0.02,2.19,3.35,-50.4,-50.6,0.086,15.78,19.5,136,91.0
26.50,MISSION,1.53,-2.82,9.93,-3.44,3.22,0.09,3.73,-1.23,-48.3,-38.8,0.103,15.75,18.7,138,90.8
27.00,MISSION,0.46,-1.42,9.96,-1.19,3.21,0.06,3.71,-1.50,-46.8,-43.2,0.095,15.73,19.1,141,90.6
27.50,MISSION,0.50,0.42,9.98,1.05,3.12,0.03,3.05,-2.58,-46.8,-47.7,0.089,15.73,19.4,143,90.4
28.00,MISSION,1.38,2.17,10.03,2.85,2.72,-0.03,1.81,-3.57,-48.1,-55.1,0.081,15.74,19.6,146,90.3
28.50,MISSION,3.29,3.10,10.01,4.40,1.78,-0.01,0.14,-4.00,-49.8,-55.7,0.081,15.66,19.3,149,90.1
29.00,MISSION,5.99,3.38,10.06,5.15,0.21,0.06,-1.71,-3.61,-50.4,-50.6,0.086,15.71,19.3,152,89.9
29.50,MISSION,8.20,3.04,10.05,5.16,-1.35,-0.08,-3.73,-1.46,-50.2,-48.7,0.088,15.70,19.6,154,89.7
30.00,MISSION,10.50,2.34,9.95,3.86,-2.57,0.03,-3.98,0.43,-50.6,-52.1,0.085,15.68,19.4,157,89.5
30.50,MISSION,12.15,0.70,9.86,2.01,-3.26,-0.04,-3.33,2.22,-50.7,-51.6,0.085,15.72,19.5,160,89.4
31.00,MISSION,12.74,-0.59,9.86,0.16,-3.12,-0.06,-2.33,3.25,-51.0,-55.0,0.081,15.69,19.7,162,89.2
31.50,MISSION,12.21,-2.12,9.92,-1.45,-2.21,-0.02,-0.51,3.97,-52.0,-57.9,0.079,15.64,19.8,165,89.0
32.00,MISSION,11.28,-3.05,10.10,-2.44,-0.74,-0.05,1.39,3.75,-52.6,-54.6,0.082,15.66,19.8,168,88.8
32.50,MISSION,10.24,-2.76,10.07,-2.52,1.07,0.06,3.40,2.10,-52.9,-52.5,0.084,15.65,19.5,170,88.6
33.00,MISSION,9.51,-1.91,9.87,-1.35,2.62,0.03,3.22,-1.62,-52.7,-51.4,0.085,15.68,19.3,173,88.5
33.50,MISSION,9.18,-0.30,10.15,0.83,2.77,0.04,-3.65,-1.64,-51.7,-37.5,0.108,15.62,18.6,176,88.3
34.00,MISSION,9.53,0.92,10.26,0.71,0.91,-0.03,-3.89,-0.95,-49.0,-54.2,0.082,15.65,19.4,178,88.1
34.50,MISSION,9.43,0.44,9.86,-0.24,-0.71,0.03,-3.98,0.40,-50.5,-60.3,0.077,15.57,19.7,181,87.9
35.00,MISSION,9.26,-0.14,9.82,-1.15,-1.78,0.01,-3.60,1.73,-52.2,-53.8,0.082,15.62,19.3,184,87.7
35.50,MISSION,8.26,-1.21,10.03,-2.47,-2.09,0.02,-2.64,3.00,-53.1,-55.9,0.081,15.63,19.6,187,87.6
36.00,MISSION,6.59,-2.27,10.11,-3.59,-1.63,-0.06,-1.32,3.77,-53.7,-56.4,0.081,15.62,19.8,189,87.4
36.50,MISSION,4.81,-2.52,10.02,-4.62,-0.68,0.05,0.39,3.98,-54.5,-57.2,0.079,15.62,19.6,192,87.2
37.00,MISSION,2.24,-2.31,9.97,-4.49,1.02,-0.02,3.68,1.57,-54.2,-49.9,0.086,15.60,19.3,195,87.0
37.50,MISSION,0.45,-1.76,10.10,-3.01,2.48,-0.03,3.78,-1.30,-54.1,-53.7,0.083,15.60,19.7,197,86.8
38.00,MISSION,-0.39,-0.33,10.03,-0.80,3.08,-0.01,3.57,-1.80,-53.9,-54.3,0.083,15.60,19.6,200,86.7
38.50,MISSION,-0.30,1.55,9.93,1.22,3.38,0.06,2.68,-2.97,-54.9,-57.7,0.079,15.53,19.4,203,86.5
39.00,MISSION,0.67,3.42,9.95,3.18,2.96,0.06,1.23,-3.81,-56.3,-57.6,0.079,15.61,20.0,206,86.3
39.50,MISSION,2.77,4.45,10.03,4.63,1.96,0.04,-0.32,-3.99,-56.9,-55.8,0.081,15.52,19.5,208,86.1
40.00,MISSION,5.30,4.92,9.98,5.52,0.63,-0.04,-1.75,-3.60,-57.0,-59.5,0.078,15.55,20.1,211,85.9
40.50,MISSION,7.76,4.67,10.01,5.61,-1.10,-0.00,-3.03,-2.61,-57.4,-59.6,0.078,15.53,19.9,214,85.8
41.00,MISSION,10.75,3.91,10.00,4.96,-2.63,-0.01,-3.95,-0.63,-57.6,-53.2,0.083,15.53,19.6,216,85.6
41.50,MISSION,13.05,2.07,10.00,3.49,-3.69,0.01,-3.84,1.13,-57.8,-55.3,0.081,15.53,19.6,219,85.4
42.00,MISSION,14.31,0.12,9.89,1.78,-4.09,-0.04,-3.27,2.30,-58.6,-67.3,0.074,15.50,20.2,222,85.2
42.50,MISSION,14.81,-1.68,9.91,-0.04,-4.05,-0.01,-2.44,3.17,-58.7,-58.9,0.078,15.50,19.5,225,85.0
43.00,MISSION,13.94,-3.64,9.74,-1.68,-3.25,-0.04,-1.10,3.85,-58.5,-55.7,0.081,15.50,19.7,227,84.8
43.50,MISSION,13.19,-4.91,10.12,-2.89,-2.21,-0.02,0.10,4.00,-58.7,-61.3,0.077,15.47,20.0,230,84.7
44.00,MISSION,11.50,-5.53,9.83,-3.54,-0.61,-0.06,1.52,3.70,-59.4,-62.0,0.076,15.47,19.3,233,84.5
44.50,MISSION,9.77,-5.61,9.96,-3.75,1.12,-0.09,2.86,2.80,-60.2,-59.5,0.078,15.48,18.9,236,84.3
45.00,MISSION,7.77,-4.47,9.74,-3.13,2.92,0.12,3.91,0.84,-61.0,-66.3,0.074,15.48,19.7,238,84.1
45.50,MISSION,6.90,-2.94,9.72,-1.65,4.12,0.08,3.80,-1.26,-61.5,-62.3,0.076,15.46,20.1,241,83.9
46.00,MISSION,6.18,-0.46,9.91,0.34,4.55,-0.00,2.40,-3.20,-60.7,-54.5,0.082,15.48,19.3,244,83.7
46.50,MISSION,6.97,1.57,10.05,2.31,3.79,-0.01,0.32,-3.99,-60.8,-63.7,0.076,15.43,19.7,247,83.6
47.00,MISSION,8.45,3.38,9.92,3.70,2.43,-0.00,-1.55,-3.69,-61.1,-58.0,0.078,15.43,19.7,249,83.4
47.50,MISSION,10.49,4.14,10.14,4.32,0.63,-0.00,-2.95,-2.70,-60.6,-59.3,0.077,15.43,19.9,252,83.2
48.00,MISSION,12.39,3.58,10.03,4.11,-1.25,-0.05,-3.81,-1.21,-60.7,-66.6,0.074,15.45,20.0,255,83.0
48.50,MISSION,14.52,2.69,9.92,3.18,-2.72,-0.04,-4.00,0.16,-62.1,-70.4,0.073,15.41,19.9,257,82.8
49.00,MISSION,16.06,1.33,10.17,1.92,-3.64,-0.02,-3.74,1.41,-63.4,-72.3,0.072,15.42,20.2,260,82.7
49.50,MISSION,16.40,-0.99,10.05,0.35,-4.07,0.02,-2.95,2.70,-64.0,-68.6,0.073,15.40,20.0,263,82.5
50.00,MISSION,16.02,-3.06,10.01,-1.19,-3.96,0.02,-1.86,3.54,-64.3,-64.2,0.075,15.41,20.1,266,82.3
50.50,MISSION,15.15,-4.62,10.04,-2.64,-3.15,0.07,-0.66,3.95,-64.1,-61.7,0.077,15.39,19.6,268,82.1
51.00,MISSION,13.63,-5.91,10.06,-3.69,-1.89,-0.08,0.69,3.94,-63.6,-67.9,0.073,15.36,19.8,271,81.9
51.50,MISSION,11.48,-6.49,9.74,-4.12,-0.34,0.06,2.00,3.47,-64.8,-72.4,0.072,15.36,19.8,274,81.7
52.00,MISSION,9.31,-6.27,10.18,-4.16,1.39,0.05,3.18,2.42,-65.3,-65.2,0.074,15.33,19.6,277,81.6
52.50,MISSION,7.58,-5.34,10.00,-3.60,3.08,0.00,3.87,1.00,-65.5,-68.2,0.074,15.36,20.1,279,81.4
53.00,MISSION,6.02,-3.44,9.92,-2.19,4.36,0.04,3.91,-0.85,-65.6,-66.3,0.074,15.34,19.6,282,81.2
53.50,MISSION,5.53,-0.85,10.05,-0.38,4.97,0.05,2.89,-2.76,-65.8,-68.3,0.073,15.32,20.1,285,81.0
54.00,MISSION,5.60,1.49,10.12,1.77,4.92,0.03,1.32,-3.77,-66.2,-68.1,0.074,15.35,20.0,288,80.8
54.50,MISSION,6.75,3.72,10.03,3.46,3.88,-0.00,-0.30,-3.99,-66.4,-63.7,0.075,15.31,19.9,291,80.6
55.00,MISSION,9.17,5.35,9.95,4.58,2.24,-0.01,-1.91,-3.51,-66.3,-66.8,0.074,15.35,19.9,293,80.4
55.50,MISSION,11.45,6.08,9.97,5.10,0.46,0.02,-3.05,-2.59,-66.4,-69.8,0.073,15.31,19.9,296,80.3
56.00,MISSION,13.73,5.60,9.92,4.88,-1.40,0.02,-3.76,-1.36,-67.0,-75.1,0.071,15.30,20.0,299,80.1
56.50,MISSION,16.67,4.50,9.92,4.13,-2.75,0.00,-4.00,-0.02,-68.8,-74.0,0.071,15.31,20.1,302,79.9
57.00,MISSION,17.99,2.75,10.01,3.01,-3.97,-0.03,-3.83,1.16,-69.6,-65.3,0.074,15.29,20.0,304,79.7
57.50,MISSION,19.19,0.66,9.95,1.42,-4.56,0.03,-3.34,2.20,-69.0,-67.9,0.073,15.28,20.1,307,79.5
58.00,MISSION,19.64,-1.63,10.13,-0.04,-4.78,0.06,-2.63,3.02,-69.4,-75.6,0.071,15.26,20.4,310,79.3
58.50,MISSION,19.33,-4.01,10.00,-1.57,-4.47,-0.03,-1.70,3.62,-69.3,-71.4,0.072,15.25,20.1,313,79.2
59.00,MISSION,18.02,-5.95,10.01,-2.88,-3.72,0.01,-0.67,3.94,-69.2,-73.0,0.071,15.27,20.0,315,79.0
59.50,MISSION,16.23,-7.54,10.07,-3.87,-2.50,0.07,0.43,3.98,-70.3,-71.9,0.072,15.25,20.2,318,78.8
60.00,MISSION,14.05,-8.35,9.86,-4.67,-1.18,-0.04,1.61,3.66,-70.2,-70.1,0.072,15.28,19.9,321,78.6
60.50,MISSION,11.77,-8.62,10.03,-4.92,0.43,0.01,2.64,3.01,-70.6,-75.7,0.071,15.27,19.8,324,78.4
61.00,MISSION,9.09,-7.75,9.83,-4.64,2.10,-0.01,3.51,1.92,-71.1,-72.6,0.072,15.27,20.4,327,78.2
61.50,MISSION,7.54,-6.59,10.11,-3.73,3.66,0.00,3.93,0.73,-70.6,-65.5,0.074,15.28,20.0,329,78.0
62.00,MISSION,5.44,-4.69,9.88,-2.47,5.00,0.03,3.89,-0.93,-71.0,-73.8,0.071,15.21,20.4,332,77.9
62.50,MISSION,4.68,-2.05,10.00,-0.81,5.58,0.01,3.29,-2.27,-71.9,-72.2,0.072,15.24,19.7,335,77.7
63.00,MISSION,4.87,1.07,9.94,1.18,5.69,-0.01,1.84,-3.55,-71.1,-65.0,0.075,15.24,19.9,338,77.5
63.50,MISSION,5.92,3.60,9.96,3.08,5.10,-0.01,0.28,-3.99,-71.2,-73.3,0.072,15.23,20.0,340,77.3
64.00,MISSION,8.13,6.06,9.96,4.52,3.65,-0.05,-1.36,-3.76,-71.8,-72.9,0.072,15.27,20.0,343,77.1
64.50,MISSION,10.50,7.47,9.97,5.27,1.92,-0.13,-2.52,-3.11,-71.6,-70.9,0.072,15.26,20.2,346,76.9
65.00,MISSION,12.76,7.71,9.98,5.65,0.01,-0.07,-3.36,-2.16,-72.3,-75.2,0.071,15.25,19.7,349,76.8
65.50,MISSION,15.91,7.39,9.86,5.27,-1.56,0.07,-3.85,-1.08,-72.6,-73.0,0.072,15.22,19.6,352,76.6
66.00,MISSION,18.32,6.48,10.18,4.51,-3.09,-0.03,-4.00,0.01,-72.6,-78.9,0.070,15.18,20.5,354,76.4
66.50,MISSION,20.18,4.33,10.11,3.36,-4.12,0.06,-3.86,1.05,-73.1,-74.3,0.071,15.23,20.0,357,76.2
67.00,MISSION,21.42,1.85,10.06,1.95,-4.91,-0.03,-3.44,2.05,-73.0,-66.0,0.074,15.23,19.9,360,76.0
67.50,MISSION,22.25,-0.47,9.80,0.42,-5.12,0.02,-2.86,2.80,-72.8,-76.1,0.071,15.19,19.6,363,75.8
68.00,MISSION,21.88,-3.36,10.02,-1.00,-5.04,0.03,-2.04,3.44,-73.8,-85.1,0.070,15.20,20.2,365,75.6
68.50,MISSION,21.29,-5.47,9.87,-2.40,-4.59,-0.06,-1.19,3.82,-73.5,-75.5,0.071,15.22,20.1,368,75.4
69.00,MISSION,19.80,-7.68,9.88,-3.59,-3.68,-0.06,-0.20,3.99,-73.6,-77.6,0.071,15.21,19.8,371,75.3
69.50,MISSION,17.76,-9.24,10.10,-4.53,-2.45,0.06,0.82,3.92,-75.0,-74.1,0.071,15.21,20.1,374,75.1
70.00,MISSION,15.21,-10.44,9.74,-5.07,-1.09,0.14,1.82,3.56,-74.7,-75.9,0.071,15.21,20.4,377,74.9
70.50,MISSION,12.74,-10.17,10.03,-5.40,0.48,0.02,2.75,2.91,-74.5,-72.0,0.072,15.18,20.0,379,74.7
71.00,MISSION,9.83,-9.53,10.05,-5.01,2.09,0.02,3.47,1.98,-74.1,-74.9,0.071,15.20,19.9,382,74.5
71.50,MISSION,7.86,-7.63,10.04,-4.30,3.67,0.05,3.92,0.80,-74.5,-79.0,0.070,15.21,20.0,385,74.3
72.00,MISSION,5.74,-5.71,9.98,-3.12,4.93,0.07,3.96,-0.60,-74.8,-73.8,0.071,15.15,20.3,388,74.1
72.50,MISSION,4.46,-3.03,10.09,-1.49,5.80,-0.06,3.46,-2.01,-74.9,-76.0,0.071,15.20,20.2,391,74.0
73.00,MISSION,4.22,-0.06,10.12,0.41,6.16,0.01,2.40,-3.20,-75.4,-81.5,0.070,15.15,20.0,393,73.8
73.50,MISSION,5.05,3.05,9.91,2.22,5.74,0.01,0.95,-3.89,-75.5,-84.6,0.070,15.17,20.3,396,73.6
74.00,MISSION,6.35,5.47,10.19,3.95,4.84,0.07,-0.52,-3.97,-76.2,-76.0,0.071,15.18,20.1,399,73.4
74.50,MISSION,8.86,7.50,10.06,5.19,3.32,0.03,-1.89,-3.52,-76.6,-78.3,0.070,15.18,20.2,402,73.2
75.00,MISSION,11.74,8.60,9.99,5.99,1.57,-0.01,-2.93,-2.72,-76.1,-77.4,0.071,15.16,20.3,405,73.0
75.50,MISSION,14.74,8.79,10.05,5.98,-0.29,0.11,-3.59,-1.77,-76.0,-82.5,0.070,15.15,20.1,407,72.8
76.00,MISSION,17.32,8.65,9.89,5.63,-1.96,-0.03,-3.91,-0.82,-76.3,-72.8,0.072,15.12,19.8,410,72.7
76.50,MISSION,19.94,6.98,9.91,4.75,-3.38,-0.03,-3.99,0.23,-76.9,-84.4,0.070,15.10,20.3,413,72.5
77.00,MISSION,22.34,5.23,9.92,3.57,-4.54,0.02,-3.81,1.21,-77.6,-79.1,0.070,15.15,20.0,416,72.3
77.50,MISSION,23.62,2.80,10.27,2.31,-5.31,-0.01,-3.44,2.05,-77.5,-77.4,0.070,15.12,20.3,419,72.1
78.00,MISSION,24.42,-0.17,10.14,0.80,-5.55,-0.06,-2.88,2.78,-77.1,-73.4,0.072,15.15,20.2,421,71.9
78.50,MISSION,24.53,-2.57,10.10,-0.67,-5.43,0.04,-2.24,3.32,-77.0,-79.9,0.070,15.15,19.9,424,71.7
79.00,MISSION,23.89,-5.58,9.90,-1.98,-5.16,0.09,-1.42,3.74,-77.5,-83.4,0.070,15.12,20.4,427,71.5
79.50,MISSION,22.41,-7.99,10.02,-3.30,-4.43,0.00,-0.50,3.97,-78.7,-80.7,0.070,15.12,20.3,430,71.3
80.00,MISSION,20.20,-9.82,10.12,-4.40,-3.38,-0.01,0.46,3.97,-79.2,-77.3,0.070,15.13,20.1,433,71.2
80.50,MISSION,18.40,-11.22,10.03,-5.17,-2.17,-0.04,1.33,3.77,-78.7,-76.4,0.071,15.11,20.3,435,71.0
81.00,MISSION,15.48,-12.13,10.18,-5.61,-0.71,-0.01,2.24,3.32,-78.9,-83.3,0.070,15.06,20.0,438,70.8
81.50,MISSION,12.38,-11.70,10.10,-5.68,0.87,0.02,3.03,2.61,-78.7,-80.1,0.070,15.14,20.2,441,70.6
82.00,MISSION,9.81,-10.81,10.06,-5.30,2.40,0.01,3.60,1.74,-79.3,-82.3,0.070,15.12,20.4,444,70.4
82.50,MISSION,7.29,-9.27,10.03,-4.64,3.90,0.07,3.96,0.59,-79.6,-81.2,0.070,15.14,20.0,447,70.2
83.00,MISSION,5.32,-7.15,9.95,-3.33,5.21,-0.03,3.94,-0.67,-80.2,-78.1,0.070,15.08,19.9,449,70.0
83.50,MISSION,4.05,-4.28,10.13,-1.93,6.06,-0.01,3.54,-1.86,-80.1,-80.9,0.070,15.08,20.2,452,69.9
84.00,MISSION,3.32,-1.03,10.12,0.03,6.51,-0.05,2.60,-3.04,-79.6,-77.3,0.071,15.09,20.0,455,69.7
84.50,MISSION,3.81,1.91,10.11,1.73,6.30,-0.03,1.46,-3.72,-79.5,-85.4,0.070,15.11,20.2,458,69.5
85.00,MISSION,4.94,5.20,10.06,3.57,5.56,-0.05,-0.04,-4.00,-80.0,-82.3,0.070,15.09,20.2,461,69.3
85.50,MISSION,7.73,7.66,10.13,4.99,4.34,0.05,-1.45,-3.73,-80.7,-87.8,0.070,15.05,20.5,463,69.1
86.00,MISSION,10.32,9.30,10.05,5.90,2.69,-0.06,-2.48,-3.14,-80.8,-81.4,0.070,15.08,20.5,466,68.9
86.50,MISSION,13.29,10.23,9.82,6.29,0.87,-0.01,-3.25,-2.34,-80.2,-77.6,0.070,15.06,20.2,469,68.7
87.00,MISSION,16.38,10.33,9.98,6.31,-0.91,0.01,-3.75,-1.40,-81.4,-86.5,0.070,15.09,20.4,472,68.5
87.50,MISSION,19.44,9.46,10.02,5.76,-2.48,-0.03,-3.97,-0.45,-81.6,-81.2,0.070,15.03,20.3,475,68.4
88.00,MISSION,22.39,7.71,9.99,4.94,-3.90,-0.08,-3.96,0.54,-82.0,-85.4,0.070,15.09,20.4,478,68.2
88.50,MISSION,24.27,5.73,10.06,3.83,-4.85,-0.08,-3.77,1.33,-82.1,-81.5,0.070,15.12,20.3,480,68.0
89.00,MISSION,25.99,3.10,9.98,2.52,-5.56,0.02,-3.40,2.11,-82.1,-85.3,0.070,15.04,20.3,483,67.8
89.50,MISSION,27.03,0.32,10.05,1.11,-5.95,-0.04,-2.89,2.77,-81.3,-78.2,0.070,15.07,20.2,486,67.6
90.00,MISSION,26.94,-2.56,10.06,-0.34,-5.90,-0.05,-2.28,3.29,-82.3,-84.8,0.070,15.02,20.2,489,67.4
90.50,MISSION,26.60,-5.67,10.10,-1.69,-5.69,0.07,-1.54,3.69,-82.8,-82.2,0.070,15.02,20.5,492,67.2
91.00,MISSION,25.51,-8.62,10.09,-3.03,-5.08,0.03,-0.70,3.94,-83.0,-84.5,0.070,15.00,20.3,494,67.0
91.50,MISSION,23.60,-10.71,10.03,-3.99,-4.24,0.04,0.04,4.00,-83.6,-85.3,0.070,15.02,20.4,497,66.9
92.00,MISSION,21.35,-12.76,9.88,-5.02,-3.13,-0.03,0.96,3.88,-83.9,-84.4,0.070,15.00,20.3,500,66.7
92.50,MISSION,18.51,-14.03,9.83,-5.68,-1.78,0.03,1.81,3.56,-85.0,-81.3,0.070,15.04,20.4,503,66.5
93.00,MISSION,15.93,-14.46,9.95,-5.98,-0.52,0.01,2.49,3.13,-84.7,-84.6,0.070,15.01,20.2,506,66.3
93.50,MISSION,12.59,-14.31,9.96,-6.09,1.02,0.04,3.20,2.40,-84.7,-76.4,0.071,15.02,20.1,509,66.1
94.00,MISSION,9.64,-13.31,10.33,-5.72,2.71,0.03,3.72,1.46,-83.8,-79.3,0.070,15.00,20.1,511,65.9
94.50,MISSION,6.88,-11.54,10.01,-4.94,3.99,-0.09,3.96,0.53,-83.7,-83.2,0.070,15.00,20.6,514,65.7
95.00,MISSION,4.72,-9.16,10.10,-3.89,5.28,-0.07,3.96,-0.59,-83.6,-88.0,0.070,15.01,20.3,517,65.5
95.50,MISSION,3.40,-6.72,10.11,-2.38,6.28,-0.03,3.63,-1.67,-84.4,-85.7,0.070,15.01,20.3,520,65.3
96.00,MISSION,2.89,-3.31,9.94,-0.67,6.91,0.01,2.94,-2.71,-85.4,-88.1,0.070,14.99,20.3,523,65.2
96.50,MISSION,2.48,0.21,9.91,0.99,6.90,0.14,1.98,-3.48,-85.1,-80.5,0.070,14.99,20.6,525,65.0
97.00,MISSION,3.73,3.68,10.04,2.86,6.54,-0.01,0.63,-3.95,-85.6,-85.8,0.070,14.96,20.6,528,64.8
97.50,MISSION,5.23,6.67,10.02,4.47,5.68,0.03,-0.63,-3.95,-85.9,-85.0,0.070,14.98,20.5,531,64.6
98.00,MISSION,7.93,9.20,10.12,5.72,4.18,0.04,-1.82,-3.56,-85.7,-89.0,0.070,14.94,20.7,534,64.4
98.50,MISSION,11.19,11.18,10.05,6.53,2.50,-0.06,-2.75,-2.91,-85.9,-89.8,0.070,14.95,20.9,537,64.2
99.00,MISSION,14.28,11.64,10.04,6.80,0.88,0.02,-3.35,-2.19,-86.9,-90.4,0.070,14.96,20.2,540,64.0
99.50,MISSION,18.08,11.73,9.99,6.83,-0.93,-0.01,-3.80,-1.25,-86.6,-85.1,0.070,14.98,20.2,542,63.8
100.00,MISSION,21.19,10.81,10.21,6.37,-2.41,-0.06,-3.98,-0.42,-86.5,-89.3,0.070,14.99,20.7,545,63.6
100.50,MISSION,24.07,9.42,10.09,5.70,-3.81,-0.06,-3.98,0.41,-87.8,-100.4,0.072,14.96,20.8,548,63.5
101.00,MISSION,26.72,7.10,9.97,4.59,-4.89,0.01,-3.81,1.22,-87.5,-83.3,0.070,14.95,20.2,551,63.3
101.50,MISSION,28.83,4.35,10.09,3.39,-5.73,-0.07,-3.49,1.95,-87.1,-86.1,0.070,14.95,20.4,554,63.1
102.00,MISSION,29.85,1.38,10.11,2.06,-6.32,0.04,-3.05,2.59,-87.0,-88.8,0.070,14.94,20.5,557,62.9
102.50,MISSION,30.98,-1.71,9.99,0.61,-6.43,0.10,-2.53,3.10,-87.0,-91.0,0.070,14.92,20.0,559,62.7
103.00,MISSION,30.93,-4.78,9.88,-0.66,-6.27,0.01,-1.98,3.47,-87.5,-87.3,0.070,14.91,20.7,562,62.5
103.50,MISSION,30.09,-7.96,10.08,-1.94,-6.07,-0.03,-1.30,3.78,-88.6,-88.1,0.070,14.94,20.1,565,62.3
104.00,MISSION,28.93,-10.80,10.05,-3.21,-5.35,0.03,-0.57,3.96,-88.6,-90.0,0.070,14.92,20.4,568,62.1
104.50,MISSION,26.57,-13.38,10.17,-4.34,-4.69,0.05,0.23,3.99,-88.8,-87.0,0.070,14.93,20.4,571,61.9
105.00,MISSION,24.50,-15.39,9.87,-5.19,-3.55,0.01,0.95,3.89,-88.5,-94.0,0.070,14.89,20.5,574,61.8
105.50,MISSION,21.59,-17.03,10.00,-5.79,-2.48,0.05,1.64,3.65,-89.5,-93.4,0.070,14.90,20.6,577,61.6
106.00,MISSION,18.56,-17.90,10.00,-6.23,-1.05,-0.09,2.36,3.23,-90.3,-91.1,0.070,14.90,20.4,579,61.4
106.50,MISSION,15.58,-17.88,9.99,-6.48,0.32,0.08,2.98,2.66,-90.2,-91.1,0.070,14.94,20.6,582,61.2
107.00,MISSION,12.27,-17.29,9.92,-6.27,1.94,0.02,3.53,1.89,-90.4,-97.1,0.071,14.90,20.5,585,61.0
107.50,MISSION,9.32,-15.96,10.00,-5.92,3.28,-0.02,3.85,1.08,-90.4,-95.0,0.071,14.90,20.5,588,60.8
108.00,MISSION,6.44,-14.38,10.20,-5.15,4.56,0.07,4.00,0.19,-90.8,-83.2,0.070,14.90,20.6,591,60.6
108.50,MISSION,4.15,-11.38,9.98,-4.09,5.79,0.01,3.91,-0.82,-90.5,-85.7,0.070,14.91,20.4,594,60.4
109.00,MISSION,2.41,-8.14,10.02,-2.69,6.57,-0.04,3.61,-1.72,-90.2,-89.2,0.070,14.94,20.7,596,60.2
109.50,MISSION,1.09,-4.77,9.99,-1.19,7.24,0.03,3.02,-2.63,-90.8,-94.8,0.071,14.88,20.5,599,60.0
110.00,MISSION,1.03,-0.97,9.94,0.55,7.53,0.03,2.14,-3.38,-91.4,-97.2,0.071,14.90,20.7,602,59.9
110.50,MISSION,1.92,2.61,10.04,2.24,7.22,-0.01,1.10,-3.84,-91.8,-89.1,0.070,14.90,20.4,605,59.7
111.00,MISSION,3.46,6.12,10.06,3.89,6.64,-0.01,-0.10,-4.00,-91.5,-89.1,0.070,14.85,20.5,608,59.5
111.50,MISSION,5.80,9.29,9.87,5.33,5.49,0.03,-1.24,-3.80,-91.0,-93.6,0.070,14.91,20.6,611,59.3
112.00,MISSION,8.86,11.50,10.08,6.44,4.00,-0.07,-2.21,-3.33,-91.4,-92.6,0.070,14.88,20.2,614,59.1
112.50,MISSION,12.13,13.28,10.09,7.10,2.43,0.05,-2.92,-2.73,-92.1,-97.5,0.071,14.88,20.4,616,58.9
113.00,MISSION,16.05,14.01,9.96,7.44,0.83,-0.06,-3.47,-1.99,-92.5,-96.3,0.071,14.86,20.8,619,58.7
113.50,MISSION,19.46,13.64,9.90,7.43,-0.99,0.10,-3.83,-1.16,-93.2,-99.0,0.071,14.86,20.3,622,58.5
114.00,MISSION,23.31,13.04,10.19,7.10,-2.44,0.00,-3.98,-0.39,-92.6,-88.8,0.070,14.89,20.5,625,58.3
114.50,MISSION,26.90,11.63,9.94,6.27,-3.73,0.06,-3.99,0.34,-93.1,-93.1,0.070,14.81,20.6,628,58.1
115.00,MISSION,29.65,8.98,9.98,5.45,-4.94,0.03,-3.85,1.10,-93.9,-94.3,0.070,14.85,20.6,631,58.0
115.50,MISSION,31.78,6.81,10.03,4.32,-5.68,0.04,-3.63,1.67,-93.3,-94.2,0.071,14.83,20.7,634,57.8
116.00,MISSION,34.01,3.56,9.88,3.19,-6.38,-0.05,-3.29,2.28,-93.6,-93.7,0.070,14.88,20.6,636,57.6
116.50,MISSION,35.21,0.08,9.98,1.82,-6.77,-0.02,-2.84,2.81,-94.0,-101.8,0.072,14.84,20.6,639,57.4
117.00,MISSION,35.54,-3.41,9.82,0.50,-6.99,0.01,-2.32,3.26,-93.9,-92.7,0.070,14.85,20.4,642,57.2
117.50,MISSION,35.75,-6.62,10.07,-0.72,-6.93,-0.02,-1.80,3.57,-94.3,-100.3,0.072,14.84,20.6,645,57.0
118.00,MISSION,34.93,-10.21,10.01,-2.07,-6.67,0.01,-1.14,3.83,-94.7,-100.9,0.072,14.80,20.6,648,56.8
118.50,MISSION,33.96,-13.47,10.07,-3.22,-6.11,-0.03,-0.53,3.96,-95.4,-98.1,0.071,14.83,20.5,651,56.6
119.00,MISSION,31.93,-16.17,9.94,-4.23,-5.34,0.00,0.10,4.00,-95.6,-99.1,0.072,14.81,20.8,654,56.4
119.50,MISSION,29.41,-18.59,9.90,-5.16,-4.46,-0.03,0.77,3.93,-95.0,-93.2,0.070,14.84,20.1,656,56.2
120.00,MISSION,26.84,-20.67,9.98,-5.89,-3.41,-0.02,1.40,3.75,-95.3,-97.7,0.071,14.81,20.2,659,56.1
120.50,MISSION,23.71,-22.43,9.96,-6.43,-2.27,0.03,2.02,3.45,-96.0,-103.4,0.073,14.83,20.9,662,55.9
121.00,MISSION,19.91,-23.01,9.91,-6.76,-1.05,0.03,2.59,3.05,-95.7,-98.3,0.071,14.77,21.0,665,55.7
121.50,MISSION,16.97,-23.19,9.99,-6.91,0.38,0.03,3.11,2.51,-96.3,-103.1,0.073,14.78,21.0,668,55.5
122.00,MISSION,13.54,-22.67,10.19,-6.87,1.57,-0.06,3.50,1.93,-97.1,-101.8,0.072,14.79,20.5,671,55.3
122.50,MISSION,9.63,-21.38,10.01,-6.44,3.13,0.03,3.85,1.10,-97.1,-97.8,0.071,14.83,21.1,674,55.1
123.00,MISSION,7.01,-19.52,9.82,-5.93,4.37,-0.03,3.99,0.34,-96.8,-97.9,0.071,14.78,20.5,676,54.9
123.50,MISSION,4.16,-16.73,9.81,-4.95,5.53,0.02,3.97,-0.49,-96.6,-93.9,0.070,14.76,20.6,679,54.7
124.00,MISSION,2.06,-13.83,10.08,-3.78,6.49,0.09,3.78,-1.30,-96.9,-94.8,0.070,14.79,20.6,682,54.5
124.50,MISSION,0.64,-10.35,9.87,-2.52,7.34,0.01,3.40,-2.10,-97.6,-100.9,0.072,14.74,20.8,685,54.3
125.00,MISSION,-0.46,-6.83,9.98,-1.05,7.86,-0.01,2.86,-2.80,-98.1,-101.8,0.073,14.79,20.7,688,54.1
125.50,MISSION,-0.65,-2.44,10.02,0.59,8.12,-0.05,2.09,-3.41,-98.7,-92.7,0.070,14.81,20.6,691,53.9
126.00,MISSION,0.37,1.18,9.99,2.15,8.07,-0.01,1.23,-3.81,-98.1,-98.8,0.071,14.75,20.6,694,53.8
126.50,MISSION,1.62,5.12,10.00,3.66,7.51,0.13,0.24,-3.99,-97.9,-92.3,0.070,14.74,20.5,697,53.6
127.00,MISSION,4.06,8.72,9.94,5.14,6.56,-0.01,-0.85,-3.91,-97.6,-94.0,0.070,14.76,20.2,699,53.4
127.50,MISSION,7.01,11.82,10.10,6.27,5.37,-0.08,-1.77,-3.59,-98.8,-105.8,0.074,14.78,20.9,702,53.2
128.00,MISSION,10.38,14.13,9.81,7.36,4.00,-0.01,-2.56,-3.07,-99.5,-98.0,0.071,14.78,20.7,705,53.0
128.50,MISSION,13.96,15.81,9.90,7.91,2.41,-0.06,-3.13,-2.49,-98.6,-99.0,0.072,14.74,20.8,708,52.8
129.00,MISSION,18.24,16.76,9.92,8.21,0.77,0.04,-3.57,-1.80,-99.4,-102.1,0.073,14.74,20.6,711,52.6
129.50,MISSION,22.13,16.33,10.07,8.22,-0.77,0.12,-3.84,-1.11,-99.2,-102.3,0.073,14.73,20.5,714,52.4
130.00,MISSION,26.34,16.13,10.06,7.70,-2.29,0.01,-3.98,-0.43,-100.5,-105.6,0.074,14.74,21.0,717,52.2
130.50,MISSION,29.94,13.98,10.18,7.23,-3.56,-0.00,-3.99,0.24,-100.0,-92.8,0.070,14.76,20.5,720,52.0
131.00,MISSION,33.51,12.18,9.90,6.46,-4.76,0.06,-3.90,0.88,-99.7,-98.3,0.072,14.72,20.8,722,51.8
131.50,MISSION,36.07,9.53,10.08,5.57,-5.78,-0.01,-3.72,1.47,-99.8,-105.0,0.074,14.72,20.6,725,51.6
132.00,MISSION,38.89,6.44,10.01,4.35,-6.57,0.06,-3.44,2.04,-100.2,-104.5,0.074,14.72,20.9,728,51.5
132.50,MISSION,40.65,3.11,9.93,3.22,-7.13,0.02,-3.11,2.51,-101.1,-101.8,0.072,14.68,20.9,731,51.3
133.00,MISSION,42.03,-0.68,9.89,2.05,-7.47,0.02,-2.72,2.93,-102.4,-104.1,0.073,14.75,20.7,734,51.1
133.50,MISSION,42.96,-4.45,10.20,0.84,-7.72,-0.05,-2.27,3.29,-102.5,-102.9,0.073,14.66,20.9,737,50.9
134.00,MISSION,43.22,-8.55,9.85,-0.29,-7.56,0.08,-1.84,3.55,-101.1,-97.8,0.071,14.69,20.5,740,50.7
134.50,MISSION,42.31,-12.24,9.97,-1.45,-7.39,-0.05,-1.33,3.77,-101.6,-105.7,0.074,14.66,20.6,743,50.5
135.00,MISSION,41.08,-15.69,9.94,-2.64,-7.09,0.01,-0.77,3.93,-101.6,-102.3,0.073,14.69,20.6,745,50.3
135.50,MISSION,40.02,-19.19,9.88,-3.62,-6.41,-0.06,-0.26,3.99,-101.2,-104.5,0.074,14.73,21.2,748,50.1
136.00,MISSION,37.71,-22.22,9.95,-4.48,-5.71,0.07,0.26,3.99,-102.2,-98.6,0.072,14.72,21.0,751,49.9
136.50,MISSION,35.12,-25.10,9.91,-5.42,-4.94,-0.02,0.87,3.90,-101.7,-102.6,0.073,14.69,21.0,754,49.7
137.00,MISSION,32.63,-27.44,9.91,-6.11,-3.99,0.09,1.40,3.75,-103.4,-109.0,0.076,14.67,20.9,757,49.5
137.50,MISSION,29.14,-28.82,9.98,-6.78,-2.87,-0.02,1.98,3.47,-103.2,-93.6,0.070,14.71,20.2,760,49.3
138.00,MISSION,25.51,-30.25,10.06,-7.16,-1.88,0.04,2.44,3.17,-103.0,-109.4,0.076,14.66,20.8,763,49.1
138.50,MISSION,21.73,-30.41,10.14,-7.42,-0.57,-0.05,2.93,2.73,-103.8,-106.6,0.074,14.67,20.9,766,49.0
139.00,MISSION,18.35,-30.95,9.84,-7.42,0.60,0.03,3.29,2.27,-103.6,-101.1,0.073,14.63,20.8,769,48.8
139.50,MISSION,14.61,-29.81,10.09,-7.27,1.78,0.08,3.60,1.75,-103.8,-104.5,0.074,14.67,20.9,771,48.6
140.00,MISSION,10.99,-28.97,10.03,-7.09,3.04,-0.06,3.85,1.09,-102.9,-99.1,0.072,14.68,20.7,774,48.4
140.50,MISSION,7.72,-27.03,9.88,-6.40,4.40,-0.11,3.99,0.34,-103.9,-106.4,0.075,14.63,20.7,777,48.2
141.00,MISSION,4.42,-24.34,9.95,-5.73,5.46,0.05,3.99,-0.34,-104.4,-106.9,0.074,14.63,20.5,780,48.0
141.50,MISSION,2.05,-21.49,10.06,-4.75,6.50,-0.11,3.85,-1.08,-104.9,-105.9,0.074,14.71,21.3,783,47.8
142.00,MISSION,-0.23,-18.16,10.03,-3.71,7.38,-0.08,3.59,-1.76,-104.5,-103.4,0.073,14.63,21.0,786,47.6
142.50,MISSION,-1.97,-14.14,10.17,-2.44,8.04,0.00,3.21,-2.39,-104.5,-110.2,0.077,14.63,21.1,789,47.4
143.00,MISSION,-2.62,-10.18,10.06,-1.08,8.41,-0.09,2.74,-2.91,-105.4,-103.9,0.073,14.65,20.8,792,47.2
143.50,MISSION,-2.67,-5.70,10.09,0.30,8.75,-0.09,2.15,-3.38,-105.1,-99.0,0.072,14.62,20.8,795,47.0
144.00,MISSION,-2.45,-1.61,9.98,1.89,8.62,-0.01,1.44,-3.73,-104.7,-104.2,0.074,14.61,21.1,798,46.8
144.50,MISSION,-0.94,3.00,10.02,3.40,8.31,-0.02,0.58,-3.96,-104.9,-101.5,0.073,14.65,21.0,800,46.6
145.00,MISSION,0.75,7.11,10.10,4.78,7.71,0.06,-0.30,-3.99,-106.0,-106.1,0.075,14.59,20.6,803,46.4
145.50,MISSION,3.89,10.68,10.10,6.14,6.82,0.02,-1.24,-3.80,-105.8,-101.9,0.073,14.61,20.6,806,46.2
146.00,MISSION,6.95,13.54,10.15,7.21,5.73,0.11,-2.00,-3.47,-105.1,-105.6,0.074,14.63,20.8,809,46.1
146.50,MISSION,10.90,16.30,9.93,7.96,4.31,-0.08,-2.65,-3.00,-105.7,-111.4,0.077,14.59,20.9,812,45.9
147.00,MISSION,15.13,17.79,9.94,8.50,2.82,0.02,-3.17,-2.44,-105.8,-104.6,0.074,14.62,20.9,815,45.7
147.50,MISSION,19.45,19.05,9.99,8.74,1.29,-0.03,-3.54,-1.86,-106.0,-106.3,0.074,14.59,21.1,818,45.5
148.00,MISSION,24.02,19.19,9.94,8.82,-0.26,-0.07,-3.81,-1.22,-106.2,-107.5,0.075,14.61,20.7,821,45.3
148.50,MISSION,28.29,18.76,9.95,8.66,-1.74,-0.02,-3.96,-0.60,-106.8,-107.7,0.075,14.57,21.0,824,45.1
149.00,MISSION,32.62,17.42,9.98,8.30,-2.97,-0.03,-4.00,-0.03,-106.7,-104.3,0.073,14.59,21.0,827,44.9
149.50,MISSION,36.53,16.18,10.16,7.62,-4.16,0.03,-3.97,0.52,-106.7,-105.7,0.074,14.60,20.6,829,44.7
150.00,MISSION,39.99,13.55,9.94,6.97,-5.27,-0.02,-3.85,1.07,-107.8,-111.1,0.076,14.60,20.7,832,44.5
150.50,MISSION,43.43,10.49,9.89,6.03,-6.04,0.07,-3.69,1.55,-108.3,-107.7,0.075,14.61,20.6,835,44.3
151.00,MISSION,46.26,7.40,10.07,5.17,-6.90,0.06,-3.45,2.02,-108.1,-108.6,0.076,14.59,21.0,838,44.1
151.50,MISSION,48.67,3.70,10.09,4.10,-7.49,-0.02,-3.17,2.44,-107.2,-106.5,0.075,14.61,20.8,841,43.9
152.00,MISSION,50.32,-0.20,9.99,2.99,-8.01,0.04,-2.82,2.84,-107.4,-106.3,0.074,14.59,20.8,844,43.7
152.50,MISSION,51.77,-4.16,9.80,1.89,-8.13,0.02,-2.49,3.13,-108.1,-115.4,0.080,14.60,21.2,847,43.5
153.00,MISSION,52.17,-8.27,9.94,0.67,-8.27,0.04,-2.07,3.42,-108.2,-107.0,0.074,14.58,21.0,850,43.3
153.50,MISSION,52.32,-12.44,9.91,-0.40,-8.31,0.07,-1.65,3.64,-107.5,-106.4,0.075,14.55,21.2,853,43.1
154.00,MISSION,51.50,-16.40,10.03,-1.47,-8.05,-0.00,-1.22,3.81,-108.5,-108.2,0.075,14.57,20.8,856,43.0
154.50,MISSION,50.98,-20.58,9.87,-2.54,-7.68,-0.02,-0.76,3.93,-108.8,-112.1,0.077,14.57,21.1,859,42.8
155.00,MISSION,49.13,-24.18,10.06,-3.47,-7.31,0.06,-0.32,3.99,-108.9,-101.0,0.072,14.55,20.9,862,42.6
155.50,MISSION,47.07,-27.63,9.98,-4.34,-6.62,0.02,0.14,4.00,-108.6,-110.7,0.078,14.54,21.3,864,42.4
156.00,MISSION,44.93,-30.77,9.91,-5.13,-6.04,-0.04,0.59,3.96,-109.3,-109.4,0.076,14.54,20.7,867,42.2
156.50,MISSION,42.11,-33.91,10.03,-5.88,-5.24,0.12,1.06,3.86,-109.1,-112.3,0.078,14.53,21.0,870,42.0
157.00,MISSION,39.01,-35.91,10.00,-6.53,-4.39,-0.01,1.52,3.70,-109.7,-111.0,0.077,14.52,21.0,873,41.8
157.50,MISSION,35.54,-37.86,10.00,-7.16,-3.48,-0.07,1.99,3.47,-109.6,-103.5,0.073,14.56,20.7,876,41.6
158.00,MISSION,31.81,-39.36,10.08,-7.55,-2.47,0.12,2.40,3.20,-109.5,-110.7,0.076,14.49,21.0,879,41.4
158.50,MISSION,28.04,-40.75,10.13,-7.74,-1.45,0.00,2.75,2.90,-110.0,-116.4,0.081,14.49,21.2,882,41.2
159.00,MISSION,23.82,-40.72,9.99,-7.91,-0.38,0.04,3.11,2.52,-110.1,-112.6,0.077,14.55,21.4,885,41.0
159.50,MISSION,20.02,-40.85,10.08,-8.03,0.81,0.09,3.44,2.04,-110.8,-111.0,0.077,14.51,21.1,888,40.8
160.00,MISSION,16.19,-39.98,9.94,-7.93,1.92,-0.04,3.69,1.55,-110.1,-105.1,0.074,14.54,20.6,891,40.6
160.50,MISSION,12.19,-38.79,9.94,-7.57,3.07,-0.07,3.87,1.02,-110.4,-114.8,0.079,14.47,21.1,894,40.4
161.00,MISSION,8.59,-36.92,9.99,-7.16,4.24,0.01,3.98,0.41,-111.0,-110.3,0.077,14.47,21.0,897,40.2
161.50,MISSION,5.02,-34.64,9.95,-6.48,5.23,0.06,4.00,-0.16,-110.9,-114.5,0.080,14.52,21.3,899,40.0
162.00,MISSION,2.16,-31.69,10.09,-5.65,6.24,0.07,3.92,-0.79,-111.5,-113.1,0.079,14.52,21.2,902,39.8
162.50,MISSION,-0.38,-28.25,10.02,-4.84,7.18,0.03,3.74,-1.42,-110.9,-107.0,0.075,14.51,20.6,905,39.6
163.00,MISSION,-2.62,-24.52,10.14,-3.73,7.93,-0.07,3.46,-2.00,-111.5,-111.6,0.078,14.55,21.3,908,39.5
163.50,MISSION,-4.15,-20.57,10.07,-2.59,8.61,-0.06,3.08,-2.55,-111.4,-113.7,0.079,14.48,20.9,911,39.3
164.00,MISSION,-5.03,-16.01,10.04,-1.21,9.00,-0.01,2.62,-3.02,-111.4,-111.3,0.077,14.50,20.9,914,39.1
164.50,MISSION,-5.57,-11.39,10.11,0.12,9.26,-0.03,2.11,-3.40,-110.8,-111.2,0.077,14.51,21.4,917,38.9
165.00,MISSION,-5.06,-6.84,9.82,1.42,9.22,0.01,1.60,-3.66,-111.8,-115.2,0.080,14.49,21.1,920,38.7
165.50,MISSION,-3.96,-2.16,10.15,2.87,9.06,-0.03,0.97,-3.88,-112.7,-109.6,0.076,14.52,20.9,923,38.5
166.00,MISSION,-2.14,2.25,10.09,4.06,8.76,-0.06,0.35,-3.98,-112.1,-116.1,0.080,14.47,21.2,926,38.3
166.50,MISSION,0.12,6.17,10.04,5.44,8.16,0.01,-0.44,-3.98,-111.6,-115.2,0.079,14.52,21.3,929,38.1
167.00,MISSION,2.87,10.61,10.09,6.53,7.39,0.10,-1.23,-3.81,-112.3,-113.8,0.079,14.47,20.7,932,37.9
167.50,MISSION,6.98,13.74,10.03,7.60,6.31,-0.05,-2.01,-3.46,-112.4,-113.5,0.079,14.49,21.0,935,37.7
168.00,MISSION,10.59,16.58,9.96,8.43,5.12,-0.01,-2.59,-3.05,-113.1,-109.7,0.076,14.48,20.7,938,37.5
168.50,MISSION,14.94,18.81,9.90,8.98,3.72,0.02,-3.07,-2.56,-113.5,-116.1,0.080,14.48,21.3,940,37.3
169.00,MISSION,19.77,20.37,10.02,9.45,2.38,-0.07,-3.44,-2.04,-113.4,-106.3,0.074,14.45,20.6,943,37.1
169.50,MISSION,24.15,21.10,10.00,9.55,0.95,0.02,-3.70,-1.53,-112.8,-111.0,0.077,14.46,20.8,946,36.9
170.00,MISSION,29.12,21.29,10.02,9.53,-0.58,0.02,-3.89,-0.95,-113.1,-115.6,0.080,14.45,21.2,949,36.7
170.50,MISSION,33.92,20.44,10.04,9.31,-1.76,-0.05,-3.97,-0.45,-113.5,-111.9,0.077,14.49,21.3,952,36.5
171.00,MISSION,38.21,19.77,10.06,8.90,-3.10,-0.07,-4.00,0.07,-113.5,-112.9,0.078,14.41,21.0,955,36.3
171.50,MISSION,42.81,17.67,9.97,8.49,-4.20,-0.02,-3.96,0.56,-113.8,-113.5,0.079,14.44,21.1,958,36.1
172.00,MISSION,46.53,15.45,9.85,7.77,-5.27,-0.14,-3.86,1.04,-113.9,-120.1,0.083,14.39,21.1,961,35.9
172.50,MISSION,50.55,12.34,10.14,6.99,-6.12,-0.01,-3.72,1.47,-114.3,-121.8,0.086,14.40,21.2,964,35.7
173.00,MISSION,53.58,8.99,10.21,6.14,-6.87,0.06,-3.53,1.88,-115.2,-114.6,0.080,14.43,21.1,967,35.5
173.50,MISSION,56.59,5.54,10.02,5.26,-7.62,-0.05,-3.30,2.27,-113.1,-109.3,0.076,14.41,21.3,970,35.3
174.00,MISSION,58.67,1.56,9.94,4.23,-8.02,-0.07,-3.04,2.59,-113.5,-115.2,0.079,14.45,21.1,973,35.2
174.50,MISSION,60.58,-2.46,9.96,3.20,-8.36,0.02,-2.76,2.90,-114.7,-124.1,0.089,14.45,21.4,976,35.0
175.00,MISSION,62.20,-6.95,10.06,2.16,-8.65,-0.05,-2.43,3.18,-115.7,-117.2,0.081,14.42,21.5,979,34.8
175.50,MISSION,63.33,-11.43,10.02,1.21,-8.84,0.02,-2.10,3.40,-115.6,-113.6,0.079,14.40,21.2,982,34.6
176.00,MISSION,63.43,-15.74,10.03,0.30,-8.87,0.07,-1.78,3.58,-115.2,-107.9,0.076,14.45,20.8,984,34.4
176.50,MISSION,63.33,-20.13,10.00,-0.67,-8.77,0.08,-1.42,3.74,-115.1,-120.2,0.084,14.41,21.7,987,34.2
177.00,MISSION,62.68,-24.39,10.12,-1.74,-8.65,0.01,-1.01,3.87,-115.6,-115.4,0.080,14.42,21.1,990,34.0
177.50,MISSION,61.68,-28.48,10.18,-2.59,-8.32,-0.08,-0.66,3.95,-115.7,-116.2,0.081,14.41,21.3,993,33.8
178.00,MISSION,60.14,-32.77,9.82,-3.39,-7.84,-0.03,-0.30,3.99,-115.6,-114.8,0.080,14.38,21.4,996,33.6
178.50,MISSION,58.37,-36.39,10.00,-4.27,-7.37,-0.09,0.10,4.00,-116.1,-119.1,0.084,14.36,21.3,999,33.4
179.00,MISSION,55.96,-40.08,9.95,-5.03,-6.82,-0.00,0.50,3.97,-116.1,-116.8,0.081,14.41,21.2,1002,33.2
179.50,MISSION,53.10,-43.49,10.13,-5.79,-6.24,-0.04,0.90,3.90,-115.7,-113.2,0.078,14.40,21.0,1005,33.0
180.00,MISSION,50.20,-46.32,9.88,-6.37,-5.55,0.07,1.26,3.80,-115.6,-115.7,0.081,14.37,21.1,1008,32.8
180.50,MISSION,47.09,-48.93,10.03,-6.87,-4.64,0.00,1.63,3.65,-115.8,-120.4,0.084,14.40,21.4,1011,32.6
181.00,MISSION,43.03,-50.93,10.02,-7.36,-3.90,-0.08,1.99,3.47,-117.0,-120.1,0.084,14.41,21.3,1014,32.4
181.50,MISSION,39.55,-52.72,9.93,-7.85,-3.22,0.07,2.32,3.26,-117.3,-121.0,0.085,14.37,21.3,1017,32.2
182.00,MISSION,35.59,-54.17,9.98,-8.14,-2.15,0.06,2.68,2.97,-117.5,-113.5,0.079,14.38,20.9,1020,32.0
182.50,MISSION,31.42,-54.72,10.00,-8.32,-1.22,-0.01,2.97,2.68,-116.5,-117.0,0.082,14.40,21.3,1023,31.8
183.00,MISSION,27.11,-55.15,9.93,-8.48,-0.24,-0.04,3.25,2.33,-117.1,-120.3,0.084,14.40,21.3,1026,31.6
183.50,MISSION,23.03,-55.24,10.13,-8.45,0.72,0.02,3.48,1.97,-117.2,-116.2,0.080,14.37,20.9,1029,31.4
184.00,MISSION,18.65,-54.63,10.05,-8.41,1.71,-0.05,3.68,1.56,-117.8,-119.8,0.084,14.39,21.3,1032,31.2
184.50,MISSION,14.41,-53.30,10.01,-8.13,2.66,-0.05,3.83,1.15,-117.7,-113.5,0.080,14.38,20.9,1035,31.0
185.00,MISSION,10.56,-51.82,10.04,-7.84,3.70,-0.03,3.95,0.66,-117.5,-116.9,0.081,14.36,21.6,1038,30.8
185.50,MISSION,6.77,-49.60,9.97,-7.42,4.75,0.02,4.00,0.12,-118.0,-120.6,0.085,14.38,21.4,1040,30.6
186.00,MISSION,3.23,-47.38,10.19,-6.92,5.67,-0.10,3.98,-0.37,-118.4,-116.4,0.081,14.36,21.3,1043,30.4
186.50,MISSION,-0.23,-44.36,9.93,-6.20,6.50,-0.04,3.90,-0.87,-117.7,-122.1,0.086,14.33,21.0,1046,30.2
187.00,MISSION,-3.15,-40.79,9.84,-5.44,7.35,0.07,3.75,-1.39,-118.0,-122.7,0.088,14.36,21.4,1049,30.0
187.50,RTL,-5.46,-37.09,10.21,-3.97,7.94,0.75,1.82,-3.56,-125.9,-166.1,0.430,14.11,28.9,1053,29.8
188.00,RTL,-7.06,-32.78,10.81,-2.26,8.39,1.45,1.25,-3.80,-134.2,-159.5,0.242,14.24,25.2,1057,29.6
188.50,RTL,-7.64,-28.38,11.50,-0.76,8.67,1.66,0.67,-3.94,-138.7,-152.3,0.166,14.29,23.3,1060,29.3
189.00,RTL,-7.96,-23.93,12.19,0.62,8.86,1.66,0.17,-4.00,-140.9,-149.2,0.146,14.32,22.8,1063,29.1
189.50,RTL,-7.19,-19.61,13.19,1.97,8.99,1.64,-0.34,-3.99,-142.1,-139.5,0.117,14.31,22.4,1066,28.9
190.00,RTL,-5.92,-15.06,13.85,3.11,8.93,1.37,-0.77,-3.93,-133.3,-70.7,0.072,14.36,19.8,1069,28.7
190.50,RTL,-3.86,-10.27,14.46,4.54,8.36,0.77,-2.41,-3.19,-117.2,-56.1,0.081,14.35,19.4,1072,28.5
191.00,RTL,-1.39,-7.03,14.73,5.72,6.54,0.51,-3.78,-1.31,-104.4,-67.6,0.074,14.40,19.9,1075,28.4
191.50,RTL,1.59,-4.05,14.95,5.70,3.89,0.20,-4.00,-0.09,-99.0,-86.2,0.070,14.34,20.7,1078,28.2
192.00,RTL,4.23,-2.76,15.01,5.30,1.54,0.11,-3.97,0.45,-99.3,-109.3,0.076,14.36,20.6,1080,28.0
192.50,RTL,6.75,-2.84,15.06,4.67,-0.52,0.05,-3.86,1.05,-101.9,-118.0,0.082,14.31,21.6,1083,27.8
193.00,RTL,8.92,-3.49,15.01,4.03,-2.16,-0.04,-3.63,1.69,-105.4,-115.9,0.080,14.31,21.5,1086,27.6
193.50,RTL,10.83,-4.82,14.79,3.27,-3.47,-0.07,-3.26,2.31,-108.8,-123.0,0.088,14.31,21.4,1089,27.4
194.00,RTL,12.26,-7.07,14.94,2.32,-4.61,-0.05,-2.72,2.93,-111.2,-119.7,0.084,14.35,21.4,1092,27.2
194.50,RTL,13.30,-9.51,15.10,1.54,-5.40,0.09,-2.23,3.32,-114.0,-125.9,0.091,14.30,21.3,1095,27.0
195.00,RTL,13.63,-12.19,15.04,0.27,-5.98,-0.06,-1.57,3.68,-115.5,-117.4,0.082,14.29,20.7,1098,26.8
195.50,RTL,13.65,-15.28,14.87,-0.77,-6.29,0.07,-0.98,3.88,-117.0,-119.0,0.084,14.32,21.2,1101,26.6
196.00,RTL,13.07,-18.54,15.01,-1.85,-6.36,0.09,-0.39,3.98,-117.1,-120.0,0.084,14.28,21.6,1104,26.4
196.50,RTL,11.91,-21.77,15.11,-2.69,-6.28,0.04,0.11,4.00,-118.3,-121.2,0.086,14.30,21.2,1107,26.2
197.00,RTL,10.23,-24.94,14.99,-3.71,-5.87,0.03,0.69,3.94,-119.2,-128.0,0.093,14.30,21.9,1110,26.0
197.50,RTL,8.01,-27.66,15.10,-4.71,-5.44,0.03,1.24,3.80,-119.9,-119.3,0.083,14.30,21.1,1113,25.8
198.00,RTL,5.70,-29.95,14.81,-5.51,-4.83,-0.04,1.70,3.62,-120.3,-122.8,0.086,14.26,21.5,1116,25.6
198.50,RTL,2.60,-32.48,15.06,-6.14,-4.16,-0.01,2.13,3.39,-120.8,-124.9,0.091,14.26,21.6,1119,25.4
199.00,RTL,-0.41,-34.36,15.07,-6.89,-3.27,0.06,2.58,3.06,-121.3,-123.3,0.088,14.27,21.3,1122,25.2
199.50,RTL,-4.19,-35.68,15.04,-7.27,-2.34,0.05,2.93,2.72,-121.4,-119.8,0.084,14.28,21.3,1125,25.0
200.00,RTL,-7.78,-36.61,15.13,-7.67,-1.31,-0.08,3.26,2.32,-120.6,-117.9,0.082,14.23,21.1,1128,24.8
200.50,RTL,-11.62,-37.06,14.91,-7.79,-0.18,-0.09,3.53,1.88,-120.4,-125.3,0.090,14.25,21.4,1131,24.6
201.00,RTL,-15.66,-36.90,14.92,-7.83,0.92,-0.05,3.74,1.41,-121.8,-122.8,0.087,14.26,21.4,1134,24.4
201.50,RTL,-19.60,-35.88,14.91,-7.82,1.93,-0.02,3.89,0.94,-122.4,-122.8,0.087,14.26,21.3,1137,24.2
202.00,RTL,-23.55,-34.67,14.89,-7.59,2.97,0.00,3.98,0.45,-122.2,-125.1,0.090,14.25,21.6,1140,24.0
202.50,RTL,-27.03,-33.09,14.96,-7.27,4.15,0.00,4.00,-0.11,-122.4,-120.9,0.085,14.25,21.2,1143,23.8
203.00,RTL,-30.64,-30.90,15.07,-6.61,5.17,-0.10,3.95,-0.63,-122.6,-121.9,0.087,14.24,21.5,1146,23.6
203.50,RTL,-33.93,-27.98,14.92,-6.03,6.15,-0.05,3.83,-1.15,-122.5,-122.1,0.087,14.25,21.1,1149,23.4
204.00,RTL,-36.43,-24.59,15.05,-5.27,6.97,0.02,3.66,-1.62,-122.7,-122.8,0.088,14.24,21.4,1152,23.2
204.50,RTL,-39.22,-21.11,15.16,-4.40,7.76,0.00,3.41,-2.09,-123.0,-123.6,0.088,14.21,21.5,1155,23.0
205.00,RTL,-40.67,-17.09,14.94,-3.50,8.49,-0.02,3.11,-2.51,-123.3,-127.9,0.093,14.21,22.1,1158,22.8
205.50,RTL,-42.29,-12.58,14.91,-2.41,8.88,-0.01,2.78,-2.88,-123.3,-123.9,0.089,14.24,21.7,1161,22.6
206.00,RTL,-43.40,-7.79,15.03,-1.34,9.41,0.01,2.37,-3.22,-123.5,-121.7,0.085,14.24,21.4,1164,22.4
206.50,RTL,-43.81,-3.44,15.01,-0.20,9.68,-0.02,1.95,-3.49,-123.5,-123.4,0.087,14.20,21.4,1167,22.2
207.00,RTL,-43.62,1.73,14.75,0.92,9.87,0.03,1.50,-3.71,-123.6,-124.1,0.088,14.24,21.4,1170,22.0
207.50,RTL,-42.75,6.77,14.97,2.08,9.78,0.02,1.05,-3.86,-123.8,-124.8,0.089,14.18,21.3,1173,21.8
208.00,RTL,-41.68,11.50,15.07,3.30,9.61,0.04,0.55,-3.96,-123.9,-127.0,0.091,14.22,21.7,1176,21.6
208.50,RTL,-39.62,16.14,15.08,4.37,9.35,0.02,0.10,-4.00,-124.2,-127.8,0.094,14.16,21.2,1179,21.4
209.00,RTL,-37.01,21.04,14.85,5.45,8.94,0.01,-0.38,-3.98,-124.0,-123.4,0.088,14.20,21.2,1181,21.2
209.50,RTL,-34.35,25.14,15.04,6.37,8.40,0.04,-0.81,-3.92,-124.3,-127.1,0.092,14.18,21.7,1184,21.0
210.00,RTL,-30.91,29.35,15.13,7.27,7.84,0.05,-1.23,-3.81,-124.7,-125.5,0.091,14.17,21.8,1187,20.8
210.50,RTL,-27.11,32.89,15.14,8.18,7.17,-0.01,-1.65,-3.64,-124.4,-123.9,0.089,14.22,21.3,1190,20.6
211.00,RTL,-22.56,36.29,15.04,8.90,6.24,0.05,-2.05,-3.44,-125.0,-127.4,0.093,14.21,21.7,1193,20.4
211.50,RTL,-18.29,39.37,14.97,9.64,5.48,0.01,-2.40,-3.20,-125.1,-124.2,0.089,14.18,21.2,1196,20.2
212.00,RTL,-13.08,41.94,15.07,10.10,4.54,0.04,-2.71,-2.94,-125.2,-130.1,0.097,14.18,21.9,1199,20.0
212.50,RTL,-8.13,44.05,14.87,10.51,3.72,0.02,-2.97,-2.68,-125.1,-123.3,0.087,14.19,21.3,1202,19.8
213.00,RTL,-2.73,45.55,15.07,10.91,2.79,0.01,-3.23,-2.37,-124.8,-121.8,0.087,14.15,21.7,1205,19.6
213.50,RTL,3.05,46.75,15.20,11.08,1.79,-0.03,-3.44,-2.04,-125.2,-128.4,0.095,14.14,21.7,1208,19.4
214.00,RTL,8.40,47.23,15.05,11.18,0.87,-0.08,-3.61,-1.73,-125.9,-128.6,0.093,14.15,21.0,1211,19.2
214.50,RTL,13.88,47.30,15.10,11.23,-0.25,0.05,-3.76,-1.35,-125.8,-123.7,0.088,14.15,21.5,1214,19.0
215.00,RTL,19.72,47.32,14.95,11.23,-1.17,-0.02,-3.87,-1.01,-126.1,-125.5,0.089,14.14,21.6,1217,18.8
215.50,RTL,25.21,46.17,14.86,11.04,-2.04,-0.02,-3.94,-0.69,-127.0,-128.2,0.095,14.11,21.7,1220,18.6
216.00,RTL,30.62,45.00,14.87,10.84,-2.99,-0.01,-3.99,-0.33,-127.5,-127.4,0.092,14.09,21.4,1223,18.4
216.50,RTL,36.18,43.15,14.96,10.52,-3.86,0.00,-4.00,0.01,-127.7,-128.5,0.096,14.10,21.7,1226,18.2
217.00,RTL,41.08,41.33,15.03,10.22,-4.52,0.00,-3.99,0.28,-128.0,-127.5,0.091,14.08,22.0,1229,18.0
217.50,RTL,46.04,38.54,15.03,9.81,-5.24,0.02,-3.96,0.59,-127.9,-127.2,0.093,14.07,21.4,1232,17.8
218.00,RTL,50.70,35.91,14.97,9.33,-6.00,-0.12,-3.90,0.90,-128.4,-128.9,0.095,14.03,21.6,1235,17.6
218.50,RTL,55.34,32.63,14.85,8.74,-6.67,-0.01,-3.81,1.21,-128.6,-128.4,0.095,14.04,21.7,1238,17.4
219.00,RTL,59.80,29.27,14.98,8.29,-7.14,0.02,-3.73,1.44,-128.8,-128.8,0.095,14.02,21.9,1241,17.2
219.50,RTL,63.77,25.54,15.04,7.73,-7.79,-0.08,-3.61,1.73,-129.3,-137.0,0.108,14.01,21.9,1245,17.0
220.00,RTL,67.42,21.64,14.96,7.15,-8.12,0.08,-3.50,1.94,-129.9,-129.9,0.097,13.98,22.1,1248,16.8
220.50,RTL,70.95,17.53,15.06,6.60,-8.55,0.01,-3.37,2.16,-130.2,-132.6,0.102,13.96,22.5,1251,16.6
221.00,RTL,74.28,12.93,15.04,6.03,-8.90,0.05,-3.22,2.37,-130.7,-132.3,0.100,13.98,22.2,1254,16.4
221.50,RTL,77.17,8.27,15.13,5.33,-9.27,0.10,-3.05,2.59,-130.9,-134.4,0.104,13.97,21.9,1257,16.2
222.00,RTL,79.31,3.35,14.94,4.71,-9.53,-0.02,-2.88,2.77,-131.5,-135.1,0.105,13.95,22.0,1260,16.0
222.50,RTL,81.38,-1.28,15.17,4.02,-9.73,0.00,-2.71,2.94,-131.7,-131.9,0.101,13.99,22.1,1263,15.8
223.00,RTL,83.69,-6.25,14.73,3.44,-9.89,-0.02,-2.54,3.09,-131.6,-130.7,0.100,13.96,21.9,1266,15.6
223.50,RTL,84.85,-10.91,15.11,2.89,-10.10,0.01,-2.36,3.23,-132.2,-134.4,0.107,13.95,21.9,1269,15.4
224.00,RTL,86.27,-16.22,14.98,2.24,-10.26,0.04,-2.15,3.37,-132.3,-134.8,0.106,13.93,21.9,1272,15.2
224.50,RTL,87.31,-21.37,15.08,1.58,-10.20,0.06,-1.97,3.48,-133.1,-134.4,0.105,13.92,22.0,1275,15.0
225.00,LAND,88.03,-26.40,14.99,0.54,-9.85,-0.34,-0.33,3.99,-117.8,-57.3,0.079,13.96,19.2,1278,14.8
225.50,LAND,87.59,-31.21,14.63,-0.91,-9.14,-0.59,0.22,3.99,-111.0,-108.5,0.076,13.91,21.4,1280,14.6
226.00,LAND,86.97,-35.68,14.45,-2.21,-8.15,-0.49,0.70,3.94,-112.3,-117.9,0.083,13.93,21.3,1283,14.4
226.50,LAND,85.44,-39.02,14.16,-3.50,-7.05,-0.58,1.27,3.79,-114.1,-123.3,0.088,13.88,21.5,1286,14.2
227.00,LAND,83.32,-42.46,13.81,-4.59,-5.96,-0.60,1.81,3.57,-116.1,-123.8,0.089,13.86,21.4,1289,14.0
227.50,LAND,80.94,-45.27,13.58,-5.40,-4.93,-0.61,2.26,3.30,-117.7,-123.8,0.088,13.86,21.2,1292,13.8
228.00,LAND,78.29,-47.35,13.21,-5.99,-3.75,-0.58,2.68,2.97,-119.0,-123.5,0.087,13.86,21.1,1295,13.6
228.50,LAND,75.07,-49.10,13.06,-6.60,-2.53,-0.65,3.09,2.54,-120.1,-124.8,0.091,13.86,21.5,1298,13.4
229.00,LAND,71.45,-49.90,12.67,-7.02,-1.40,-0.61,3.41,2.09,-121.3,-125.4,0.091,13.83,21.6,1301,13.2
229.50,LAND,67.86,-50.43,12.53,-7.32,-0.10,-0.57,3.69,1.55,-122.1,-125.8,0.090,13.77,21.5,1304,13.0
230.00,LAND,64.39,-50.23,11.96,-7.29,0.88,-0.59,3.84,1.12,-122.8,-125.4,0.089,13.85,21.2,1307,12.8
230.50,LAND,60.66,-49.39,11.62,-7.32,2.04,-0.55,3.96,0.58,-123.3,-125.7,0.091,13.79,21.7,1310,12.6
231.00,LAND,56.90,-47.95,11.44,-7.00,3.28,-0.58,4.00,0.00,-123.9,-125.3,0.090,13.80,22.0,1313,12.5
231.50,LAND,53.66,-46.29,11.23,-6.73,4.40,-0.62,3.97,-0.52,-124.5,-127.5,0.094,13.76,21.7,1316,12.3
232.00,LAND,50.12,-43.55,10.85,-6.22,5.49,-0.53,3.85,-1.07,-125.1,-125.2,0.090,13.78,21.4,1319,12.1
232.50,LAND,47.60,-40.89,10.59,-5.49,6.42,-0.60,3.69,-1.55,-125.5,-127.7,0.094,13.76,21.7,1322,11.9
233.00,LAND,45.04,-37.43,10.21,-4.63,7.19,-0.63,3.46,-2.01,-126.0,-127.4,0.094,13.76,21.6,1325,11.7
233.50,LAND,42.85,-33.34,9.89,-3.83,7.89,-0.59,3.18,-2.42,-126.8,-129.9,0.098,13.73,21.7,1328,11.4
234.00,LAND,41.13,-29.62,9.71,-2.91,8.61,-0.67,2.85,-2.81,-127.0,-125.3,0.091,13.74,21.2,1331,11.2
234.50,LAND,40.06,-24.86,9.35,-1.92,9.13,-0.68,2.48,-3.14,-127.4,-129.1,0.096,13.76,21.8,1334,11.0
235.00,LAND,39.25,-20.28,9.01,-0.86,9.53,-0.62,2.08,-3.42,-127.7,-129.2,0.096,13.70,21.8,1337,10.8
235.50,LAND,39.29,-15.46,8.84,0.20,9.73,-0.56,1.67,-3.63,-128.2,-130.1,0.096,13.68,22.2,1340,10.6
236.00,LAND,39.56,-10.23,8.50,1.32,9.79,-0.57,1.24,-3.80,-128.6,-130.6,0.097,13.68,21.8,1343,10.4
236.50,LAND,40.21,-5.69,8.33,2.34,9.83,-0.59,0.83,-3.91,-129.1,-131.4,0.099,13.67,21.9,1346,10.2
237.00,LAND,41.83,-0.66,7.90,3.42,9.71,-0.55,0.38,-3.98,-129.4,-130.1,0.098,13.64,21.7,1349,10.0
237.50,LAND,43.73,4.35,7.74,4.42,9.65,-0.65,-0.04,-4.00,-129.8,-130.4,0.098,13.65,21.6,1352,9.8
238.00,LAND,46.29,8.81,7.38,5.47,9.31,-0.64,-0.47,-3.97,-130.1,-134.2,0.103,13.61,21.8,1355,9.6
238.50,LAND,49.40,13.36,7.17,6.34,8.80,-0.62,-0.85,-3.91,-130.6,-132.3,0.102,13.61,21.9,1358,9.4
239.00,LAND,52.61,17.71,6.74,7.22,8.33,-0.54,-1.23,-3.81,-131.2,-132.7,0.103,13.53,21.9,1361,9.2
239.50,LAND,56.59,21.39,6.49,7.99,7.77,-0.59,-1.58,-3.68,-131.7,-134.0,0.106,13.52,21.7,1365,9.0
240.00,LAND,60.42,25.38,6.20,8.76,7.07,-0.62,-1.93,-3.51,-132.2,-133.1,0.104,13.58,22.1,1368,8.8
240.50,LAND,65.07,28.64,6.08,9.36,6.44,-0.60,-2.22,-3.33,-132.9,-135.8,0.110,13.53,21.8,1371,8.6
241.00,LAND,70.15,31.84,5.52,9.86,5.76,-0.62,-2.48,-3.14,-133.5,-135.2,0.107,13.50,21.8,1374,8.4
241.50,LAND,75.32,34.30,5.22,10.34,4.98,-0.54,-2.74,-2.91,-134.2,-137.0,0.110,13.48,22.0,1377,8.2
242.00,LAND,80.42,36.76,4.95,10.81,4.25,-0.61,-2.97,-2.68,-134.6,-135.0,0.108,13.41,22.0,1380,8.0
242.50,LAND,85.65,38.88,4.76,11.15,3.49,-0.60,-3.17,-2.44,-135.2,-137.0,0.110,13.41,22.2,1383,7.8
243.00,LAND,91.60,40.42,4.23,11.37,2.84,-0.53,-3.33,-2.22,-135.8,-137.8,0.114,13.38,22.5,1386,7.6
243.50,LAND,97.40,41.61,4.29,11.56,2.17,-0.61,-3.47,-1.99,-136.4,-137.9,0.112,13.44,22.3,1389,7.4
244.00,LAND,103.00,42.59,3.93,11.73,1.42,-0.66,-3.60,-1.75,-137.1,-140.1,0.119,13.35,22.3,1392,7.2
244.50,LAND,109.04,43.12,3.65,11.84,0.87,-0.51,-3.69,-1.54,-137.7,-139.3,0.116,13.32,22.3,1395,7.0
245.00,LAND,114.93,43.51,3.28,11.88,-0.02,-0.58,-3.80,-1.26,-138.1,-140.2,0.119,13.36,21.9,1398,6.8
245.50,LAND,120.88,43.22,3.10,11.92,-0.66,-0.58,-3.87,-1.03,-138.6,-139.5,0.118,13.28,22.5,1401,6.6
246.00,LAND,126.83,42.36,2.56,11.83,-1.41,-0.56,-3.93,-0.77,-139.0,-142.1,0.123,13.28,22.6,1405,6.4
246.50,LAND,132.71,41.70,2.64,11.83,-1.83,-0.65,-3.96,-0.60,-139.6,-143.0,0.125,13.26,22.3,1408,6.2
247.00,LAND,138.50,40.47,1.98,11.70,-2.57,-0.59,-3.99,-0.34,-140.1,-141.7,0.123,13.25,22.3,1411,5.9
247.50,LAND,144.52,39.10,1.79,11.53,-3.18,-0.61,-4.00,-0.12,-140.6,-142.4,0.126,13.21,22.4,1414,5.7
248.00,LAND,150.20,37.45,1.46,11.34,-3.66,-0.55,-4.00,0.07,-141.1,-144.6,0.131,13.21,22.8,1417,5.5
248.50,LAND,155.62,35.31,1.11,11.15,-4.16,-0.50,-3.99,0.26,-141.6,-143.6,0.131,13.10,22.4,1420,5.3
249.00,LAND,161.36,33.31,1.02,10.97,-4.63,-0.57,-3.98,0.44,-142.1,-142.0,0.129,13.13,22.5,1423,5.1
249.50,LAND,166.61,30.75,0.83,10.72,-5.16,-0.44,-3.95,0.64,-142.5,-143.5,0.131,13.14,22.6,1426,4.9
250.00,LAND,171.99,28.20,0.33,10.63,-5.64,-0.56,-3.92,0.82,-142.9,-145.7,0.136,13.10,22.6,1430,4.7
250.50,LAND,177.22,25.36,0.05,10.20,-6.06,-0.60,-3.87,0.99,-143.5,-145.0,0.138,13.10,22.6,1433,4.5
# event 0.00 DISARMED -> TAKEOFF (armed)
# event 6.34 TAKEOFF -> MISSION (take-off altitude reached)
# event 9.20 waypoint 1 reached
# event 12.93 waypoint 2 reached
# event 15.83 waypoint 3 reached
# event 19.75 waypoint 4 reached
# event 22.75 waypoint 5 reached
# event 26.99 waypoint 6 reached
# event 33.46 waypoint 7 reached
# event 37.69 waypoint 8 reached
# event 187.12 MISSION -> RTL (failsafe: battery low)
# event 224.52 RTL -> LAND (failsafe: battery critical)
# event 250.56 LAND -> DISARMED (landed)
# log ends: disarmed at 250.57 s
