# Log B - team C, quad Q3, firmware v1.4 config 5a10, survey laps
# params: cells=4 batt_capacity_mah=2000 batt_low_pct=30 batt_crit_pct=15 batt_low_cell_v=0.00 fence_radius=300 rtl_alt=15 rc_timeout=1.0
# pre-arm: mag_norm=1.000 volts=16.59 rc_valid=1
t,mode,x,y,z,vx,vy,vz,acx_cmd,acy_cmd,yaw_est_deg,mag_hdg_deg,mag_norm,volts,amps,used_mah,rem_pct
0.00,TAKEOFF,-0.01,-0.08,-0.08,-0.01,-0.01,0.01,0.10,0.31,0.3,0.3,1.000,16.59,0.3,0,100.0
0.50,TAKEOFF,0.00,-0.19,0.36,0.12,0.07,0.91,-0.16,0.34,0.2,-0.4,1.000,15.99,23.7,3,99.8
1.00,TAKEOFF,0.06,0.10,1.04,0.15,0.05,1.53,-0.29,-0.09,0.2,1.1,1.000,16.10,20.0,6,99.7
1.50,TAKEOFF,0.12,-0.23,1.60,0.13,0.09,1.69,-0.36,0.37,0.1,-0.5,1.000,16.12,18.6,9,99.6
2.00,TAKEOFF,0.31,-0.06,2.59,0.08,0.01,1.76,-0.57,0.24,0.1,0.7,1.000,16.10,18.2,11,99.4
2.50,TAKEOFF,0.09,-0.08,3.39,0.05,0.03,1.60,-0.17,0.23,0.1,-0.9,1.000,16.08,18.3,14,99.3
3.00,TAKEOFF,0.36,-0.18,4.23,0.04,0.14,1.68,-0.58,0.21,0.1,-0.2,1.000,16.08,18.4,16,99.2
3.50,TAKEOFF,0.54,0.03,4.95,0.03,0.00,1.64,-0.86,0.10,0.1,-0.0,1.000,16.12,18.7,19,99.1
4.00,TAKEOFF,0.04,-0.05,5.88,0.17,-0.03,1.62,-0.30,0.30,0.0,-0.3,1.000,16.10,18.2,22,98.9
4.50,TAKEOFF,0.26,0.12,6.79,0.02,-0.02,1.59,-0.39,-0.01,0.0,-0.5,1.000,16.05,18.7,24,98.8
5.00,TAKEOFF,0.34,-0.01,7.69,-0.07,-0.01,1.70,-0.37,0.18,-0.0,1.8,1.000,16.02,18.5,27,98.7
5.50,TAKEOFF,0.12,0.22,8.51,0.03,0.06,1.57,-0.18,-0.31,0.0,-0.9,1.000,16.07,17.2,29,98.5
6.00,TAKEOFF,0.36,0.11,9.15,-0.01,0.10,1.18,-0.50,-0.20,0.0,0.2,1.000,16.10,15.9,31,98.4
6.50,MISSION,0.37,-0.11,9.38,0.28,0.07,0.78,4.00,-0.06,0.0,0.3,1.000,16.13,16.4,34,98.3
7.00,MISSION,0.93,-0.11,9.75,2.09,-0.14,0.35,3.99,0.20,0.0,0.7,1.000,16.07,17.8,36,98.2
7.50,MISSION,2.48,-0.35,10.02,3.58,-0.04,0.23,2.55,0.10,0.0,0.5,1.000,16.06,17.6,39,98.1
8.00,MISSION,4.44,-0.09,10.06,4.23,-0.05,0.12,1.39,0.09,0.0,-0.8,1.000,16.03,17.1,41,98.0
8.50,MISSION,6.61,0.13,10.19,4.31,-0.07,0.09,1.25,0.12,0.1,1.5,1.000,16.03,17.1,43,97.8
9.00,MISSION,8.79,-0.15,10.07,4.28,-0.15,0.02,1.29,0.28,0.0,-0.4,1.000,16.07,17.1,46,97.7
9.50,MISSION,10.77,-0.17,9.84,4.37,-0.12,0.05,1.13,0.23,0.0,-0.2,1.000,16.04,17.3,48,97.6
10.00,MISSION,12.92,-0.32,9.91,4.38,-0.03,0.05,1.12,0.07,0.0,0.5,1.000,15.99,17.2,50,97.5
10.50,MISSION,14.93,-0.35,9.92,4.44,-0.11,-0.13,1.00,0.23,0.0,1.0,1.000,16.03,17.3,53,97.4
11.00,MISSION,17.22,-0.47,9.89,4.38,-0.06,0.00,1.12,0.15,0.0,-0.8,1.000,16.05,17.3,55,97.2
11.50,MISSION,19.40,-0.52,9.98,4.33,-0.06,-0.03,1.21,0.14,0.0,-1.3,1.000,16.03,17.3,58,97.1
12.00,MISSION,21.71,-0.50,9.90,4.30,0.02,-0.00,1.25,-0.00,0.0,-0.0,1.000,15.99,16.6,60,97.0
12.50,MISSION,24.01,-0.28,9.99,4.34,-0.18,-0.09,1.19,0.35,-0.0,-0.3,1.000,16.00,17.5,62,96.9
13.00,MISSION,26.03,-0.44,9.88,4.38,-0.03,0.00,1.11,0.09,-0.0,-0.1,1.000,15.96,17.6,65,96.8
13.50,MISSION,28.28,-0.60,10.08,4.31,-0.05,0.06,1.23,0.13,-0.0,0.6,1.000,16.01,17.0,67,96.6
14.00,MISSION,30.31,-0.36,9.96,4.43,0.01,0.03,1.02,0.01,-0.0,-1.3,1.000,15.98,16.8,70,96.5
14.50,MISSION,32.66,-0.53,10.14,4.36,-0.01,-0.08,1.15,0.06,-0.0,-0.4,1.000,15.97,17.2,72,96.4
15.00,MISSION,34.88,-0.69,9.95,4.29,-0.15,0.01,1.28,0.32,0.0,1.2,1.000,16.00,17.3,74,96.3
15.50,MISSION,37.06,-0.57,10.05,4.33,-0.08,-0.00,1.21,0.19,0.0,0.4,1.000,15.96,17.5,77,96.2
16.00,MISSION,39.16,-0.62,10.08,4.38,0.00,0.03,1.12,0.04,0.0,0.2,1.000,15.96,17.3,79,96.0
16.50,MISSION,41.31,-0.56,9.97,4.35,-0.03,-0.09,1.17,0.09,0.1,0.6,1.000,15.94,17.1,82,95.9
17.00,MISSION,43.47,-1.07,10.00,4.38,-0.05,0.02,1.12,0.19,0.1,0.4,1.000,15.94,17.3,84,95.8
17.50,MISSION,45.72,-0.86,9.97,4.38,-0.02,0.00,1.12,0.11,0.1,-0.2,1.000,15.93,17.2,86,95.7
18.00,MISSION,47.78,-0.70,10.04,4.33,-0.09,-0.00,1.21,0.23,0.0,-0.6,1.000,15.93,17.5,89,95.6
18.50,MISSION,49.67,-0.76,10.12,4.34,0.04,0.07,1.19,-0.00,0.0,-0.2,1.000,15.91,17.6,91,95.4
19.00,MISSION,52.24,-0.97,10.03,4.30,-0.06,0.08,1.26,0.20,0.0,-0.1,1.000,15.92,17.4,94,95.3
19.50,MISSION,54.26,-1.01,9.91,4.41,0.00,-0.01,1.07,0.09,-0.0,-0.3,1.000,15.90,17.3,96,95.2
20.00,MISSION,56.54,-1.17,9.89,4.36,-0.06,0.01,1.15,0.22,-0.0,1.0,1.000,15.92,17.2,98,95.1
20.50,MISSION,58.65,-1.02,10.11,4.35,-0.08,-0.02,1.16,0.24,0.0,-0.6,1.000,15.88,17.2,101,95.0
21.00,MISSION,60.84,-0.72,9.83,4.37,-0.03,-0.06,1.13,0.13,0.0,0.6,1.000,15.83,17.5,103,94.8
21.50,MISSION,62.75,-1.07,9.93,4.35,-0.02,-0.03,1.18,0.14,0.0,-0.2,1.000,15.94,16.8,106,94.7
22.00,MISSION,65.08,-0.95,9.88,4.35,-0.00,-0.05,1.16,0.11,0.0,-0.1,1.000,15.87,17.4,108,94.6
22.50,MISSION,67.06,-1.08,10.01,4.29,0.07,-0.00,1.27,-0.01,-0.0,0.6,1.000,15.92,17.5,111,94.5
23.00,MISSION,69.58,-1.05,10.00,4.39,0.00,0.00,1.10,0.11,-0.0,0.4,1.000,15.85,17.2,113,94.4
23.50,MISSION,71.41,-0.95,10.12,4.41,-0.02,0.01,1.06,0.15,0.0,1.2,1.000,15.86,17.5,115,94.2
24.00,MISSION,73.50,-0.83,10.23,4.42,0.03,-0.04,1.04,0.05,-0.0,-0.1,1.000,15.83,17.3,118,94.1
24.50,MISSION,76.12,-0.95,9.92,4.40,-0.01,0.07,1.08,0.13,-0.0,0.2,1.000,15.84,17.5,120,94.0
25.00,MISSION,78.55,-1.01,9.81,4.41,-0.06,0.02,1.06,0.23,0.0,0.2,1.000,15.84,17.3,123,93.9
25.50,MISSION,80.52,-1.11,9.96,4.37,-0.01,-0.04,1.14,0.16,-0.0,-0.5,1.000,15.85,17.7,125,93.8
26.00,MISSION,82.35,-1.15,9.89,4.35,-0.15,0.02,1.17,0.41,0.0,0.0,1.000,15.85,17.6,127,93.6
26.50,MISSION,84.60,-1.07,9.93,4.36,0.05,0.09,1.15,0.06,0.0,-0.2,1.000,15.81,17.3,130,93.5
27.00,MISSION,86.86,-1.34,9.96,4.30,0.01,0.06,1.26,0.18,0.0,-0.2,1.000,15.80,17.4,132,93.4
27.50,MISSION,89.09,-1.05,9.98,4.38,0.01,0.03,1.12,0.13,0.0,-0.1,1.000,15.80,17.4,135,93.3
28.00,MISSION,91.14,-0.79,10.03,4.29,-0.02,-0.03,1.28,0.16,0.0,0.7,1.000,15.81,17.7,137,93.1
28.50,MISSION,93.36,-1.01,10.01,4.36,0.01,-0.01,1.15,0.14,0.0,-0.1,1.000,15.73,17.3,140,93.0
29.00,MISSION,95.79,-1.26,10.06,4.25,-0.10,0.06,1.35,0.39,0.0,-0.5,1.000,15.79,17.4,142,92.9
29.50,MISSION,97.53,-1.32,10.05,4.39,0.02,-0.08,1.09,0.19,0.0,-0.6,1.000,15.78,17.7,144,92.8
30.00,MISSION,99.75,-0.97,9.95,4.38,0.13,0.03,1.11,-0.05,0.0,-0.6,1.000,15.76,17.5,147,92.7
30.50,MISSION,102.11,-1.08,9.86,4.36,-0.00,-0.04,1.15,0.21,0.0,-0.1,1.000,15.79,17.5,149,92.5
31.00,MISSION,104.35,-0.77,9.86,4.35,-0.06,-0.06,1.18,0.26,0.0,0.6,1.000,15.76,17.8,152,92.4
31.50,MISSION,106.33,-0.96,9.92,4.31,-0.03,-0.02,1.24,0.26,0.0,-0.3,1.000,15.72,17.9,154,92.3
32.00,MISSION,108.57,-1.15,10.10,4.33,-0.01,-0.05,1.19,0.27,-0.0,-0.4,1.000,15.74,17.8,157,92.2
32.50,MISSION,111.00,-0.96,10.07,4.36,-0.02,0.06,1.15,0.25,-0.0,-0.6,1.000,15.73,17.6,159,92.0
33.00,MISSION,113.45,-1.07,9.87,4.31,0.01,0.03,1.24,0.25,-0.0,-0.1,1.000,15.76,17.4,161,91.9
33.50,MISSION,115.42,-0.86,10.15,4.43,0.12,0.04,1.03,0.01,-0.1,-1.3,1.000,15.68,17.5,164,91.8
34.00,MISSION,117.51,-0.54,10.26,4.35,0.04,-0.03,1.17,0.07,-0.1,0.2,1.000,15.73,17.6,166,91.7
34.50,MISSION,119.43,-1.02,9.86,4.24,0.02,0.03,1.36,0.27,-0.1,-0.1,1.000,15.65,17.8,169,91.6
35.00,MISSION,121.77,-0.95,9.82,4.44,-0.03,0.01,1.01,0.35,-0.1,0.5,1.000,15.70,17.3,171,91.4
35.50,MISSION,123.88,-1.03,10.03,4.37,-0.00,0.02,1.14,0.36,-0.1,-0.8,1.000,15.72,17.7,174,91.3
36.00,MISSION,125.93,-1.11,10.11,4.42,0.08,-0.06,1.03,0.27,-0.1,-0.4,1.000,15.70,17.9,176,91.2
36.50,MISSION,128.40,-0.74,10.02,4.25,0.02,0.05,1.34,0.27,-0.1,0.2,1.000,15.70,17.6,179,91.1
37.00,MISSION,130.32,-0.57,9.97,4.37,0.12,-0.02,1.12,0.04,-0.1,0.2,1.000,15.68,17.4,181,91.0
37.50,MISSION,132.62,-0.89,10.10,4.32,0.05,-0.03,1.20,0.38,-0.0,-0.0,1.000,15.69,17.8,183,90.8
38.00,MISSION,134.88,-0.86,10.03,4.31,0.00,-0.01,1.23,0.51,-0.0,-0.8,1.000,15.69,17.6,186,90.7
38.50,MISSION,136.99,-0.59,9.93,4.25,0.10,0.06,1.33,0.23,-0.0,0.3,1.000,15.62,17.5,188,90.6
39.00,MISSION,138.99,-0.28,9.95,4.37,0.12,0.06,1.14,0.02,-0.0,0.1,1.000,15.69,18.0,191,90.5
39.50,MISSION,141.30,-0.44,10.03,4.38,0.13,0.04,1.11,0.22,0.0,-0.5,1.000,15.61,17.6,193,90.3
40.00,MISSION,143.46,-0.51,9.98,4.41,0.29,-0.04,1.03,0.18,0.0,-0.3,1.000,15.64,18.1,196,90.2
40.50,MISSION,145.29,-0.51,10.01,4.23,0.22,-0.00,0.02,0.43,0.0,0.2,1.000,15.63,17.8,198,90.1
41.00,MISSION,147.52,-0.21,10.00,3.32,0.21,-0.01,-1.96,-0.03,-0.0,-0.5,1.000,15.61,17.8,201,90.0
41.50,MISSION,149.02,-0.37,10.00,2.07,0.12,0.01,-2.13,0.37,-0.0,-0.2,1.000,15.62,17.9,203,89.8
42.00,MISSION,149.77,-0.08,9.89,1.24,1.19,-0.04,-1.21,3.81,0.0,-0.0,1.000,15.55,20.0,206,89.7
42.50,MISSION,150.30,1.13,9.91,0.61,2.55,-0.01,-1.03,3.86,0.0,0.8,1.000,15.55,19.5,208,89.6
43.00,MISSION,150.08,2.62,9.74,0.19,3.75,-0.04,-0.35,2.25,-0.0,0.3,1.000,15.57,18.7,211,89.4
43.50,MISSION,150.55,4.69,10.12,0.08,3.98,-0.02,-0.29,1.84,0.0,-0.1,1.000,15.55,18.3,214,89.3
44.00,MISSION,150.55,6.80,9.83,0.14,4.09,-0.06,-0.39,1.63,0.0,0.4,1.000,15.56,17.5,216,89.2
44.50,MISSION,150.71,8.63,9.96,0.03,4.11,-0.09,-0.26,1.61,-0.0,-0.1,1.000,15.57,17.1,219,89.1
45.00,MISSION,150.49,10.83,9.74,0.04,4.22,0.12,-0.23,1.41,0.0,-0.4,1.000,15.57,17.9,221,88.9
45.50,MISSION,150.88,12.65,9.72,0.12,4.11,0.08,-0.50,1.60,-0.0,0.6,1.000,15.55,18.3,224,88.8
46.00,MISSION,150.54,14.97,9.91,0.12,4.10,-0.00,-0.41,1.61,-0.0,0.3,1.000,15.58,17.6,226,88.7
46.50,MISSION,150.70,16.89,10.05,0.10,3.97,-0.01,-0.45,1.85,-0.0,-0.2,1.000,15.52,17.9,228,88.6
47.00,MISSION,150.67,19.15,9.92,0.05,4.07,-0.00,-0.38,1.67,-0.0,1.0,1.000,15.53,17.9,231,88.5
47.50,MISSION,150.70,21.19,10.14,0.07,4.12,-0.00,-0.47,1.58,0.0,1.3,1.000,15.52,18.1,233,88.3
48.00,MISSION,150.50,22.85,10.03,0.08,4.07,-0.05,-0.41,1.67,0.0,-0.5,1.000,15.54,18.2,236,88.2
48.50,MISSION,150.81,25.01,9.92,0.01,4.07,-0.04,-0.51,1.66,0.0,-0.7,1.000,15.50,18.0,238,88.1
49.00,MISSION,151.08,27.32,10.17,0.01,4.14,-0.02,-0.78,1.51,0.0,0.2,1.000,15.52,18.4,241,88.0
49.50,MISSION,150.84,29.03,10.05,-0.07,4.13,0.02,-0.56,1.54,0.1,-0.4,1.000,15.50,18.2,243,87.8
50.00,MISSION,150.63,31.04,10.01,-0.11,4.07,0.02,-0.42,1.66,0.1,0.4,1.000,15.50,18.3,246,87.7
50.50,MISSION,150.66,33.32,10.04,-0.21,4.10,0.07,-0.51,1.57,0.0,-1.4,1.000,15.49,17.7,248,87.6
51.00,MISSION,150.63,35.35,10.06,-0.26,4.07,-0.08,-0.55,0.21,0.0,0.8,1.000,15.47,17.7,251,87.5
51.50,MISSION,150.35,37.20,9.74,-0.14,3.28,0.06,-0.31,-1.37,-0.0,0.6,1.000,15.47,17.7,253,87.3
52.00,MISSION,150.22,38.49,10.18,-0.11,2.12,0.05,-0.17,-1.37,-0.0,0.4,1.000,15.43,17.7,256,87.2
52.50,MISSION,150.36,39.10,10.00,-0.44,1.20,0.00,-3.88,-0.99,-0.0,-1.0,1.000,15.44,19.2,258,87.1
53.00,MISSION,149.72,39.51,9.92,-1.80,0.49,0.04,-3.96,-0.58,-0.0,0.1,1.000,15.40,19.5,261,86.9
53.50,MISSION,148.60,39.85,10.05,-3.20,0.05,0.05,-3.25,-0.09,-0.0,0.2,1.000,15.39,19.8,264,86.8
54.00,MISSION,146.54,39.71,10.12,-3.75,0.06,0.03,-2.24,-0.10,-0.0,-0.9,1.000,15.45,18.5,266,86.7
54.50,MISSION,144.41,39.73,10.03,-3.97,0.02,-0.00,-1.86,-0.01,-0.0,0.5,1.000,15.41,18.2,269,86.6
55.00,MISSION,142.78,39.81,9.95,-4.05,-0.07,-0.01,-1.70,0.14,-0.0,-0.3,1.000,15.45,18.2,271,86.4
55.50,MISSION,140.59,39.83,9.97,-4.02,-0.05,0.02,-1.76,0.11,-0.0,-0.2,1.000,15.41,18.1,274,86.3
56.00,MISSION,138.34,39.56,9.92,-4.03,-0.15,0.02,-1.74,0.29,-0.0,-0.7,1.000,15.41,18.2,276,86.2
56.50,MISSION,137.00,39.48,9.92,-4.01,0.02,0.00,-1.78,0.00,0.0,1.4,1.000,15.41,18.3,279,86.0
57.00,MISSION,134.53,39.42,10.01,-3.98,-0.07,-0.03,-1.84,0.17,0.0,0.7,1.000,15.39,18.2,282,85.9
57.50,MISSION,132.59,39.47,9.95,-4.13,-0.01,0.03,-1.57,0.05,-0.0,0.9,1.000,15.38,18.3,284,85.8
58.00,MISSION,130.66,39.51,10.13,-4.05,-0.06,0.06,-1.71,0.14,0.0,-0.1,1.000,15.36,18.6,287,85.7
58.50,MISSION,128.74,39.44,10.00,-4.07,-0.07,-0.03,-1.67,0.17,0.0,0.2,1.000,15.34,18.3,289,85.5
59.00,MISSION,126.53,39.52,10.01,-4.04,-0.08,0.01,-1.72,0.18,0.0,0.5,1.000,15.36,18.3,292,85.4
59.50,MISSION,124.44,39.47,10.07,-3.96,0.02,0.07,-1.87,0.01,0.0,-0.1,1.000,15.33,18.4,294,85.3
60.00,MISSION,122.41,39.57,9.86,-4.06,-0.07,-0.04,-1.69,0.16,0.0,0.7,1.000,15.36,18.1,297,85.2
60.50,MISSION,120.53,39.45,10.03,-4.04,-0.06,0.01,-1.73,0.16,0.0,-0.4,1.000,15.35,18.0,299,85.0
61.00,MISSION,118.24,39.65,9.83,-4.02,-0.06,-0.01,-1.76,0.13,0.0,-0.3,1.000,15.35,18.7,302,84.9
61.50,MISSION,116.82,39.33,10.11,-3.90,-0.05,0.00,-1.99,0.14,0.0,0.4,1.000,15.36,18.2,304,84.8
62.00,MISSION,114.32,39.04,9.88,-3.98,0.04,0.03,-1.84,-0.00,0.0,0.2,1.000,15.29,18.6,307,84.7
62.50,MISSION,112.38,38.98,10.00,-4.04,-0.13,0.01,-1.73,0.31,-0.0,-0.5,1.000,15.31,17.9,309,84.5
63.00,MISSION,110.47,39.20,9.94,-3.99,-0.06,-0.01,-1.81,0.18,0.0,-0.0,1.000,15.32,18.2,312,84.4
63.50,MISSION,108.45,39.02,9.96,-3.95,0.08,-0.01,-1.89,-0.06,0.0,-0.0,1.000,15.31,18.3,314,84.3
64.00,MISSION,106.74,39.28,9.96,-3.98,-0.04,-0.05,-1.83,0.14,0.0,-0.9,1.000,15.34,18.3,317,84.2
64.50,MISSION,104.60,39.27,9.97,-4.12,-0.05,-0.13,-1.59,0.16,-0.0,-0.4,1.000,15.34,18.4,319,84.0
65.00,MISSION,102.08,38.99,9.98,-3.99,-0.14,-0.07,-1.82,0.34,-0.0,0.2,1.000,15.33,17.9,322,83.9
65.50,MISSION,100.47,39.05,9.86,-4.05,0.02,0.07,-1.71,0.06,-0.1,-0.8,1.000,15.30,17.8,325,83.8
66.00,MISSION,98.41,39.31,10.18,-4.02,-0.03,-0.03,-1.77,0.12,-0.1,-0.5,1.000,15.26,18.7,327,83.6
66.50,MISSION,96.29,38.99,10.11,-4.02,0.06,0.06,-1.77,-0.01,-0.0,0.1,1.000,15.31,18.2,330,83.5
67.00,MISSION,94.18,38.81,10.06,-4.05,-0.01,-0.03,-1.72,0.13,-0.1,0.4,1.000,15.31,18.1,332,83.4
67.50,MISSION,92.39,39.03,9.80,-4.09,0.05,0.02,-1.64,-0.00,0.0,0.1,1.000,15.27,17.8,335,83.3
68.00,MISSION,90.15,38.70,10.02,-4.02,-0.00,0.03,-1.76,0.13,0.0,0.4,1.000,15.28,18.5,337,83.1
68.50,MISSION,88.41,38.99,9.87,-4.02,-0.07,-0.06,-1.76,0.22,0.0,-0.7,1.000,15.30,18.3,340,83.0
69.00,MISSION,86.43,38.84,9.88,-4.01,-0.04,-0.06,-1.77,0.20,0.1,-0.5,1.000,15.29,18.0,342,82.9
69.50,MISSION,84.43,38.81,10.10,-4.01,0.01,0.06,-1.79,0.11,0.0,-0.3,1.000,15.30,18.3,345,82.8
70.00,MISSION,82.31,38.49,9.74,-3.95,-0.03,0.14,-1.89,0.22,0.0,-0.4,1.000,15.29,18.6,347,82.6
70.50,MISSION,80.47,38.89,10.03,-4.09,-0.02,0.02,-1.64,0.16,-0.0,-0.6,1.000,15.27,18.2,350,82.5
71.00,MISSION,78.16,38.86,10.05,-3.96,-0.04,0.02,-1.87,0.21,-0.0,0.3,1.000,15.28,18.2,352,82.4
71.50,MISSION,76.55,39.30,10.04,-4.00,-0.00,0.05,-1.80,0.08,-0.0,-1.2,1.000,15.30,18.2,355,82.3
72.00,MISSION,74.28,39.03,9.98,-4.02,-0.04,0.07,-1.76,0.18,-0.0,0.5,1.000,15.24,18.5,358,82.1
72.50,MISSION,72.15,38.99,10.09,-3.99,-0.05,-0.06,-1.81,0.21,-0.0,-0.8,1.000,15.28,18.4,360,82.0
73.00,MISSION,70.20,38.93,10.12,-3.97,0.00,0.01,-1.86,0.13,0.0,0.3,1.000,15.23,18.3,363,81.9
73.50,MISSION,68.34,39.02,9.91,-4.07,-0.06,0.01,-1.67,0.24,-0.0,-0.4,1.000,15.26,18.5,365,81.7
74.00,MISSION,66.06,38.78,10.19,-4.03,0.06,0.07,-1.75,0.06,-0.0,-0.4,1.000,15.26,18.4,368,81.6
74.50,MISSION,64.24,38.79,10.06,-4.02,0.04,0.03,-1.77,0.11,-0.0,0.2,1.000,15.27,18.4,370,81.5
75.00,MISSION,62.32,38.69,9.99,-3.90,0.04,-0.01,-1.98,0.11,-0.0,-0.2,1.000,15.25,18.5,373,81.4
75.50,MISSION,60.33,38.57,10.05,-3.99,-0.01,0.11,-1.81,0.23,-0.0,0.2,1.000,15.23,18.3,375,81.2
76.00,MISSION,58.02,39.01,9.89,-3.93,0.01,-0.03,-1.93,0.14,-0.0,-0.3,1.000,15.21,18.0,378,81.1
76.50,MISSION,56.04,38.69,9.91,-3.99,0.01,-0.03,-1.82,0.20,0.0,-0.7,1.000,15.19,18.5,380,81.0
77.00,MISSION,54.35,38.94,9.92,-4.05,-0.04,0.02,-1.71,0.24,0.0,-0.5,1.000,15.24,18.2,383,80.8
77.50,MISSION,52.16,38.96,10.27,-3.99,-0.07,-0.01,-1.82,0.31,-0.0,0.4,1.000,15.21,18.5,386,80.7
78.00,MISSION,50.17,38.71,10.14,-4.06,0.03,-0.06,-1.69,0.18,-0.0,-0.3,1.000,15.24,18.4,388,80.6
78.50,MISSION,48.23,39.11,10.10,-4.04,0.11,0.04,-1.72,-0.02,-0.0,0.6,1.000,15.24,18.0,391,80.5
79.00,MISSION,46.27,38.78,9.90,-3.96,-0.04,0.09,-1.87,0.31,-0.0,0.0,1.000,15.21,18.6,393,80.3
79.50,MISSION,44.12,38.76,10.02,-4.02,-0.04,0.00,-1.77,0.32,-0.0,0.5,1.000,15.21,18.4,396,80.2
80.00,MISSION,41.83,38.88,10.12,-4.08,0.03,-0.01,-1.66,0.19,-0.0,0.6,1.000,15.22,18.3,398,80.1
80.50,MISSION,40.40,38.88,10.03,-4.08,-0.01,-0.04,-1.66,0.27,-0.0,0.4,1.000,15.20,18.5,401,80.0
81.00,MISSION,38.15,38.68,10.18,-4.06,0.01,-0.01,-1.68,0.30,-0.0,-1.0,1.000,15.15,18.2,403,79.8
81.50,MISSION,35.87,39.08,10.10,-4.04,0.03,0.02,-1.72,0.17,-0.0,-0.7,1.000,15.23,18.4,406,79.7
82.00,MISSION,34.05,39.15,10.06,-4.01,-0.01,0.01,-1.78,0.24,-0.0,-0.6,1.000,15.21,18.6,409,79.6
82.50,MISSION,32.00,39.10,10.03,-4.10,0.01,0.07,-1.62,0.23,-0.0,-0.0,1.000,15.24,18.2,411,79.4
83.00,MISSION,30.02,38.95,9.95,-3.95,0.07,-0.03,-1.89,0.19,-0.0,-0.2,1.000,15.18,18.1,414,79.3
83.50,MISSION,28.07,39.00,10.13,-4.06,0.01,-0.01,-1.69,0.29,-0.0,0.6,1.000,15.17,18.4,416,79.2
84.00,MISSION,25.83,39.10,10.12,-3.89,0.04,-0.05,-1.99,0.24,-0.0,-0.7,1.000,15.18,18.1,419,79.1
84.50,MISSION,23.87,38.82,10.11,-4.08,0.02,-0.03,-1.65,0.41,-0.0,0.0,1.000,15.20,18.4,421,78.9
85.00,MISSION,21.64,39.16,10.06,-4.00,0.07,-0.05,-1.79,0.23,-0.0,0.9,1.000,15.19,18.4,424,78.8
85.50,MISSION,20.26,39.19,10.13,-4.01,0.17,0.05,-1.78,0.06,-0.0,-0.2,1.000,15.14,18.6,426,78.7
86.00,MISSION,18.09,39.14,10.05,-4.05,0.14,-0.06,-1.69,0.18,0.0,1.3,1.000,15.17,18.6,429,78.6
86.50,MISSION,15.95,39.25,9.82,-4.08,0.09,-0.01,-1.65,0.26,-0.0,0.6,1.000,15.15,18.4,432,78.4
87.00,MISSION,13.85,39.41,9.98,-3.99,0.06,0.01,-1.82,0.28,-0.0,0.2,1.000,15.18,18.6,434,78.3
87.50,MISSION,11.87,39.44,10.02,-4.05,0.09,-0.03,-1.70,0.27,-0.0,-0.6,1.000,15.13,18.5,437,78.2
88.00,MISSION,10.12,39.33,9.99,-4.03,0.04,-0.08,-1.73,0.52,-0.0,1.0,1.000,15.19,18.6,439,78.0
88.50,MISSION,7.79,39.61,10.06,-4.03,0.16,-0.08,-1.73,0.17,-0.0,-0.7,1.000,15.22,18.5,442,77.9
89.00,MISSION,5.90,39.69,9.98,-4.03,0.21,0.02,-1.73,0.10,-0.0,-1.0,1.000,15.14,18.5,444,77.8
89.50,MISSION,4.05,39.90,10.05,-3.80,0.19,-0.04,0.27,-0.19,0.0,0.5,1.000,15.18,17.9,447,77.7
90.00,MISSION,2.12,40.10,10.06,-2.76,0.21,-0.05,1.53,-0.53,-0.0,0.6,1.000,15.13,18.1,449,77.5
90.50,MISSION,1.24,39.96,10.10,-1.58,0.05,0.07,0.84,-0.02,-0.0,0.3,1.000,15.12,18.3,452,77.4
91.00,MISSION,0.74,39.57,10.09,-0.83,-0.94,0.03,0.72,-3.94,-0.0,0.0,1.000,15.06,20.0,455,77.3
91.50,MISSION,0.38,38.90,10.03,-0.13,-2.67,0.04,0.14,-4.00,-0.0,-0.1,1.000,15.08,20.3,457,77.1
92.00,MISSION,0.39,37.02,9.88,0.00,-3.87,-0.03,-0.10,-2.04,-0.0,0.6,1.000,15.08,19.0,460,77.0
92.50,MISSION,0.26,34.94,9.83,0.07,-4.14,0.03,-0.19,-1.55,-0.0,1.3,1.000,15.14,18.5,463,76.9
93.00,MISSION,0.66,32.96,9.95,0.13,-4.35,0.01,-0.42,-1.16,0.0,-0.4,1.000,15.12,18.2,465,76.7
93.50,MISSION,0.39,30.81,9.96,0.04,-4.31,0.04,-0.18,-1.24,0.0,0.5,1.000,15.13,18.1,468,76.6
94.00,MISSION,0.43,28.76,10.33,0.04,-4.14,0.03,-0.22,-1.55,0.0,0.1,1.000,15.11,18.1,470,76.5
94.50,MISSION,0.38,26.73,10.01,0.08,-4.30,-0.09,-0.26,-1.25,0.0,0.2,1.000,15.11,18.6,473,76.4
95.00,MISSION,0.46,24.63,10.10,0.01,-4.27,-0.07,-0.18,-1.31,0.0,-0.8,1.000,15.11,18.2,475,76.2
95.50,MISSION,0.73,22.03,10.11,0.08,-4.24,-0.03,-0.44,-1.37,0.0,0.3,1.000,15.11,18.2,478,76.1
96.00,MISSION,1.03,20.01,9.94,0.11,-4.20,0.01,-0.66,-1.43,0.0,-0.2,1.000,15.10,18.3,480,76.0
96.50,MISSION,0.55,17.93,9.91,-0.04,-4.33,0.14,-0.20,-1.20,0.0,0.5,1.000,15.10,18.6,483,75.9
97.00,MISSION,0.82,15.87,10.04,0.03,-4.27,-0.01,-0.52,-1.30,0.0,-0.5,1.000,15.07,18.6,486,75.7
97.50,MISSION,0.48,13.68,10.02,0.02,-4.19,0.03,-0.35,-1.45,0.0,0.4,1.000,15.09,18.5,488,75.6
98.00,MISSION,0.61,11.61,10.12,-0.03,-4.31,0.04,-0.43,-1.23,-0.1,-0.3,1.000,15.05,18.7,491,75.5
98.50,MISSION,0.76,9.76,10.05,-0.07,-4.35,-0.06,-0.58,-1.15,-0.1,0.2,1.000,15.06,18.9,493,75.3
99.00,MISSION,0.43,7.24,10.04,-0.20,-4.23,0.02,-0.17,-1.38,-0.0,-0.3,1.000,15.07,18.2,496,75.2
99.50,MISSION,0.71,5.22,9.99,-0.17,-4.33,-0.01,-0.84,-0.65,-0.0,-0.6,1.000,15.09,18.2,498,75.1
100.00,MISSION,0.41,3.10,10.21,-0.20,-3.66,-0.06,-0.29,1.56,-0.0,-0.6,1.000,15.10,18.5,501,75.0
100.50,MISSION,0.21,1.74,10.09,-0.05,-2.51,-0.06,-0.25,1.70,-0.0,-0.2,1.000,15.06,19.0,503,74.8
101.00,MISSION,0.26,0.65,9.97,0.17,-1.42,0.01,3.84,1.11,-0.0,-0.6,1.000,15.04,19.0,506,74.7
101.50,MISSION,0.89,0.04,10.09,1.92,-0.78,-0.07,3.88,0.98,0.0,0.1,1.000,15.02,20.3,509,74.6
102.00,MISSION,1.94,-0.19,10.11,3.51,-0.40,0.04,2.69,0.73,0.1,1.1,1.000,15.02,19.8,512,74.4
102.50,MISSION,4.36,-0.20,9.99,4.14,-0.11,0.10,1.54,0.21,0.0,0.2,1.000,15.03,18.1,514,74.3
103.00,MISSION,6.48,-0.11,9.88,4.39,-0.00,0.01,1.09,0.01,0.0,-0.8,1.000,15.03,18.6,517,74.2
103.50,MISSION,8.50,-0.22,10.08,4.44,-0.14,-0.03,1.01,0.26,0.0,-0.8,1.000,15.06,18.0,519,74.0
104.00,MISSION,10.85,-0.24,10.05,4.38,-0.01,0.03,1.12,0.03,0.0,1.2,1.000,15.03,18.3,522,73.9
104.50,MISSION,12.56,-0.35,10.17,4.31,-0.17,0.05,1.24,0.33,0.0,0.3,1.000,15.04,18.3,524,73.8
105.00,MISSION,15.05,-0.36,9.87,4.35,-0.07,0.01,1.17,0.15,0.0,-0.8,1.000,15.01,18.4,527,73.7
105.50,MISSION,17.10,-0.55,10.00,4.42,-0.19,0.05,1.04,0.38,0.0,-0.6,1.000,15.02,18.5,530,73.5
106.00,MISSION,19.30,-0.61,10.00,4.42,-0.08,-0.09,1.04,0.18,0.0,-1.0,1.000,15.02,18.3,532,73.4
106.50,MISSION,21.69,-0.46,9.99,4.33,-0.12,0.08,1.20,0.24,0.0,0.5,1.000,15.06,18.5,535,73.3
107.00,MISSION,23.77,-0.46,9.92,4.41,0.06,0.02,1.07,-0.07,0.1,0.2,1.000,15.01,18.4,537,73.1
107.50,MISSION,26.06,-0.44,10.00,4.31,-0.04,-0.02,1.24,0.10,0.0,-0.2,1.000,15.02,18.4,540,73.0
108.00,MISSION,28.11,-0.86,10.20,4.33,-0.10,0.07,1.21,0.23,0.0,0.3,1.000,15.02,18.5,542,72.9
108.50,MISSION,30.31,-0.49,9.98,4.31,-0.03,0.01,1.24,0.08,0.1,0.9,1.000,15.03,18.3,545,72.8
109.00,MISSION,32.43,-0.41,10.02,4.36,-0.17,-0.04,1.16,0.34,0.1,0.6,1.000,15.06,18.6,547,72.6
109.50,MISSION,34.24,-0.58,9.99,4.28,-0.10,0.03,1.30,0.23,0.0,0.0,1.000,15.00,18.4,550,72.5
110.00,MISSION,36.49,-0.52,9.94,4.33,-0.02,0.03,1.21,0.08,0.0,0.3,1.000,15.02,18.6,552,72.4
110.50,MISSION,38.82,-0.68,10.04,4.29,-0.13,-0.01,1.27,0.29,0.0,-0.3,1.000,15.02,18.3,555,72.2
111.00,MISSION,40.96,-0.70,10.06,4.29,-0.04,-0.01,1.27,0.13,0.0,0.2,1.000,14.97,18.4,558,72.1
111.50,MISSION,43.13,-0.60,9.87,4.32,-0.08,0.03,1.22,0.19,0.0,0.3,1.000,15.03,18.5,560,72.0
112.00,MISSION,45.39,-0.81,10.08,4.34,-0.11,-0.07,1.19,0.27,0.1,-0.2,1.000,15.01,18.1,563,71.9
112.50,MISSION,47.42,-0.67,10.09,4.30,-0.05,0.05,1.27,0.15,0.0,-0.1,1.000,15.00,18.3,565,71.7
113.00,MISSION,49.83,-0.76,9.96,4.33,0.03,-0.06,1.21,0.02,0.0,-0.5,1.000,14.98,18.7,568,71.6
113.50,MISSION,51.70,-1.10,9.90,4.37,-0.15,0.10,1.13,0.38,-0.0,-0.7,1.000,14.98,18.1,570,71.5
114.00,MISSION,54.10,-0.89,10.19,4.42,-0.09,0.00,1.04,0.25,-0.0,-0.7,1.000,15.01,18.4,573,71.4
114.50,MISSION,56.52,-0.78,9.94,4.30,-0.01,0.06,1.26,0.09,-0.0,0.0,1.000,14.93,18.5,575,71.2
115.00,MISSION,58.50,-1.26,9.98,4.39,-0.08,0.03,1.10,0.26,-0.0,-0.0,1.000,14.98,18.4,578,71.1
115.50,MISSION,60.37,-0.76,10.03,4.34,0.08,0.04,1.18,-0.07,-0.0,0.5,1.000,14.95,18.5,581,71.0
116.00,MISSION,62.92,-0.95,9.88,4.41,0.04,-0.05,1.06,0.02,-0.0,-0.4,1.000,15.01,18.5,583,70.8
116.50,MISSION,65.05,-1.10,9.98,4.33,0.05,-0.02,1.20,0.02,-0.0,-0.7,1.000,14.96,18.5,586,70.7
117.00,MISSION,66.97,-1.13,9.82,4.31,0.00,0.01,1.25,0.12,-0.0,-0.5,1.000,14.98,18.3,588,70.6
117.50,MISSION,69.42,-0.86,10.07,4.39,-0.03,-0.02,1.10,0.16,-0.0,-0.6,1.000,14.97,18.4,591,70.5
118.00,MISSION,71.48,-1.07,10.01,4.28,-0.08,0.01,1.29,0.27,-0.0,-0.3,1.000,14.93,18.4,593,70.3
118.50,MISSION,73.98,-1.16,10.07,4.29,-0.03,-0.03,1.27,0.19,-0.0,0.5,1.000,14.96,18.4,596,70.2
119.00,MISSION,75.98,-0.99,9.94,4.34,0.04,0.00,1.19,0.06,-0.0,-0.3,1.000,14.94,18.7,599,70.1
119.50,MISSION,77.98,-0.94,9.90,4.32,0.03,-0.03,1.23,0.07,-0.0,-0.2,1.000,14.97,17.9,601,69.9
120.00,MISSION,80.35,-1.04,9.98,4.34,0.02,-0.02,1.19,0.10,-0.0,-0.4,1.000,14.93,18.0,604,69.8
120.50,MISSION,82.49,-1.38,9.96,4.35,-0.01,0.03,1.16,0.20,0.0,0.1,1.000,14.96,18.7,606,69.7
121.00,MISSION,84.17,-1.15,9.91,4.39,-0.06,0.03,1.11,0.27,-0.0,0.3,1.000,14.90,18.8,609,69.6
121.50,MISSION,86.85,-1.17,9.99,4.37,0.03,0.03,1.13,0.11,-0.0,0.1,1.000,14.91,18.9,611,69.4
122.00,MISSION,89.05,-1.17,10.19,4.31,-0.12,-0.06,1.23,0.40,-0.0,-0.9,1.000,14.92,18.3,614,69.3
122.50,MISSION,90.65,-1.08,10.01,4.39,0.07,0.03,1.10,0.04,0.0,0.5,1.000,14.96,19.0,617,69.2
123.00,MISSION,93.29,-1.08,9.82,4.27,0.02,-0.03,1.31,0.14,-0.0,-0.5,1.000,14.91,18.4,619,69.0
123.50,MISSION,95.33,-0.78,9.81,4.36,-0.01,0.02,1.15,0.14,-0.0,-0.0,1.000,14.90,18.4,622,68.9
124.00,MISSION,97.60,-0.91,10.08,4.39,-0.06,0.09,1.09,0.26,-0.0,-0.8,1.000,14.92,18.4,624,68.8
124.50,MISSION,99.94,-0.92,9.87,4.32,0.00,0.01,1.22,0.16,-0.0,0.3,1.000,14.87,18.6,627,68.7
125.00,MISSION,101.88,-1.21,9.98,4.31,-0.01,-0.01,1.23,0.24,-0.0,0.5,1.000,14.93,18.5,629,68.5
125.50,MISSION,103.99,-0.83,10.02,4.39,0.03,-0.05,1.09,0.12,-0.0,-0.0,1.000,14.94,18.4,632,68.4
126.00,MISSION,106.49,-1.24,9.99,4.34,0.10,-0.01,1.18,0.07,-0.0,-0.4,1.000,14.89,18.5,635,68.3
126.50,MISSION,108.44,-1.17,10.00,4.27,0.05,0.13,1.31,0.17,-0.0,0.5,1.000,14.87,18.4,637,68.1
127.00,MISSION,110.80,-1.09,9.94,4.31,-0.01,-0.01,1.24,0.28,-0.0,-0.5,1.000,14.89,18.0,640,68.0
127.50,MISSION,113.01,-0.99,10.10,4.21,0.02,-0.08,1.41,0.21,0.0,0.7,1.000,14.92,18.8,642,67.9
128.00,MISSION,115.10,-0.98,9.81,4.38,0.09,-0.01,1.12,0.10,0.0,0.7,1.000,14.91,18.6,645,67.8
128.50,MISSION,117.02,-0.87,9.90,4.33,0.06,-0.06,1.21,0.12,0.0,0.2,1.000,14.88,18.6,647,67.6
129.00,MISSION,119.43,-0.68,9.92,4.38,0.02,0.04,1.12,0.16,-0.0,-0.1,1.000,14.88,18.4,650,67.5
129.50,MISSION,121.42,-1.08,10.07,4.44,0.06,0.12,1.00,0.24,0.0,0.1,1.000,14.86,18.4,653,67.4
130.00,MISSION,123.81,-0.48,10.06,4.26,0.03,0.01,1.33,0.11,0.0,0.3,1.000,14.88,18.9,655,67.2
130.50,MISSION,125.82,-1.12,10.18,4.35,0.10,-0.00,1.16,0.24,-0.0,-0.5,1.000,14.90,18.4,658,67.1
131.00,MISSION,128.15,-0.78,9.90,4.37,0.09,0.06,1.13,0.16,0.0,0.7,1.000,14.86,18.6,660,67.0
131.50,MISSION,129.90,-0.75,10.08,4.43,0.05,-0.01,1.02,0.24,0.0,-0.1,1.000,14.85,18.5,663,66.9
132.00,MISSION,132.42,-0.71,10.01,4.30,0.05,0.06,1.26,0.27,0.0,0.3,1.000,14.85,18.7,665,66.7
132.50,MISSION,134.44,-0.57,9.93,4.32,0.08,0.02,1.22,0.18,0.0,-0.4,1.000,14.82,18.7,668,66.6
133.00,MISSION,136.68,-0.66,9.89,4.33,0.12,0.02,1.20,0.22,-0.0,0.2,1.000,14.88,18.5,671,66.5
133.50,MISSION,139.04,-0.57,10.20,4.29,0.07,-0.05,1.27,0.33,-0.0,0.3,1.000,14.80,18.7,673,66.3
134.00,MISSION,141.32,-0.75,9.85,4.35,0.26,0.08,1.13,0.32,-0.0,-0.7,1.000,14.83,18.4,676,66.2
134.50,MISSION,143.05,-0.58,9.97,4.38,0.23,-0.05,1.08,0.33,-0.0,-0.2,1.000,14.80,18.4,678,66.1
135.00,MISSION,145.02,-0.30,9.94,4.25,0.16,0.01,0.42,0.21,-0.1,-0.1,1.000,14.84,18.3,681,66.0
135.50,MISSION,147.50,-0.32,9.88,3.49,0.26,-0.06,-2.22,0.05,-0.0,0.6,1.000,14.86,19.1,683,65.8
136.00,MISSION,148.66,-0.20,9.95,2.34,0.19,0.07,-2.04,-0.02,-0.0,0.6,1.000,14.85,19.2,686,65.7
136.50,MISSION,149.45,-0.19,9.91,1.32,1.04,-0.02,-1.21,3.81,-0.0,0.9,1.000,14.78,20.6,689,65.6
137.00,MISSION,150.36,0.60,9.91,0.76,2.52,0.09,-1.24,3.80,-0.0,-0.4,1.000,14.76,20.8,692,65.4
137.50,MISSION,150.36,2.54,9.98,0.27,3.75,-0.02,-0.58,2.24,-0.0,0.6,1.000,14.82,19.1,695,65.3
138.00,MISSION,150.32,4.26,10.06,0.17,3.99,0.04,-0.38,1.81,-0.0,-0.3,1.000,14.79,19.0,697,65.1
138.50,MISSION,150.26,6.76,10.14,0.12,4.18,-0.05,-0.29,1.47,0.0,-0.7,1.000,14.81,18.9,700,65.0
139.00,MISSION,150.67,8.28,9.84,0.18,4.13,0.03,-0.51,1.57,0.0,0.9,1.000,14.77,18.9,702,64.9
139.50,MISSION,150.71,10.86,10.09,0.18,4.05,0.08,-0.54,1.71,0.0,0.6,1.000,14.80,18.9,705,64.7
140.00,MISSION,150.73,12.51,10.03,0.02,4.05,-0.06,-0.28,1.71,0.0,-0.4,1.000,14.81,18.7,708,64.6
140.50,MISSION,150.88,14.65,9.88,0.16,4.19,-0.11,-0.60,1.45,-0.0,0.6,1.000,14.77,18.7,710,64.5
141.00,MISSION,150.68,16.94,9.95,0.07,4.11,0.05,-0.39,1.59,0.0,-0.9,1.000,14.76,18.5,713,64.4
141.50,MISSION,150.96,18.85,10.06,0.09,4.13,-0.11,-0.57,1.55,0.0,-0.8,1.000,14.84,19.3,716,64.2
142.00,MISSION,150.83,20.76,10.03,-0.00,4.13,-0.08,-0.38,1.55,0.0,0.5,1.000,14.76,19.0,718,64.1
142.50,MISSION,150.62,22.98,10.17,-0.01,4.11,0.00,-0.31,1.59,0.0,0.5,1.000,14.76,19.1,721,64.0
143.00,MISSION,150.84,24.85,10.06,-0.04,4.02,-0.09,-0.42,1.74,0.0,-0.7,1.000,14.78,18.8,723,63.8
143.50,MISSION,150.93,27.07,10.09,-0.14,4.14,-0.09,-0.40,1.53,0.0,0.4,1.000,14.75,18.8,726,63.7
144.00,MISSION,150.54,28.85,9.98,-0.08,4.04,-0.01,-0.29,1.71,0.0,0.4,1.000,14.74,19.1,729,63.6
144.50,MISSION,150.68,31.24,10.02,-0.07,4.05,-0.02,-0.57,1.69,0.0,0.4,1.000,14.78,19.0,731,63.4
145.00,MISSION,150.26,33.37,10.10,-0.13,4.05,0.06,-0.12,1.71,-0.0,0.7,1.000,14.72,18.6,734,63.3
145.50,MISSION,150.60,35.32,10.10,-0.13,4.00,0.02,-0.75,0.38,-0.0,0.0,1.000,14.74,18.5,737,63.2
146.00,MISSION,150.24,36.91,10.15,-0.13,3.37,0.11,-0.15,-1.07,-0.0,0.1,1.000,14.77,18.5,739,63.0
146.50,MISSION,150.32,38.55,9.93,-0.15,2.15,-0.08,-0.24,-1.52,-0.0,-0.7,1.000,14.72,18.8,742,62.9
147.00,MISSION,150.30,39.06,9.94,-0.61,1.14,0.02,-3.88,-0.98,-0.0,0.4,1.000,14.71,20.2,744,62.8
147.50,MISSION,149.61,39.68,9.99,-2.13,0.45,-0.03,-3.95,-0.61,-0.0,-0.5,1.000,14.67,21.0,747,62.6
148.00,MISSION,148.38,39.68,9.94,-3.38,0.02,-0.07,-2.92,-0.02,0.0,0.7,1.000,14.71,20.1,750,62.5
148.50,MISSION,146.42,39.72,9.95,-3.91,-0.15,-0.02,-1.96,0.29,0.0,-0.0,1.000,14.69,19.4,753,62.4
149.00,MISSION,144.52,39.51,9.98,-3.98,-0.07,-0.03,-1.84,0.15,0.0,-0.5,1.000,14.72,19.1,755,62.2
149.50,MISSION,142.43,40.03,10.16,-4.07,-0.05,0.03,-1.67,0.09,-0.0,0.7,1.000,14.72,18.7,758,62.1
150.00,MISSION,140.24,39.73,9.94,-3.97,-0.10,-0.02,-1.86,0.19,-0.0,-1.1,1.000,14.72,18.8,761,62.0
150.50,MISSION,138.41,39.51,9.89,-4.06,0.05,0.07,-1.68,-0.05,-0.0,-0.1,1.000,14.74,18.7,763,61.8
151.00,MISSION,136.44,39.65,10.07,-3.97,-0.06,0.06,-1.85,0.13,0.0,0.0,1.000,14.72,19.1,766,61.7
151.50,MISSION,134.53,39.52,10.09,-4.01,-0.07,-0.02,-1.79,0.15,-0.0,0.2,1.000,14.74,18.9,769,61.6
152.00,MISSION,132.40,39.45,9.99,-4.01,-0.18,0.04,-1.78,0.36,-0.0,-0.5,1.000,14.72,18.9,771,61.4
152.50,MISSION,130.64,39.48,9.80,-3.98,-0.03,0.02,-1.83,0.09,-0.0,-0.4,1.000,14.73,19.3,774,61.3
153.00,MISSION,128.40,39.46,9.94,-4.09,-0.07,0.04,-1.64,0.16,0.0,-0.4,1.000,14.70,19.0,777,61.2
153.50,MISSION,126.44,39.38,9.91,-4.06,-0.16,0.07,-1.70,0.33,0.0,1.7,1.000,14.67,19.3,779,61.0
154.00,MISSION,124.07,39.45,10.03,-4.04,-0.08,-0.00,-1.73,0.19,0.0,0.2,1.000,14.70,18.9,782,60.9
154.50,MISSION,122.54,39.18,9.87,-4.07,-0.03,-0.02,-1.67,0.11,-0.0,-0.4,1.000,14.70,19.1,785,60.8
155.00,MISSION,120.17,39.30,10.06,-4.03,-0.10,0.06,-1.74,0.24,-0.0,0.1,1.000,14.68,18.9,787,60.6
155.50,MISSION,118.06,39.31,9.98,-3.99,0.02,0.02,-1.82,0.02,-0.0,1.4,1.000,14.66,19.3,790,60.5
156.00,MISSION,116.31,39.33,9.91,-3.97,-0.07,-0.04,-1.86,0.18,-0.0,0.4,1.000,14.67,18.8,792,60.4
156.50,MISSION,114.27,38.98,10.03,-3.98,-0.04,0.12,-1.83,0.15,0.0,-0.4,1.000,14.65,19.0,795,60.2
157.00,MISSION,112.29,39.37,10.00,-3.99,-0.04,-0.01,-1.82,0.12,0.0,0.2,1.000,14.65,19.0,798,60.1
157.50,MISSION,110.22,39.36,10.00,-4.08,-0.06,-0.07,-1.66,0.17,0.0,-0.0,1.000,14.69,18.8,800,60.0
158.00,MISSION,108.15,39.31,10.08,-4.05,-0.07,0.12,-1.71,0.18,-0.0,-0.6,1.000,14.62,19.0,803,59.9
158.50,MISSION,106.20,38.85,10.13,-3.96,-0.11,0.00,-1.87,0.30,-0.0,-0.1,1.000,14.62,19.3,806,59.7
159.00,MISSION,103.93,39.27,9.99,-3.97,-0.13,0.04,-1.85,0.30,-0.0,-1.2,1.000,14.68,19.5,808,59.6
159.50,MISSION,102.10,38.98,10.08,-4.08,-0.07,0.09,-1.66,0.21,-0.0,0.5,1.000,14.65,19.1,811,59.5
160.00,MISSION,100.22,39.13,9.94,-4.10,-0.09,-0.04,-1.61,0.25,-0.0,0.5,1.000,14.67,18.7,814,59.3
160.50,MISSION,98.07,39.01,9.94,-4.03,-0.09,-0.07,-1.74,0.25,-0.0,-0.4,1.000,14.61,19.1,816,59.2
161.00,MISSION,96.12,39.02,9.99,-4.08,-0.03,0.01,-1.66,0.14,-0.0,0.3,1.000,14.60,19.0,819,59.1
161.50,MISSION,93.94,38.89,9.95,-4.02,-0.11,0.06,-1.76,0.30,0.0,0.3,1.000,14.65,19.3,822,58.9
162.00,MISSION,92.14,38.92,10.09,-3.95,-0.09,0.07,-1.88,0.26,-0.0,0.7,1.000,14.65,19.3,824,58.8
162.50,MISSION,90.21,38.96,10.02,-4.06,-0.03,0.03,-1.69,0.16,-0.0,1.4,1.000,14.65,18.7,827,58.7
163.00,MISSION,88.10,38.90,10.14,-4.02,-0.04,-0.07,-1.77,0.18,-0.0,0.6,1.000,14.68,19.4,830,58.5
163.50,MISSION,86.12,38.69,10.07,-4.07,0.03,-0.06,-1.67,0.08,-0.0,-0.1,1.000,14.61,18.9,832,58.4
164.00,MISSION,84.18,38.86,10.04,-3.97,0.00,-0.01,-1.86,0.12,-0.0,-0.2,1.000,14.63,19.0,835,58.3
164.50,MISSION,81.93,38.92,10.11,-3.99,0.03,-0.03,-1.82,0.07,-0.1,-0.1,1.000,14.65,19.4,837,58.1
165.00,MISSION,80.03,38.83,9.82,-4.06,-0.05,0.01,-1.70,0.22,-0.0,-0.2,1.000,14.63,19.1,840,58.0
165.50,MISSION,78.05,38.90,10.15,-3.94,-0.07,-0.03,-1.91,0.25,-0.0,0.1,1.000,14.65,18.9,843,57.9
166.00,MISSION,76.13,38.82,10.09,-4.05,-0.02,-0.06,-1.71,0.17,-0.0,-0.4,1.000,14.61,19.2,845,57.7
166.50,MISSION,74.01,38.50,10.04,-3.92,-0.04,0.01,-1.93,0.26,-0.0,-0.6,1.000,14.66,19.3,848,57.6
167.00,MISSION,71.78,39.04,10.09,-4.01,0.02,0.10,-1.79,0.08,-0.0,0.0,1.000,14.60,18.8,851,57.5
167.50,MISSION,70.36,38.74,10.03,-3.96,-0.01,-0.05,-1.88,0.17,-0.0,0.6,1.000,14.62,19.0,853,57.3
168.00,MISSION,67.97,38.72,9.96,-3.97,0.03,-0.01,-1.86,0.11,-0.0,0.2,1.000,14.62,18.7,856,57.2
168.50,MISSION,65.94,38.76,9.90,-4.04,-0.03,0.02,-1.73,0.23,-0.0,-0.8,1.000,14.62,19.3,859,57.1
169.00,MISSION,64.15,38.80,10.02,-3.98,0.04,-0.07,-1.84,0.09,-0.0,-0.7,1.000,14.59,18.6,861,56.9
169.50,MISSION,61.76,38.72,10.00,-4.06,0.04,0.02,-1.70,0.11,-0.0,0.0,1.000,14.59,18.8,864,56.8
170.00,MISSION,59.93,38.82,10.02,-4.03,-0.08,0.02,-1.74,0.32,-0.0,-0.1,1.000,14.59,19.2,867,56.7
170.50,MISSION,58.01,38.56,10.04,-4.02,0.08,-0.05,-1.76,0.09,-0.0,-1.3,1.000,14.63,19.3,869,56.5
171.00,MISSION,55.72,39.13,10.06,-4.04,-0.01,-0.07,-1.73,0.17,-0.0,0.3,1.000,14.55,19.0,872,56.4
171.50,MISSION,53.99,38.87,9.97,-3.91,0.03,-0.02,-1.96,0.13,-0.0,0.2,1.000,14.58,19.1,875,56.3
172.00,MISSION,51.67,39.03,9.85,-3.97,-0.02,-0.14,-1.86,0.21,0.0,-1.3,1.000,14.52,19.1,877,56.1
172.50,MISSION,50.01,38.78,10.14,-3.98,0.03,-0.01,-1.83,0.17,0.0,-0.4,1.000,14.54,19.2,880,56.0
173.00,MISSION,47.76,38.70,10.21,-4.01,0.04,0.06,-1.78,0.17,0.0,0.6,1.000,14.57,19.1,883,55.9
173.50,MISSION,45.92,38.87,10.02,-3.98,-0.07,-0.05,-1.83,0.35,0.0,-0.3,1.000,14.55,19.3,885,55.7
174.00,MISSION,43.63,38.81,9.94,-4.03,0.03,-0.07,-1.74,0.19,0.0,-0.5,1.000,14.59,19.1,888,55.6
174.50,MISSION,41.66,38.91,9.96,-4.06,0.07,0.02,-1.69,0.11,0.0,0.1,1.000,14.59,19.4,891,55.5
175.00,MISSION,39.91,38.72,10.06,-4.10,0.06,-0.05,-1.62,0.18,0.0,-0.3,1.000,14.56,19.5,893,55.3
175.50,MISSION,38.16,38.64,10.02,-4.06,0.03,0.02,-1.68,0.27,0.1,0.2,1.000,14.54,19.3,896,55.2
176.00,MISSION,35.87,38.77,10.03,-4.00,0.03,0.07,-1.79,0.25,0.1,0.7,1.000,14.59,18.8,899,55.1
176.50,MISSION,33.88,38.81,10.00,-4.00,0.03,0.08,-1.80,0.27,0.1,-0.3,1.000,14.55,19.7,901,54.9
177.00,MISSION,31.81,38.90,10.12,-4.12,-0.04,0.01,-1.59,0.39,0.1,0.2,1.000,14.57,19.1,904,54.8
177.50,MISSION,29.86,39.05,10.18,-4.04,-0.00,-0.08,-1.72,0.29,0.1,0.0,1.000,14.55,19.3,907,54.7
178.00,MISSION,27.81,38.83,9.82,-3.99,0.11,-0.03,-1.82,0.17,0.1,0.6,1.000,14.52,19.4,909,54.5
178.50,MISSION,25.96,39.07,10.00,-4.04,0.11,-0.09,-1.73,0.12,0.0,0.2,1.000,14.50,19.3,912,54.4
179.00,MISSION,23.85,38.99,9.95,-4.04,0.13,-0.00,-1.72,0.14,0.0,-0.1,1.000,14.55,19.2,915,54.3
179.50,MISSION,21.67,38.91,10.13,-4.10,0.09,-0.04,-1.62,0.28,0.0,-0.3,1.000,14.55,19.0,917,54.1
180.00,MISSION,19.79,39.07,9.88,-4.04,0.08,0.07,-1.72,0.27,0.0,1.1,1.000,14.52,19.1,920,54.0
180.50,MISSION,18.00,39.09,10.03,-3.97,0.22,0.00,-1.84,0.06,0.1,-0.3,1.000,14.55,19.4,923,53.9
181.00,MISSION,15.51,39.31,10.02,-3.98,0.15,-0.08,-1.83,0.13,0.1,-0.0,1.000,14.55,19.3,925,53.7
181.50,MISSION,13.83,39.34,9.93,-4.07,-0.01,0.07,-1.66,0.45,0.0,-0.2,1.000,14.52,19.3,928,53.6
182.00,MISSION,11.83,39.27,9.98,-4.05,0.19,0.06,-1.70,0.22,-0.0,0.2,1.000,14.52,18.9,931,53.5
182.50,MISSION,9.77,39.66,10.00,-4.00,0.20,-0.01,-1.79,-0.04,0.0,0.4,1.000,14.55,19.3,933,53.3
183.00,MISSION,7.66,39.68,9.93,-4.05,0.20,-0.04,-1.71,0.02,0.0,-0.2,1.000,14.55,19.3,936,53.2
183.50,MISSION,5.80,39.56,10.13,-4.01,0.18,0.02,-1.76,0.35,0.0,-0.3,1.000,14.51,18.9,939,53.1
184.00,MISSION,3.68,39.65,10.05,-3.70,0.18,-0.05,0.70,0.25,0.0,0.0,1.000,14.55,18.8,941,52.9
184.50,MISSION,2.01,39.94,10.01,-2.53,0.08,-0.05,1.30,-0.05,0.1,1.3,1.000,14.54,18.6,944,52.8
185.00,MISSION,1.17,39.87,10.04,-1.47,0.08,-0.03,0.74,0.07,0.0,-0.3,1.000,14.52,19.3,947,52.7
185.50,MISSION,0.67,39.75,9.97,-0.69,-1.19,0.02,0.63,-3.95,0.0,0.1,1.000,14.48,21.0,949,52.5
186.00,MISSION,0.51,38.33,10.19,-0.22,-2.89,-0.10,0.28,-3.79,0.0,-0.2,1.000,14.46,21.1,952,52.4
186.50,MISSION,0.30,36.54,9.93,0.04,-3.97,-0.04,-0.15,-1.86,0.0,-0.8,1.000,14.47,19.3,955,52.2
187.00,MISSION,0.32,34.58,9.84,0.03,-4.20,0.07,-0.14,-1.44,0.0,0.6,1.000,14.51,19.3,958,52.1
187.50,MISSION,0.44,32.31,10.10,0.09,-4.27,0.06,-0.27,-1.32,0.0,0.6,1.000,14.46,19.0,960,52.0
188.00,MISSION,0.41,30.41,10.13,0.08,-4.25,0.01,-0.26,-1.34,-0.0,-0.2,1.000,14.49,19.2,963,51.8
188.50,MISSION,0.61,28.39,10.03,0.08,-4.32,0.02,-0.33,-1.21,-0.0,-1.2,1.000,14.50,19.0,966,51.7
189.00,MISSION,0.36,26.29,9.90,0.08,-4.35,-0.02,-0.27,-1.17,-0.0,-1.7,1.000,14.52,18.7,968,51.6
189.50,MISSION,0.52,23.97,10.05,0.14,-4.30,-0.02,-0.44,-1.26,-0.0,-0.2,1.000,14.49,19.3,971,51.4
190.00,MISSION,0.56,21.88,9.96,0.01,-4.28,0.04,-0.26,-1.30,-0.0,0.3,1.000,14.48,18.9,974,51.3
190.50,MISSION,0.73,20.19,10.02,0.07,-4.23,-0.07,-0.45,-1.38,-0.0,-1.0,1.000,14.46,19.0,976,51.2
191.00,MISSION,0.63,17.57,9.98,0.08,-4.17,0.05,-0.47,-1.48,-0.0,-0.2,1.000,14.52,19.2,979,51.0
191.50,MISSION,0.73,15.84,10.04,-0.05,-4.27,-0.01,-0.32,-1.31,0.0,0.8,1.000,14.47,19.4,982,50.9
192.00,MISSION,0.58,13.66,10.03,-0.01,-4.26,0.03,-0.37,-1.33,0.0,0.6,1.000,14.51,18.8,984,50.8
192.50,MISSION,0.59,11.21,10.06,-0.08,-4.31,0.02,-0.33,-1.23,0.0,-0.5,1.000,14.46,19.6,987,50.7
193.00,MISSION,0.55,9.11,10.00,-0.11,-4.28,-0.04,-0.34,-1.29,0.0,-0.6,1.000,14.46,19.4,990,50.5
193.50,MISSION,0.56,7.09,9.78,-0.16,-4.20,-0.06,-0.43,-1.41,-0.0,0.2,1.000,14.46,19.2,992,50.4
194.00,MISSION,0.48,4.76,9.93,-0.29,-4.22,-0.04,-0.26,-0.12,-0.0,0.5,1.000,14.51,19.1,995,50.3
194.50,MISSION,0.47,2.87,10.09,-0.07,-3.49,0.10,-0.62,1.63,-0.0,0.1,1.000,14.46,19.1,998,50.1
195.00,MISSION,0.26,1.61,10.03,-0.27,-2.30,-0.06,0.06,1.54,-0.0,0.4,1.000,14.44,18.7,1000,50.0
195.50,MISSION,0.42,0.73,9.87,0.67,-1.30,0.07,3.84,1.13,0.0,0.8,1.000,14.44,20.6,1003,49.8
196.00,MISSION,1.29,0.17,10.01,2.41,-0.63,0.09,3.89,0.94,0.0,-0.1,1.000,14.39,21.4,1006,49.7
196.50,MISSION,2.90,-0.11,10.11,3.93,-0.28,0.04,1.93,0.51,0.0,0.4,1.000,14.44,19.8,1009,49.6
197.00,MISSION,4.91,-0.31,9.99,4.31,-0.06,0.03,1.24,0.13,0.0,-0.6,1.000,14.46,19.8,1012,49.4
197.50,MISSION,6.96,-0.23,10.10,4.28,-0.09,0.03,1.29,0.17,0.0,-0.5,1.000,14.46,18.8,1014,49.3
198.00,MISSION,9.37,0.00,9.81,4.30,-0.08,-0.04,1.26,0.15,0.0,-0.7,1.000,14.43,19.2,1017,49.2
198.50,MISSION,11.35,-0.34,10.06,4.38,-0.15,-0.01,1.11,0.30,0.0,1.2,1.000,14.42,19.3,1020,49.0
199.00,MISSION,13.76,-0.42,10.07,4.24,-0.09,0.06,1.37,0.19,0.0,0.2,1.000,14.43,19.0,1022,48.9
199.50,MISSION,15.67,-0.39,10.04,4.34,-0.10,0.05,1.18,0.21,-0.0,0.0,1.000,14.45,19.0,1025,48.8
200.00,MISSION,17.98,-0.46,10.13,4.27,-0.07,-0.08,1.31,0.16,-0.0,0.1,1.000,14.40,18.8,1027,48.6
200.50,MISSION,20.17,-0.56,9.91,4.35,-0.02,-0.09,1.17,0.07,-0.0,-0.4,1.000,14.41,19.1,1030,48.5
201.00,MISSION,22.22,-0.60,9.92,4.36,-0.03,-0.05,1.15,0.09,-0.0,-0.3,1.000,14.43,19.1,1033,48.4
201.50,MISSION,24.36,-0.33,9.91,4.30,-0.11,-0.02,1.26,0.21,-0.0,0.4,1.000,14.42,19.0,1035,48.2
202.00,MISSION,26.43,-0.42,9.89,4.31,-0.14,0.00,1.25,0.28,0.0,0.0,1.000,14.41,19.3,1038,48.1
202.50,MISSION,28.81,-0.66,9.96,4.28,-0.02,0.00,1.30,0.08,0.1,0.1,1.000,14.42,18.9,1041,48.0
203.00,MISSION,30.85,-0.82,10.07,4.44,-0.02,-0.10,1.01,0.10,0.0,0.7,1.000,14.41,19.3,1043,47.8
203.50,MISSION,32.93,-0.75,9.92,4.38,0.00,-0.05,1.11,0.05,0.0,0.8,1.000,14.41,18.8,1046,47.7
204.00,MISSION,35.45,-0.65,10.05,4.39,-0.05,0.02,1.10,0.14,0.0,0.4,1.000,14.40,19.1,1049,47.6
204.50,MISSION,37.27,-0.88,10.16,4.40,-0.04,0.00,1.09,0.14,0.0,-0.2,1.000,14.38,19.2,1051,47.4
205.00,MISSION,39.99,-0.94,9.94,4.34,0.02,-0.02,1.18,0.04,0.0,-0.5,1.000,14.38,19.8,1054,47.3
205.50,MISSION,42.03,-0.81,9.91,4.41,-0.14,-0.01,1.06,0.33,0.0,0.2,1.000,14.41,19.4,1057,47.2
206.00,MISSION,44.05,-0.64,10.03,4.38,-0.02,0.01,1.12,0.10,0.0,-0.6,1.000,14.41,19.1,1059,47.0
206.50,MISSION,46.20,-1.08,10.01,4.37,-0.03,-0.02,1.14,0.15,0.1,-0.6,1.000,14.37,19.1,1062,46.9
207.00,MISSION,48.39,-0.81,9.75,4.34,0.03,0.03,1.19,0.01,0.1,-0.4,1.000,14.41,19.1,1065,46.8
207.50,MISSION,50.67,-0.69,9.97,4.33,-0.05,0.02,1.21,0.15,0.0,-0.6,1.000,14.35,19.0,1067,46.6
208.00,MISSION,52.57,-0.85,10.07,4.40,-0.07,0.04,1.07,0.21,-0.0,-0.7,1.000,14.39,19.4,1070,46.5
208.50,MISSION,54.89,-0.99,10.08,4.35,-0.06,0.02,1.16,0.20,0.0,0.0,1.000,14.33,18.9,1073,46.4
209.00,MISSION,57.23,-0.69,9.85,4.38,-0.07,0.01,1.11,0.19,0.0,-0.3,1.000,14.37,18.9,1075,46.2
209.50,MISSION,59.10,-0.97,10.04,4.30,-0.09,0.04,1.26,0.26,-0.0,-0.1,1.000,14.35,19.4,1078,46.1
210.00,MISSION,61.26,-0.84,10.13,4.28,-0.03,0.05,1.29,0.13,0.0,0.2,1.000,14.35,19.5,1081,46.0
210.50,MISSION,63.35,-1.07,10.14,4.36,0.01,-0.01,1.15,0.09,0.0,0.3,1.000,14.39,19.0,1083,45.8
211.00,MISSION,65.79,-1.04,10.04,4.34,-0.13,0.05,1.19,0.34,-0.0,0.0,1.000,14.38,19.4,1086,45.7
211.50,MISSION,67.62,-0.94,9.97,4.43,-0.05,0.01,1.02,0.19,-0.0,0.2,1.000,14.35,18.9,1089,45.6
212.00,MISSION,70.08,-0.90,10.07,4.35,-0.08,0.04,1.17,0.25,-0.0,-0.3,1.000,14.35,19.5,1091,45.4
212.50,MISSION,72.04,-0.87,9.87,4.33,0.02,0.02,1.21,0.06,-0.0,-0.4,1.000,14.37,19.0,1094,45.3
213.00,MISSION,74.26,-0.97,10.07,4.41,0.06,0.01,1.07,0.00,0.0,0.5,1.000,14.34,19.3,1097,45.2
213.50,MISSION,76.73,-0.89,10.20,4.37,0.06,-0.03,1.14,-0.01,-0.0,0.3,1.000,14.34,19.4,1099,45.0
214.00,MISSION,78.69,-1.01,10.05,4.33,0.12,-0.08,1.20,-0.09,-0.0,-0.9,1.000,14.35,18.7,1102,44.9
214.50,MISSION,80.73,-1.07,10.10,4.34,-0.04,0.05,1.19,0.20,-0.0,-0.3,1.000,14.36,19.1,1105,44.8
215.00,MISSION,83.15,-0.71,9.95,4.41,-0.00,-0.02,1.06,0.10,-0.0,-0.9,1.000,14.36,19.3,1107,44.6
215.50,MISSION,85.26,-1.03,9.86,4.37,0.04,-0.02,1.13,0.07,-0.0,0.7,1.000,14.34,19.3,1110,44.5
216.00,MISSION,87.39,-0.94,9.87,4.39,-0.05,-0.01,1.09,0.22,-0.0,-0.4,1.000,14.32,19.0,1113,44.4
216.50,MISSION,89.79,-1.10,9.96,4.35,-0.09,0.00,1.17,0.32,-0.0,0.8,1.000,14.34,19.3,1115,44.2
217.00,MISSION,91.69,-0.84,10.03,4.39,0.04,0.00,1.09,0.06,-0.0,-1.2,1.000,14.33,19.6,1118,44.1
217.50,MISSION,93.85,-1.16,10.03,4.39,0.05,0.02,1.10,0.10,-0.0,0.2,1.000,14.33,19.0,1121,44.0
218.00,MISSION,95.91,-0.96,9.97,4.37,-0.02,-0.12,1.14,0.20,0.0,-0.0,1.000,14.30,19.1,1123,43.8
218.50,MISSION,98.19,-1.10,9.85,4.27,-0.06,-0.01,1.31,0.30,-0.0,0.5,1.000,14.31,19.2,1126,43.7
219.00,MISSION,100.54,-1.00,9.98,4.35,0.05,0.02,1.17,0.09,-0.0,0.2,1.000,14.30,19.4,1129,43.6
219.50,MISSION,102.69,-1.00,10.04,4.36,-0.08,-0.08,1.16,0.33,-0.0,-1.1,1.000,14.30,19.4,1131,43.4
220.00,MISSION,104.80,-0.92,9.96,4.36,0.06,0.08,1.16,0.07,-0.0,0.2,1.000,14.28,19.6,1134,43.3
220.50,MISSION,107.08,-0.83,10.06,4.39,0.06,0.01,1.09,0.07,0.0,0.4,1.000,14.27,19.9,1137,43.2
221.00,MISSION,109.46,-1.03,10.04,4.42,0.08,0.05,1.04,0.08,0.0,-0.3,1.000,14.29,19.7,1140,43.0
221.50,MISSION,111.71,-1.11,10.13,4.35,0.03,0.10,1.17,0.20,0.0,-0.4,1.000,14.29,19.4,1142,42.9
222.00,MISSION,113.51,-1.31,9.94,4.34,0.04,-0.02,1.18,0.25,0.0,-0.6,1.000,14.28,19.4,1145,42.8
222.50,MISSION,115.55,-1.10,10.17,4.26,0.07,0.00,1.32,0.17,0.0,0.7,1.000,14.33,19.5,1148,42.6
223.00,MISSION,118.14,-1.13,9.73,4.30,0.08,-0.02,1.25,0.17,0.0,0.9,1.000,14.31,19.3,1150,42.5
223.50,MISSION,119.89,-0.76,10.11,4.37,0.02,0.01,1.13,0.19,0.0,1.1,1.000,14.30,19.3,1153,42.4
224.00,MISSION,122.21,-0.99,9.98,4.34,-0.04,0.04,1.17,0.39,0.0,-0.1,1.000,14.30,19.2,1156,42.2
224.50,MISSION,124.46,-1.00,10.08,4.29,0.09,0.06,1.26,0.19,-0.0,-0.2,1.000,14.29,19.3,1158,42.1
225.00,MISSION,126.78,-0.94,10.06,4.34,0.15,-0.00,1.17,0.10,0.0,0.2,1.000,14.28,19.0,1161,42.0
225.50,MISSION,128.60,-0.94,9.93,4.33,0.05,-0.06,1.20,0.31,0.0,0.1,1.000,14.27,19.8,1164,41.8
226.00,MISSION,130.96,-1.06,10.03,4.40,0.05,0.09,1.07,0.41,-0.0,0.6,1.000,14.30,19.3,1166,41.7
226.50,MISSION,133.05,-0.56,10.04,4.31,0.11,0.01,1.23,0.09,-0.0,-0.2,1.000,14.27,19.4,1169,41.5
227.00,MISSION,135.10,-0.69,9.98,4.25,0.13,-0.02,1.34,0.18,-0.0,0.4,1.000,14.25,19.3,1172,41.4
227.50,MISSION,137.37,-0.73,10.04,4.31,0.09,-0.02,1.22,0.37,-0.0,-0.5,1.000,14.26,19.2,1174,41.3
228.00,MISSION,139.76,-0.58,9.97,4.44,0.16,0.02,1.00,0.22,-0.0,-0.6,1.000,14.27,19.0,1177,41.1
228.50,MISSION,141.91,-0.67,10.12,4.37,0.25,-0.07,1.10,0.29,-0.0,0.9,1.000,14.28,19.3,1180,41.0
229.00,MISSION,143.88,-0.37,10.02,4.35,0.23,-0.02,1.15,0.14,-0.0,0.4,1.000,14.25,19.5,1182,40.9
229.50,MISSION,146.02,-0.39,10.18,4.06,0.36,0.01,-0.85,-0.02,-0.0,-0.4,1.000,14.21,19.1,1185,40.7
230.00,MISSION,148.00,-0.26,9.90,3.06,0.09,-0.00,-2.27,0.26,-0.0,-1.0,1.000,14.28,19.5,1188,40.6
230.50,MISSION,149.11,-0.14,9.85,1.72,0.07,0.04,-1.24,3.80,-0.0,0.4,1.000,14.23,20.2,1191,40.5
231.00,MISSION,149.61,0.34,9.97,1.08,1.54,0.01,-1.14,3.83,-0.0,0.1,1.000,14.21,21.9,1193,40.3
231.50,MISSION,150.19,1.22,10.06,0.44,2.98,-0.03,-0.84,3.64,0.0,0.7,1.000,14.17,21.5,1196,40.2
232.00,MISSION,150.01,3.25,9.97,0.13,3.92,0.06,-0.24,1.94,0.0,0.3,1.000,14.23,20.0,1199,40.0
232.50,MISSION,150.49,4.95,10.01,0.12,4.12,-0.01,-0.34,1.58,0.1,0.4,1.000,14.23,19.6,1202,39.9
233.00,MISSION,150.54,7.06,9.92,0.19,4.07,-0.05,-0.50,1.68,0.0,0.6,1.000,14.23,19.4,1205,39.8
233.50,MISSION,150.53,9.39,9.89,0.11,4.03,-0.01,-0.36,1.75,0.0,0.6,1.000,14.19,19.7,1208,39.6
234.00,MISSION,150.55,11.01,10.00,0.09,4.10,-0.10,-0.33,1.62,0.1,0.4,1.000,14.21,19.1,1210,39.5
234.50,MISSION,150.72,13.38,9.94,0.07,4.12,-0.10,-0.38,1.58,0.0,0.1,1.000,14.23,19.7,1213,39.4
235.00,MISSION,150.64,15.36,9.88,0.08,4.14,-0.04,-0.37,1.54,0.1,0.2,1.000,14.17,19.8,1216,39.2
235.50,MISSION,150.87,17.41,10.00,0.04,4.08,0.03,-0.42,1.65,0.0,-0.4,1.000,14.15,20.2,1218,39.1
236.00,MISSION,150.78,19.78,9.95,0.05,4.01,0.01,-0.44,1.77,0.0,-0.5,1.000,14.15,19.9,1221,38.9
236.50,MISSION,150.51,21.42,10.08,-0.02,4.06,0.00,-0.21,1.69,-0.0,-0.4,1.000,14.14,19.8,1224,38.8
237.00,MISSION,150.68,23.59,9.94,-0.01,4.05,0.03,-0.35,1.70,-0.0,0.5,1.000,14.11,19.8,1227,38.7
237.50,MISSION,150.60,25.82,10.09,-0.06,4.21,-0.05,-0.28,1.41,-0.0,0.4,1.000,14.14,19.4,1229,38.5
238.00,MISSION,150.66,27.65,10.02,-0.02,4.20,-0.05,-0.45,1.43,-0.0,-0.8,1.000,14.11,19.7,1232,38.4
238.50,MISSION,150.78,29.74,10.11,-0.08,4.10,-0.04,-0.54,1.60,-0.0,0.7,1.000,14.12,19.7,1235,38.3
239.00,MISSION,150.56,31.86,9.96,-0.09,4.11,0.04,-0.45,1.57,0.0,0.4,1.000,14.05,19.8,1238,38.1
239.50,MISSION,150.67,33.57,10.01,-0.14,4.12,-0.01,-0.68,1.54,0.0,0.8,1.000,14.05,19.5,1240,38.0
240.00,MISSION,150.24,35.87,10.01,-0.12,3.86,-0.04,-0.17,-0.27,0.0,0.7,1.000,14.13,19.6,1243,37.8
240.50,MISSION,150.28,37.48,10.18,-0.14,2.93,-0.02,-0.21,-1.19,0.0,1.0,1.000,14.09,19.4,1246,37.7
241.00,MISSION,150.48,38.80,9.90,-0.15,1.78,-0.05,-0.51,-1.27,0.0,0.3,1.000,14.06,19.6,1249,37.6
241.50,MISSION,150.35,39.21,9.89,-1.10,0.81,0.05,-3.92,-0.79,0.1,-0.5,1.000,14.01,21.4,1251,37.4
242.00,MISSION,149.25,39.61,9.93,-2.48,0.22,-0.01,-3.99,-0.32,0.1,0.8,1.000,13.95,21.5,1254,37.3
242.50,MISSION,147.43,39.81,10.03,-3.57,-0.08,-0.01,-2.58,0.16,0.0,-0.4,1.000,13.99,20.8,1257,37.1
243.00,MISSION,145.85,39.73,9.80,-3.98,-0.07,0.07,-1.83,0.15,0.0,0.4,1.000,13.98,20.4,1260,37.0
243.50,MISSION,143.90,39.65,10.15,-4.06,-0.02,-0.03,-1.70,0.06,-0.0,-0.5,1.000,14.05,20.0,1263,36.8
244.00,MISSION,141.64,39.72,10.09,-4.05,-0.04,-0.08,-1.71,0.10,-0.0,0.1,1.000,13.99,19.9,1266,36.7
244.50,MISSION,139.76,39.70,10.10,-4.05,0.11,0.08,-1.72,-0.18,0.0,-0.4,1.000,13.97,20.0,1269,36.6
245.00,MISSION,137.69,39.89,10.02,-4.06,-0.08,0.00,-1.70,0.16,0.0,-0.1,1.000,14.01,19.7,1271,36.4
245.50,MISSION,135.68,39.73,10.13,-4.00,-0.05,0.01,-1.81,0.11,-0.0,0.1,1.000,13.95,20.1,1274,36.3
246.00,MISSION,133.68,39.35,9.87,-4.06,-0.15,0.01,-1.69,0.32,-0.1,-0.8,1.000,13.96,20.2,1277,36.2
246.50,MISSION,131.64,39.48,10.24,-3.97,0.05,-0.07,-1.85,-0.06,-0.0,-1.0,1.000,13.94,20.2,1280,36.0
247.00,MISSION,129.55,39.34,9.89,-4.00,-0.08,0.02,-1.81,0.19,-0.0,-0.2,1.000,13.96,19.8,1282,35.9
247.50,MISSION,127.75,39.37,9.99,-4.02,-0.12,-0.03,-1.76,0.25,0.0,-0.1,1.000,13.92,20.1,1285,35.7
248.00,MISSION,125.70,39.40,9.95,-4.06,-0.04,0.04,-1.69,0.11,-0.1,-0.8,1.000,13.94,20.4,1288,35.6
248.50,MISSION,123.47,39.20,9.89,-4.06,-0.01,0.09,-1.70,0.08,-0.0,0.3,1.000,13.84,19.8,1291,35.5
249.00,MISSION,121.66,39.40,10.10,-4.02,0.01,0.01,-1.76,0.03,-0.1,1.2,1.000,13.88,20.1,1294,35.3
249.50,MISSION,119.47,39.27,10.20,-4.06,-0.05,0.14,-1.70,0.15,-0.1,0.2,1.000,13.90,20.1,1296,35.2
250.00,MISSION,117.52,39.39,10.00,-3.90,-0.10,0.03,-1.98,0.22,-0.1,-0.7,1.000,13.87,20.0,1299,35.0
250.50,MISSION,115.55,39.42,10.01,-4.08,-0.12,0.00,-1.66,0.25,-0.1,0.7,1.000,13.89,20.0,1302,34.9
251.00,MISSION,113.50,39.37,9.98,-4.03,-0.13,0.08,-1.74,0.28,-0.0,0.7,1.000,13.85,20.1,1305,34.8
251.50,MISSION,111.71,39.16,9.84,-4.04,-0.00,0.01,-1.74,0.07,-0.0,-0.2,1.000,13.86,20.3,1308,34.6
252.00,MISSION,109.51,39.33,10.03,-4.05,-0.06,0.01,-1.71,0.16,-0.0,-0.1,1.000,13.85,20.2,1310,34.5
252.50,MISSION,107.82,39.45,10.04,-4.03,-0.02,-0.03,-1.74,0.08,-0.0,-0.4,1.000,13.82,20.0,1313,34.3
253.00,MISSION,105.76,39.26,10.01,-4.00,-0.12,-0.01,-1.80,0.27,-0.0,0.6,1.000,13.81,20.1,1316,34.2
253.50,MISSION,103.34,39.32,9.93,-4.10,-0.07,0.02,-1.62,0.19,-0.0,-0.0,1.000,13.80,20.3,1319,34.1
254.00,MISSION,101.04,39.01,9.90,-4.08,-0.07,-0.04,-1.66,0.20,-0.0,0.0,1.000,13.80,20.3,1322,33.9
254.50,MISSION,99.15,39.32,9.82,-4.00,0.04,-0.02,-1.80,-0.01,-0.0,-0.6,1.000,13.81,20.3,1324,33.8
255.00,MISSION,97.35,39.06,9.89,-3.96,-0.07,0.02,-1.86,0.21,0.0,-0.5,1.000,13.80,20.5,1327,33.6
255.50,MISSION,95.52,39.00,9.96,-4.00,-0.06,0.02,-1.80,0.20,-0.0,-0.0,1.000,13.74,20.4,1330,33.5
256.00,MISSION,93.51,39.19,9.82,-4.11,0.01,-0.01,-1.61,0.06,0.0,1.0,1.000,13.77,20.0,1333,33.4
256.50,MISSION,91.08,38.85,9.84,-4.11,-0.03,0.07,-1.60,0.17,0.0,-0.2,1.000,13.74,20.6,1336,33.2
257.00,MISSION,89.14,39.03,9.97,-4.01,0.00,-0.05,-1.77,0.10,-0.0,0.1,1.000,13.75,20.3,1339,33.1
257.50,MISSION,87.48,39.14,10.03,-4.04,0.03,-0.04,-1.73,0.04,-0.0,-0.6,1.000,13.70,20.4,1341,32.9
258.00,MISSION,85.35,38.66,10.05,-4.12,-0.04,-0.02,-1.58,0.22,0.0,0.7,1.000,13.72,20.5,1344,32.8
258.50,MISSION,83.44,38.83,9.94,-3.99,-0.10,0.02,-1.81,0.30,-0.0,-0.7,1.000,13.67,20.5,1347,32.6
259.00,MISSION,81.44,38.97,9.76,-4.03,0.02,0.04,-1.75,0.08,-0.0,0.3,1.000,13.71,20.5,1350,32.5
259.50,MISSION,79.33,39.09,10.13,-3.98,-0.21,0.04,-1.84,0.49,0.0,0.7,1.000,13.66,20.5,1353,32.4
260.00,MISSION,77.33,39.10,10.02,-4.01,-0.04,0.02,-1.78,0.18,-0.0,-0.4,1.000,13.64,20.5,1356,32.2
260.50,MISSION,75.43,38.96,10.13,-3.96,-0.04,0.03,-1.87,0.20,-0.0,0.2,1.000,13.65,20.2,1358,32.1
261.00,MISSION,73.23,38.97,9.96,-3.92,0.00,0.00,-1.94,0.12,0.0,0.0,1.000,13.60,20.7,1361,31.9
261.50,MISSION,71.48,38.95,9.97,-4.04,-0.10,0.00,-1.72,0.31,0.0,0.3,1.000,13.58,20.0,1364,31.8
262.00,MISSION,69.10,38.88,9.99,-4.11,-0.03,-0.02,-1.61,0.20,0.0,-0.5,1.000,13.59,20.4,1367,31.7
262.50,MISSION,67.42,39.00,10.14,-3.90,0.00,0.00,-1.97,0.13,0.0,-1.0,1.000,13.54,20.9,1370,31.5
263.00,MISSION,65.46,38.84,9.89,-4.04,0.01,0.05,-1.73,0.15,-0.0,-0.1,1.000,13.53,20.9,1373,31.4
263.50,MISSION,63.21,38.87,9.96,-4.00,0.06,-0.03,-1.79,0.06,-0.0,0.8,1.000,13.49,20.8,1376,31.2
264.00,MISSION,61.33,38.97,9.78,-4.08,0.01,0.07,-1.65,0.13,-0.0,-0.6,1.000,13.51,20.8,1378,31.1
264.50,MISSION,59.37,38.66,10.27,-4.12,-0.00,0.18,-1.58,0.21,-0.1,0.9,1.000,13.48,20.8,1381,30.9
265.00,MISSION,57.31,39.00,10.05,-4.10,-0.11,-0.01,-1.62,0.35,-0.0,0.3,1.000,13.43,20.9,1384,30.8
265.50,MISSION,55.16,38.98,10.16,-4.03,-0.01,-0.04,-1.75,0.19,-0.0,0.4,1.000,13.46,20.5,1387,30.6
266.00,MISSION,53.05,38.93,9.83,-4.03,-0.06,0.02,-1.75,0.29,-0.0,0.8,1.000,13.43,20.8,1390,30.5
266.50,MISSION,50.98,38.77,10.05,-4.00,-0.05,-0.04,-1.80,0.30,-0.0,0.5,1.000,13.38,20.9,1393,30.4
267.00,MISSION,49.19,38.81,10.02,-4.03,-0.02,0.08,-1.74,0.25,-0.0,0.1,1.000,13.36,20.5,1396,30.2
267.50,MISSION,47.31,38.90,9.95,-4.03,0.05,-0.05,-1.75,0.12,-0.0,0.5,1.000,13.33,20.8,1399,30.1
268.00,RTL,45.22,39.16,9.90,-3.29,0.10,0.46,4.00,-0.02,0.0,-0.6,1.000,13.06,30.1,1402,29.9
268.50,RTL,43.98,38.92,10.56,-0.81,0.15,1.42,3.99,0.20,0.0,-0.3,1.000,13.12,28.0,1406,29.7
269.00,RTL,44.33,39.19,11.42,1.08,0.18,1.62,1.41,-0.23,0.0,-1.1,1.000,13.20,23.9,1410,29.5
269.50,RTL,45.28,39.23,12.12,1.52,0.11,1.64,-0.92,-0.17,0.0,0.2,1.000,13.18,22.3,1413,29.4
270.00,RTL,46.04,39.01,12.93,1.10,0.07,1.69,-1.39,0.26,0.0,-1.1,1.000,13.24,22.1,1416,29.2
270.50,RTL,46.14,39.11,13.77,0.61,0.01,1.34,-0.69,0.21,-0.0,-0.1,1.000,13.27,19.7,1419,29.1
271.00,RTL,46.45,38.93,14.35,0.32,0.05,0.85,-0.67,0.42,0.0,0.5,1.000,13.26,19.2,1422,28.9
271.50,RTL,46.51,39.15,14.69,-0.58,-0.70,0.52,-3.16,-2.45,0.0,0.2,1.000,13.17,21.4,1424,28.8
272.00,RTL,45.74,38.61,14.86,-1.77,-1.78,0.28,-3.27,-2.30,-0.0,0.8,1.000,13.11,22.0,1428,28.6
272.50,RTL,44.90,37.09,15.11,-2.69,-2.59,0.10,-2.10,-1.06,0.0,0.7,1.000,13.08,21.4,1431,28.5
273.00,RTL,43.22,35.88,15.00,-2.99,-2.74,-0.02,-1.55,-0.82,-0.0,0.9,1.000,13.09,21.1,1434,28.3
273.50,RTL,41.42,34.46,14.90,-3.05,-2.72,0.02,-1.43,-0.85,0.0,0.7,1.000,13.10,21.0,1436,28.2
274.00,RTL,40.04,33.12,15.15,-3.10,-2.78,-0.05,-1.37,-0.73,0.0,0.3,1.000,13.07,21.1,1439,28.0
274.50,RTL,38.64,31.92,15.15,-3.15,-2.75,0.03,-1.27,-0.78,-0.0,0.5,1.000,13.04,21.0,1442,27.9
275.00,RTL,37.22,30.47,14.96,-3.15,-2.70,-0.04,-1.31,-0.84,-0.0,0.4,1.000,13.01,21.4,1445,27.7
275.50,RTL,35.39,29.09,15.10,-3.00,-2.75,0.01,-1.56,-0.75,0.0,-0.9,1.000,12.98,21.5,1448,27.6
276.00,RTL,34.15,27.66,15.22,-3.03,-2.84,0.08,-1.55,-0.54,0.1,0.8,1.000,12.96,21.8,1451,27.4
276.50,RTL,32.65,26.23,14.98,-2.99,-2.69,0.03,-1.65,-0.78,0.0,0.6,1.000,12.96,21.5,1454,27.3
277.00,RTL,30.85,25.10,14.84,-3.13,-2.67,-0.02,-1.36,-0.87,0.0,0.3,1.000,12.92,21.5,1457,27.1
277.50,RTL,29.45,23.92,15.10,-3.07,-2.65,-0.06,-1.47,-0.90,-0.0,0.4,1.000,12.94,21.5,1460,27.0
278.00,RTL,28.18,22.27,15.01,-3.07,-2.69,-0.02,-1.54,-0.73,-0.0,-0.3,1.000,12.89,21.9,1463,26.8
278.50,RTL,26.20,21.19,14.96,-3.13,-2.66,0.04,-1.36,-0.87,0.0,1.3,1.000,12.87,21.6,1466,26.7
279.00,RTL,24.69,19.83,15.00,-3.21,-2.66,-0.06,-1.24,-0.83,0.0,-0.5,1.000,12.86,21.4,1469,26.5
279.50,RTL,23.22,18.16,14.76,-2.94,-2.63,-0.78,-1.81,-0.79,0.0,-0.1,1.000,13.07,13.2,1472,26.4
280.00,RTL,21.97,16.98,13.98,-2.82,-2.48,-1.93,-2.05,-1.03,0.0,-0.6,1.000,13.04,12.5,1473,26.3
280.50,RTL,20.36,15.88,13.20,-2.65,-2.26,-2.98,-2.33,-1.46,0.0,-0.8,1.000,13.03,12.5,1475,26.2
281.00,RTL,19.15,14.81,11.06,-2.47,-2.29,-3.98,-2.68,-1.37,0.0,-0.1,1.000,13.02,12.8,1477,26.2
281.50,RTL,17.98,13.49,8.81,-2.28,-2.21,-4.63,-3.10,-1.41,-0.0,-0.3,1.000,13.05,12.2,1479,26.1
282.00,RTL,17.15,12.44,6.36,-2.24,-2.12,-5.23,-3.27,-1.45,-0.0,-0.1,1.000,13.01,12.9,1480,26.0
282.50,RTL,15.80,11.39,3.69,-2.10,-2.04,-5.79,-3.53,-1.58,-0.0,-0.3,1.000,12.99,12.4,1482,25.9
283.00,RTL,14.94,10.80,0.78,-1.97,-2.05,-6.26,-3.69,-1.54,-0.1,-0.1,1.000,13.03,12.7,1484,25.8
# event 0.00 DISARMED -> TAKEOFF (armed)
# event 6.34 TAKEOFF -> MISSION (take-off altitude reached)
# event 41.55 waypoint 1 reached
# event 52.31 waypoint 2 reached
# event 90.61 waypoint 3 reached
# event 100.83 waypoint 4 reached
# event 136.08 waypoint 5 reached
# event 146.74 waypoint 6 reached
# event 185.01 waypoint 7 reached
# event 195.14 waypoint 8 reached
# event 230.42 waypoint 9 reached
# event 241.06 waypoint 10 reached
# event 267.73 MISSION -> RTL (failsafe: battery low)
# log ends: impact at 283.12 s
