t_s,odo_speed_mps,range_m,truth_m
0.1,-0.043,0.663,0.550
0.2,0.180,0.615,0.600
0.3,0.232,0.652,0.650
0.4,0.270,0.591,0.700
0.5,0.609,0.813,0.750
0.6,0.637,0.790,0.800
0.7,0.282,0.948,0.850
0.8,0.720,0.730,0.900
0.9,0.378,0.923,0.950
1.0,0.473,0.900,1.000
1.1,0.660,1.049,1.050
1.2,0.573,1.158,1.100
1.3,0.753,1.197,1.150
1.4,0.054,1.220,1.200
1.5,0.563,1.212,1.250
1.6,0.504,1.219,1.300
1.7,0.478,1.466,1.350
1.8,0.660,1.374,1.400
1.9,0.430,1.546,1.450
2.0,0.562,1.459,1.500
2.1,0.441,1.660,1.550
2.2,0.398,1.655,1.600
2.3,0.523,1.721,1.650
2.4,0.509,1.605,1.700
2.5,0.376,1.697,1.750
2.6,0.493,1.731,1.800
2.7,0.473,1.812,1.850
2.8,0.502,1.950,1.900
2.9,0.499,2.021,1.950
3.0,0.509,1.980,2.000
3.1,0.506,2.029,2.050
3.2,0.434,2.165,2.100
3.3,0.457,2.187,2.150
3.4,0.447,2.269,2.200
3.5,0.421,2.138,2.250
3.6,0.388,2.337,2.300
3.7,0.560,2.344,2.350
3.8,0.375,2.269,2.400
3.9,0.635,2.451,2.450
4.0,0.290,2.423,2.500
4.1,1.051,2.438,2.550
4.2,0.477,2.580,2.600
4.3,0.184,2.679,2.650
4.4,0.516,2.710,2.700
4.5,0.733,2.564,2.750
4.6,0.434,2.726,2.800
4.7,0.345,2.864,2.850
4.8,0.336,2.850,2.900
4.9,0.596,3.000,2.950
5.0,0.507,2.936,3.000
5.1,-0.167,2.813,3.000
5.2,0.101,2.970,3.000
5.3,0.087,3.015,3.000
5.4,0.034,2.996,3.000
5.5,0.049,3.114,3.000
5.6,-0.298,3.090,3.000
5.7,0.319,2.902,3.000
5.8,-0.012,2.950,3.000
5.9,-0.124,3.101,3.000
6.0,0.254,3.014,3.000
6.1,0.175,2.969,3.000
6.2,-0.302,2.935,3.000
6.3,-0.021,2.998,3.000
6.4,-0.058,3.055,3.000
6.5,0.151,2.964,3.000
6.6,0.143,3.065,3.000
6.7,-0.151,2.964,3.000
6.8,0.023,2.882,3.000
6.9,-0.005,3.084,3.000
7.0,-0.156,3.097,3.000
7.1,-0.054,2.897,3.000
7.2,0.363,2.963,3.000
7.3,-0.040,3.087,3.000
7.4,-0.259,2.956,3.000
7.5,0.101,2.900,3.000
7.6,0.010,3.091,3.000
7.7,-0.339,3.044,3.000
7.8,-0.098,2.873,3.000
7.9,0.033,3.004,3.000
8.0,0.071,2.955,3.000
8.1,-0.307,2.919,2.970
8.2,-0.572,2.922,2.940
8.3,-0.156,2.911,2.910
8.4,-0.399,2.832,2.880
8.5,-0.286,2.959,2.850
8.6,-0.522,2.824,2.820
8.7,-0.311,2.963,2.790
8.8,-0.343,2.953,2.760
8.9,-0.330,2.841,2.730
9.0,-0.566,2.714,2.700
9.1,-0.050,2.530,2.670
9.2,-0.634,2.715,2.640
9.3,-0.377,2.578,2.610
9.4,-0.138,2.569,2.580
9.5,-0.248,2.605,2.550
9.6,-0.137,2.618,2.520
9.7,-0.229,2.393,2.490
9.8,-0.573,2.479,2.460
9.9,-0.334,2.553,2.430
10.0,-0.083,2.498,2.400
10.1,-0.696,2.510,2.370
10.2,-0.160,2.348,2.340
10.3,-0.306,2.487,2.310
10.4,-0.003,2.370,2.280
10.5,0.028,2.228,2.250
10.6,-0.289,2.056,2.220
10.7,-0.690,2.177,2.190
10.8,-0.387,2.140,2.160
10.9,0.080,1.956,2.130
11.0,-0.061,2.094,2.100
11.1,-0.116,1.938,2.070
11.2,-0.125,2.019,2.040
11.3,-0.256,1.962,2.010
11.4,0.038,1.914,1.980
11.5,-0.220,2.089,1.950
11.6,0.022,2.075,1.920
11.7,-0.607,1.917,1.890
11.8,-0.380,1.910,1.860
11.9,-0.352,1.890,1.830
12.0,-0.399,1.793,1.800
12.1,-0.372,1.901,1.770
12.2,-0.411,1.730,1.740
12.3,-0.407,1.506,1.710
12.4,-0.391,1.673,1.680
12.5,-0.134,1.703,1.650
12.6,-0.631,1.640,1.620
12.7,-0.358,1.554,1.590
12.8,-0.456,1.644,1.560
12.9,-0.385,1.568,1.530
13.0,-0.600,1.496,1.500
13.1,-0.327,1.545,1.470
13.2,-0.483,1.468,1.440
13.3,-0.463,1.436,1.410
13.4,-0.095,1.358,1.380
13.5,-0.226,1.373,1.350
13.6,-0.205,1.410,1.320
13.7,0.007,1.183,1.290
13.8,-0.281,1.268,1.260
13.9,-0.262,1.274,1.230
14.0,-0.183,1.217,1.200
14.1,0.113,1.250,1.220
14.2,0.148,1.131,1.240
14.3,0.188,1.179,1.260
14.4,0.182,1.159,1.280
14.5,0.582,1.292,1.300
14.6,0.326,1.326,1.320
14.7,-0.184,1.357,1.340
14.8,0.106,1.457,1.360
14.9,0.358,1.341,1.380
15.0,0.114,1.445,1.400
15.1,-0.018,1.370,1.420
15.2,0.194,1.303,1.440
15.3,0.350,1.521,1.460
15.4,0.556,1.497,1.480
15.5,0.293,1.564,1.500
15.6,-0.062,1.564,1.520
15.7,0.195,1.476,1.540
15.8,0.159,1.531,1.560
15.9,0.177,1.608,1.580
16.0,0.060,1.534,1.600
16.1,0.231,1.788,1.620
16.2,0.270,1.554,1.640
16.3,0.457,1.644,1.660
16.4,0.124,1.565,1.680
16.5,0.219,1.763,1.700
16.6,0.029,1.788,1.720
16.7,0.217,1.727,1.740
16.8,0.309,1.719,1.760
16.9,0.078,1.744,1.780
17.0,0.207,1.727,1.800
17.1,0.446,1.981,1.820
17.2,0.163,1.780,1.840
17.3,0.269,1.845,1.860
17.4,0.255,1.787,1.880
17.5,0.250,1.797,1.900
17.6,0.251,1.868,1.920
17.7,0.306,2.100,1.940
17.8,0.095,2.001,1.960
17.9,0.253,1.862,1.980
18.0,0.561,2.050,2.000
18.1,0.565,1.948,2.020
18.2,0.013,1.955,2.040
18.3,0.086,1.936,2.060
18.4,0.241,2.093,2.080
18.5,0.295,2.202,2.100
18.6,0.269,2.078,2.120
18.7,0.598,2.154,2.140
18.8,0.023,2.130,2.160
18.9,-0.232,2.205,2.180
19.0,0.145,2.082,2.200
19.1,0.145,2.111,2.220
19.2,0.646,2.076,2.240
19.3,0.138,2.258,2.260
19.4,0.280,2.226,2.280
19.5,0.376,2.377,2.300
19.6,0.365,2.430,2.320
19.7,-0.112,2.312,2.340
19.8,-0.081,2.403,2.360
19.9,0.174,2.375,2.380
20.0,0.139,2.304,2.400
